dataset,biomarker,basis,obs_source,n_obs,n_test,var_e,s2_ref,var_d,lambda_mom,lambda_mom_lo,lambda_mom_hi,lambda_raw,lambda_raw_lo,lambda_raw_hi,floored,note,source
drive,density_skan,own,drive,20,20,0.8908799795058192,0.5518227416199813,1.1036454832399627,0.6144314329823929,0.05,3.272744563738129,0.8072157164911964,0.3613763731118101,2.1363722818690642,False,own inter-observer data,"results/fig4c_observer.csv (obs1/obs2 skan biomarkers: DRIVE 20 test, CHASE_DB1 28) and results/pivot/bio_master.csv (test pairs); sigma_b = results/gateA_biomarker_scales_train.csv; 2000-draw bootstrap of observer and test images"
drive,density_skan,extrapolated,chasedb1,28,20,0.8908799795058192,3.5498516752285276,7.099703350457055,0.05,0.05,0.05,0.12548129626408508,0.05823532991500885,0.2258698190281612,True,s2_ref transported from chasedb1 in sigma_b units; no confirmatory weight,"results/fig4c_observer.csv (obs1/obs2 skan biomarkers: DRIVE 20 test, CHASE_DB1 28) and results/pivot/bio_master.csv (test pairs); sigma_b = results/gateA_biomarker_scales_train.csv; 2000-draw bootstrap of observer and test images"
drive,total_length_skan,own,drive,20,20,0.5244606985877778,0.41293842302711564,0.8258768460542313,0.2700699894747722,0.05,2.33027451355524,0.6350349947373861,0.26294437340258614,1.66513725677762,False,own inter-observer data,"results/fig4c_observer.csv (obs1/obs2 skan biomarkers: DRIVE 20 test, CHASE_DB1 28) and results/pivot/bio_master.csv (test pairs); sigma_b = results/gateA_biomarker_scales_train.csv; 2000-draw bootstrap of observer and test images"
drive,total_length_skan,extrapolated,chasedb1,28,20,0.5244606985877778,0.21180290205445343,0.42360580410890686,1.4761733361563747,0.08236322353702322,5.863154770070881,1.2380866680781872,0.5411816117685117,3.4315773850354403,False,s2_ref transported from chasedb1 in sigma_b units; no confirmatory weight,"results/fig4c_observer.csv (obs1/obs2 skan biomarkers: DRIVE 20 test, CHASE_DB1 28) and results/pivot/bio_master.csv (test pairs); sigma_b = results/gateA_biomarker_scales_train.csv; 2000-draw bootstrap of observer and test images"
drive,FD_skan,own,drive,20,20,0.8299205150878868,0.5405504002591964,1.0811008005183929,0.5353249478493329,0.05,3.511162894534867,0.7676624739246665,0.31650710940476695,2.2555814472674336,False,own inter-observer data,"results/fig4c_observer.csv (obs1/obs2 skan biomarkers: DRIVE 20 test, CHASE_DB1 28) and results/pivot/bio_master.csv (test pairs); sigma_b = results/gateA_biomarker_scales_train.csv; 2000-draw bootstrap of observer and test images"
drive,FD_skan,extrapolated,chasedb1,28,20,0.8299205150878868,0.15602208804214965,0.3120441760842993,4.319250149143513,1.5547214397276066,9.703339623731456,2.6596250745717565,1.2773607198638033,5.351669811865728,False,s2_ref transported from chasedb1 in sigma_b units; no confirmatory weight,"results/fig4c_observer.csv (obs1/obs2 skan biomarkers: DRIVE 20 test, CHASE_DB1 28) and results/pivot/bio_master.csv (test pairs); sigma_b = results/gateA_biomarker_scales_train.csv; 2000-draw bootstrap of observer and test images"
drive,tortuosity_skan,own,drive,20,20,5.544446752503953,2.605313470559308,5.210626941118616,1.1281303824501672,0.05,62.306905848999584,1.0640651912250836,0.03601834074308761,31.653452924499792,False,own inter-observer data,"results/fig4c_observer.csv (obs1/obs2 skan biomarkers: DRIVE 20 test, CHASE_DB1 28) and results/pivot/bio_master.csv (test pairs); sigma_b = results/gateA_biomarker_scales_train.csv; 2000-draw bootstrap of observer and test images"
drive,tortuosity_skan,extrapolated,chasedb1,28,20,5.544446752503953,4.1535661753936495,8.307132350787299,0.3348641910053316,0.05,10.741558321043467,0.6674320955026658,0.025265211815635104,5.870779160521733,False,s2_ref transported from chasedb1 in sigma_b units; no confirmatory weight,"results/fig4c_observer.csv (obs1/obs2 skan biomarkers: DRIVE 20 test, CHASE_DB1 28) and results/pivot/bio_master.csv (test pairs); sigma_b = results/gateA_biomarker_scales_train.csv; 2000-draw bootstrap of observer and test images"
chasedb1,density_skan,own,chasedb1,28,8,0.6479040723157349,3.5498516752285276,7.099703350457055,0.05,0.05,0.05,0.09125790759610047,0.03087439702333903,0.15967781617146734,True,own inter-observer data,"results/fig4c_observer.csv (obs1/obs2 skan biomarkers: DRIVE 20 test, CHASE_DB1 28) and results/pivot/bio_master.csv (test pairs); sigma_b = results/gateA_biomarker_scales_train.csv; 2000-draw bootstrap of observer and test images"
chasedb1,density_skan,extrapolated,drive,20,8,0.6479040723157349,0.5518227416199813,1.1036454832399627,0.1741162939636891,0.05,1.930080050128805,0.5870581469818446,0.17111572515399817,1.4650400250644025,False,s2_ref transported from drive in sigma_b units; no confirmatory weight,"results/fig4c_observer.csv (obs1/obs2 skan biomarkers: DRIVE 20 test, CHASE_DB1 28) and results/pivot/bio_master.csv (test pairs); sigma_b = results/gateA_biomarker_scales_train.csv; 2000-draw bootstrap of observer and test images"
chasedb1,total_length_skan,own,chasedb1,28,8,0.26656721625333435,0.21180290205445343,0.42360580410890686,0.25856262434402955,0.05,2.731476358709235,0.6292813121720148,0.03850092467549797,1.8657381793546177,False,own inter-observer data,"results/fig4c_observer.csv (obs1/obs2 skan biomarkers: DRIVE 20 test, CHASE_DB1 28) and results/pivot/bio_master.csv (test pairs); sigma_b = results/gateA_biomarker_scales_train.csv; 2000-draw bootstrap of observer and test images"
chasedb1,total_length_skan,extrapolated,drive,20,8,0.26656721625333435,0.41293842302711564,0.8258768460542313,0.05,0.05,0.7735332168397538,0.32276872457062467,0.03407315549397585,0.886766608419877,True,s2_ref transported from drive in sigma_b units; no confirmatory weight,"results/fig4c_observer.csv (obs1/obs2 skan biomarkers: DRIVE 20 test, CHASE_DB1 28) and results/pivot/bio_master.csv (test pairs); sigma_b = results/gateA_biomarker_scales_train.csv; 2000-draw bootstrap of observer and test images"
chasedb1,FD_skan,own,chasedb1,28,8,0.09316854684582318,0.15602208804214965,0.3120441760842993,0.05,0.05,0.10051324199756737,0.29857486210751627,0.10120749533497782,0.5502566209987837,True,own inter-observer data,"results/fig4c_observer.csv (obs1/obs2 skan biomarkers: DRIVE 20 test, CHASE_DB1 28) and results/pivot/bio_master.csv (test pairs); sigma_b = results/gateA_biomarker_scales_train.csv; 2000-draw bootstrap of observer and test images"
chasedb1,FD_skan,extrapolated,drive,20,8,0.09316854684582318,0.5405504002591964,1.0811008005183929,0.05,0.05,0.05,0.08617933388001232,0.025768836516535474,0.24594404051098262,True,s2_ref transported from drive in sigma_b units; no confirmatory weight,"results/fig4c_observer.csv (obs1/obs2 skan biomarkers: DRIVE 20 test, CHASE_DB1 28) and results/pivot/bio_master.csv (test pairs); sigma_b = results/gateA_biomarker_scales_train.csv; 2000-draw bootstrap of observer and test images"
chasedb1,tortuosity_skan,own,chasedb1,28,8,8.246166101988436,4.1535661753936495,8.307132350787299,0.9853219507708735,0.05,13.462131032450053,0.9926609753854367,0.03578455852512882,7.231065516225026,False,own inter-observer data,"results/fig4c_observer.csv (obs1/obs2 skan biomarkers: DRIVE 20 test, CHASE_DB1 28) and results/pivot/bio_master.csv (test pairs); sigma_b = results/gateA_biomarker_scales_train.csv; 2000-draw bootstrap of observer and test images"
chasedb1,tortuosity_skan,extrapolated,drive,20,8,8.246166101988436,2.605313470559308,5.210626941118616,2.165133944599055,0.05,69.05780141072029,1.5825669722995273,0.047893960931265384,35.028900705360144,False,s2_ref transported from drive in sigma_b units; no confirmatory weight,"results/fig4c_observer.csv (obs1/obs2 skan biomarkers: DRIVE 20 test, CHASE_DB1 28) and results/pivot/bio_master.csv (test pairs); sigma_b = results/gateA_biomarker_scales_train.csv; 2000-draw bootstrap of observer and test images"
hrf,density_skan,own,--,0,30,0.4626400115996809,,,,,,,,,False,NA: one observer only,"results/fig4c_observer.csv (obs1/obs2 skan biomarkers: DRIVE 20 test, CHASE_DB1 28) and results/pivot/bio_master.csv (test pairs); sigma_b = results/gateA_biomarker_scales_train.csv; 2000-draw bootstrap of observer and test images"
hrf,density_skan,extrapolated,drive,20,30,0.4626400115996809,0.5518227416199813,1.1036454832399627,0.05,0.05,1.1720088654096603,0.4191925927531661,0.21333654276926145,1.0860044327048302,True,s2_ref transported from drive in sigma_b units; no confirmatory weight,"results/fig4c_observer.csv (obs1/obs2 skan biomarkers: DRIVE 20 test, CHASE_DB1 28) and results/pivot/bio_master.csv (test pairs); sigma_b = results/gateA_biomarker_scales_train.csv; 2000-draw bootstrap of observer and test images"
hrf,density_skan,extrapolated,chasedb1,28,30,0.4626400115996809,3.5498516752285276,7.099703350457055,0.05,0.05,0.05,0.06516328764213757,0.0366579433783739,0.11247230881975523,True,s2_ref transported from chasedb1 in sigma_b units; no confirmatory weight,"results/fig4c_observer.csv (obs1/obs2 skan biomarkers: DRIVE 20 test, CHASE_DB1 28) and results/pivot/bio_master.csv (test pairs); sigma_b = results/gateA_biomarker_scales_train.csv; 2000-draw bootstrap of observer and test images"
hrf,total_length_skan,own,--,0,30,1.6612827195299498,,,,,,,,,False,NA: one observer only,"results/fig4c_observer.csv (obs1/obs2 skan biomarkers: DRIVE 20 test, CHASE_DB1 28) and results/pivot/bio_master.csv (test pairs); sigma_b = results/gateA_biomarker_scales_train.csv; 2000-draw bootstrap of observer and test images"
hrf,total_length_skan,extrapolated,drive,20,30,1.6612827195299498,0.41293842302711564,0.8258768460542313,3.0230761462002813,0.8851461957463551,9.927966239942789,2.0115380731001404,0.9425730978731776,5.463983119971394,False,s2_ref transported from drive in sigma_b units; no confirmatory weight,"results/fig4c_observer.csv (obs1/obs2 skan biomarkers: DRIVE 20 test, CHASE_DB1 28) and results/pivot/bio_master.csv (test pairs); sigma_b = results/gateA_biomarker_scales_train.csv; 2000-draw bootstrap of observer and test images"
hrf,total_length_skan,extrapolated,chasedb1,28,30,1.6612827195299498,0.21180290205445343,0.42360580410890686,6.8435314314193985,2.4669479929893674,22.743321002015122,3.9217657157096992,1.7334739964946837,11.871660501007561,False,s2_ref transported from chasedb1 in sigma_b units; no confirmatory weight,"results/fig4c_observer.csv (obs1/obs2 skan biomarkers: DRIVE 20 test, CHASE_DB1 28) and results/pivot/bio_master.csv (test pairs); sigma_b = results/gateA_biomarker_scales_train.csv; 2000-draw bootstrap of observer and test images"
hrf,FD_skan,own,--,0,30,1.3210698634214277,,,,,,,,,False,NA: one observer only,"results/fig4c_observer.csv (obs1/obs2 skan biomarkers: DRIVE 20 test, CHASE_DB1 28) and results/pivot/bio_master.csv (test pairs); sigma_b = results/gateA_biomarker_scales_train.csv; 2000-draw bootstrap of observer and test images"
hrf,FD_skan,extrapolated,drive,20,30,1.3210698634214277,0.5405504002591964,1.0811008005183929,1.4439346687893833,0.0853334463427263,5.899717240165113,1.2219673343946915,0.5426667231713631,3.4498586200825563,False,s2_ref transported from drive in sigma_b units; no confirmatory weight,"results/fig4c_observer.csv (obs1/obs2 skan biomarkers: DRIVE 20 test, CHASE_DB1 28) and results/pivot/bio_master.csv (test pairs); sigma_b = results/gateA_biomarker_scales_train.csv; 2000-draw bootstrap of observer and test images"
hrf,FD_skan,extrapolated,chasedb1,28,30,1.3210698634214277,0.15602208804214965,0.3120441760842993,7.4671976897561985,3.242871862776121,17.0843711907686,4.2335988448781,2.1214359313880604,9.0421855953843,False,s2_ref transported from chasedb1 in sigma_b units; no confirmatory weight,"results/fig4c_observer.csv (obs1/obs2 skan biomarkers: DRIVE 20 test, CHASE_DB1 28) and results/pivot/bio_master.csv (test pairs); sigma_b = results/gateA_biomarker_scales_train.csv; 2000-draw bootstrap of observer and test images"
hrf,tortuosity_skan,own,--,0,30,7.836739437464485,,,,,,,,,False,NA: one observer only,"results/fig4c_observer.csv (obs1/obs2 skan biomarkers: DRIVE 20 test, CHASE_DB1 28) and results/pivot/bio_master.csv (test pairs); sigma_b = results/gateA_biomarker_scales_train.csv; 2000-draw bootstrap of observer and test images"
hrf,tortuosity_skan,extrapolated,drive,20,30,7.836739437464485,2.605313470559308,5.210626941118616,2.007983310270182,0.05,69.3349458938076,1.5039916551350911,0.19683193899449228,35.16747294690381,False,s2_ref transported from drive in sigma_b units; no confirmatory weight,"results/fig4c_observer.csv (obs1/obs2 skan biomarkers: DRIVE 20 test, CHASE_DB1 28) and results/pivot/bio_master.csv (test pairs); sigma_b = results/gateA_biomarker_scales_train.csv; 2000-draw bootstrap of observer and test images"
hrf,tortuosity_skan,extrapolated,chasedb1,28,30,7.836739437464485,4.1535661753936495,8.307132350787299,0.8867496282809956,0.05,12.932642643554804,0.9433748141404978,0.10945814812499444,6.966321321777402,False,s2_ref transported from chasedb1 in sigma_b units; no confirmatory weight,"results/fig4c_observer.csv (obs1/obs2 skan biomarkers: DRIVE 20 test, CHASE_DB1 28) and results/pivot/bio_master.csv (test pairs); sigma_b = results/gateA_biomarker_scales_train.csv; 2000-draw bootstrap of observer and test images"
fives,density_skan,own,--,0,200,0.052303217785474414,,,,,,,,,False,NA: one observer only,"results/fig4c_observer.csv (obs1/obs2 skan biomarkers: DRIVE 20 test, CHASE_DB1 28) and results/pivot/bio_master.csv (test pairs); sigma_b = results/gateA_biomarker_scales_train.csv; 2000-draw bootstrap of observer and test images"
fives,density_skan,extrapolated,drive,20,200,0.052303217785474414,0.5518227416199813,1.1036454832399627,0.05,0.05,0.05,0.0473913213796955,0.026975122609067443,0.12302352951132968,True,s2_ref transported from drive in sigma_b units; no confirmatory weight,"results/fig4c_observer.csv (obs1/obs2 skan biomarkers: DRIVE 20 test, CHASE_DB1 28) and results/pivot/bio_master.csv (test pairs); sigma_b = results/gateA_biomarker_scales_train.csv; 2000-draw bootstrap of observer and test images"
fives,density_skan,extrapolated,chasedb1,28,200,0.052303217785474414,3.5498516752285276,7.099703350457055,0.05,0.05,0.05,0.007366958195810717,0.0048278803013059295,0.012458630482863862,True,s2_ref transported from chasedb1 in sigma_b units; no confirmatory weight,"results/fig4c_observer.csv (obs1/obs2 skan biomarkers: DRIVE 20 test, CHASE_DB1 28) and results/pivot/bio_master.csv (test pairs); sigma_b = results/gateA_biomarker_scales_train.csv; 2000-draw bootstrap of observer and test images"
fives,total_length_skan,own,--,0,200,0.07215583887760275,,,,,,,,,False,NA: one observer only,"results/fig4c_observer.csv (obs1/obs2 skan biomarkers: DRIVE 20 test, CHASE_DB1 28) and results/pivot/bio_master.csv (test pairs); sigma_b = results/gateA_biomarker_scales_train.csv; 2000-draw bootstrap of observer and test images"
fives,total_length_skan,extrapolated,drive,20,200,0.07215583887760275,0.41293842302711564,0.8258768460542313,0.05,0.05,0.05,0.08736876354185213,0.0459999310244309,0.21691212606634458,True,s2_ref transported from drive in sigma_b units; no confirmatory weight,"results/fig4c_observer.csv (obs1/obs2 skan biomarkers: DRIVE 20 test, CHASE_DB1 28) and results/pivot/bio_master.csv (test pairs); sigma_b = results/gateA_biomarker_scales_train.csv; 2000-draw bootstrap of observer and test images"
fives,total_length_skan,extrapolated,chasedb1,28,200,0.07215583887760275,0.21180290205445343,0.42360580410890686,0.05,0.05,0.06230081001968349,0.1703372290410163,0.09039038863424669,0.5311504050098418,True,s2_ref transported from chasedb1 in sigma_b units; no confirmatory weight,"results/fig4c_observer.csv (obs1/obs2 skan biomarkers: DRIVE 20 test, CHASE_DB1 28) and results/pivot/bio_master.csv (test pairs); sigma_b = results/gateA_biomarker_scales_train.csv; 2000-draw bootstrap of observer and test images"
fives,FD_skan,own,--,0,200,1.0514855601999273,,,,,,,,,False,NA: one observer only,"results/fig4c_observer.csv (obs1/obs2 skan biomarkers: DRIVE 20 test, CHASE_DB1 28) and results/pivot/bio_master.csv (test pairs); sigma_b = results/gateA_biomarker_scales_train.csv; 2000-draw bootstrap of observer and test images"
fives,FD_skan,extrapolated,drive,20,200,1.0514855601999273,0.5405504002591964,1.0811008005183929,0.9452128047555513,0.05,6.89232219288094,0.9726064023777756,0.2352758873294264,3.94616109644047,False,s2_ref transported from drive in sigma_b units; no confirmatory weight,"results/fig4c_observer.csv (obs1/obs2 skan biomarkers: DRIVE 20 test, CHASE_DB1 28) and results/pivot/bio_master.csv (test pairs); sigma_b = results/gateA_biomarker_scales_train.csv; 2000-draw bootstrap of observer and test images"
fives,FD_skan,extrapolated,chasedb1,28,200,1.0514855601999273,0.15602208804214965,0.3120441760842993,5.739337829627473,0.6165765519084112,17.529415874940497,3.3696689148137366,0.8082882759542056,9.264707937470249,False,s2_ref transported from chasedb1 in sigma_b units; no confirmatory weight,"results/fig4c_observer.csv (obs1/obs2 skan biomarkers: DRIVE 20 test, CHASE_DB1 28) and results/pivot/bio_master.csv (test pairs); sigma_b = results/gateA_biomarker_scales_train.csv; 2000-draw bootstrap of observer and test images"
fives,tortuosity_skan,own,--,0,200,1.8080043841628615,,,,,,,,,False,NA: one observer only,"results/fig4c_observer.csv (obs1/obs2 skan biomarkers: DRIVE 20 test, CHASE_DB1 28) and results/pivot/bio_master.csv (test pairs); sigma_b = results/gateA_biomarker_scales_train.csv; 2000-draw bootstrap of observer and test images"
fives,tortuosity_skan,extrapolated,drive,20,200,1.8080043841628615,2.605313470559308,5.210626941118616,0.05,0.05,14.234438674406427,0.3469840394627675,0.0966771657156545,7.617219337203213,True,s2_ref transported from drive in sigma_b units; no confirmatory weight,"results/fig4c_observer.csv (obs1/obs2 skan biomarkers: DRIVE 20 test, CHASE_DB1 28) and results/pivot/bio_master.csv (test pairs); sigma_b = results/gateA_biomarker_scales_train.csv; 2000-draw bootstrap of observer and test images"
fives,tortuosity_skan,extrapolated,chasedb1,28,200,1.8080043841628615,4.1535661753936495,8.307132350787299,0.05,0.05,2.246036982833193,0.21764482709746522,0.061064237821285804,1.6230184914165966,True,s2_ref transported from chasedb1 in sigma_b units; no confirmatory weight,"results/fig4c_observer.csv (obs1/obs2 skan biomarkers: DRIVE 20 test, CHASE_DB1 28) and results/pivot/bio_master.csv (test pairs); sigma_b = results/gateA_biomarker_scales_train.csv; 2000-draw bootstrap of observer and test images"
