dataset,biomarker,method,beta_r2,beta_r3,beta_lo_r2,beta_lo_r3,beta_hi_r2,beta_hi_r3,max_abs_diff
drive,FD_skan,deming_l1,0.7669073532600551,0.7669073532600551,0.2027032290054081,0.20270322900540816,2.865336740549407,2.865336740549407,5.551115123125783e-17
drive,tortuosity_skan,deming_l1,0.0336424564684234,0.03364245646842347,-0.0361240034087674,-0.03612400340876749,0.7924720842256772,0.7924720842256772,9.020562075079397e-17
drive,density_skan,deming_l1,0.7172521344249023,0.7172521344249023,-1.2751056754788357,-1.2751056754788357,3.224805632824396,3.224805632824396,0.0
drive,total_length_skan,deming_l1,0.4536312390103619,0.4536312390103619,-0.0341121377540525,-0.03411213775405253,1.449740283074411,1.449740283074411,2.7755575615628914e-17
chasedb1,FD_skan,deming_l1,0.8201642728975116,0.8201642728975116,0.6501991170532032,0.6501991170532032,1.245400642100068,1.245400642100068,0.0
chasedb1,tortuosity_skan,deming_l1,1.2532129471051434,1.2532129471051434,-12.736583734692736,-12.736583734692735,21.11779794703933,21.117797947039335,3.552713678800501e-15
chasedb1,density_skan,deming_l1,1.1167048923371907,1.1167048923371907,0.5745214433383542,0.5745214433383542,1.563292630801472,1.563292630801472,0.0
chasedb1,total_length_skan,deming_l1,0.6656570193714568,0.6656570193714568,0.3799192379058967,0.3799192379058967,0.9083780738349274,0.9083780738349274,0.0
hrf,FD_skan,deming_l1,0.4785957168219933,0.4785957168219933,-0.079411042524122,-0.07941104252412208,1.241312800054926,1.241312800054926,8.326672684688674e-17
hrf,tortuosity_skan,deming_l1,0.3672595461000857,0.36725954610008577,0.1184919970266559,0.11849199702665592,0.6930592804425829,0.6930592804425829,5.551115123125783e-17
hrf,density_skan,deming_l1,0.8138817317809728,0.8138817317809728,0.5219437559754319,0.5219437559754319,1.274970421106702,1.2749704211067021,2.220446049250313e-16
hrf,total_length_skan,deming_l1,0.4150003202705757,0.4150003202705757,-0.0815687788743073,-0.08156877887430734,0.9522682654009144,0.9522682654009144,4.163336342344337e-17
fives,FD_skan,deming_l1,1.5823843640539184,1.5823843640539184,1.2480122477875584,1.2480122477875584,1.9316180600943609,1.9316180600943607,2.220446049250313e-16
fives,tortuosity_skan,deming_l1,0.5762720675379369,0.5762720675379369,0.1980474453457041,0.19804744534570415,0.996287867370278,0.996287867370278,5.551115123125783e-17
fives,density_skan,deming_l1,1.026638445597463,1.0266384455974633,0.9922620273944012,0.9922620273944011,1.0612741703381567,1.0612741703381567,2.220446049250313e-16
fives,total_length_skan,deming_l1,0.9878559426094552,0.9878559426094553,0.9562589306673008,0.9562589306673007,1.0192802225677045,1.0192802225677045,1.1102230246251565e-16
drive,FD_skan,deming_l4,0.4366301000140304,0.4366301000140304,0.0924957134098771,0.09249571340987717,0.9503442742585816,0.9503442742585816,6.938893903907228e-17
drive,tortuosity_skan,deming_l4,0.0316973431318916,0.03169734313189164,-0.0350696048390066,-0.03506960483900667,0.639735637219731,0.639735637219731,6.938893903907228e-17
drive,density_skan,deming_l4,0.3566760700027305,0.35667607000273055,-0.1488791251261321,-0.14887912512613213,0.7763666309561783,0.7763666309561783,5.551115123125783e-17
drive,total_length_skan,deming_l4,0.2917680704647506,0.2917680704647506,-0.0120605624613822,-0.012060562461382263,0.609951152257953,0.609951152257953,6.245004513516506e-17
chasedb1,FD_skan,deming_l4,0.7960109990706443,0.7960109990706443,0.6416735473709946,0.6416735473709946,1.1364516249065564,1.1364516249065564,0.0
chasedb1,tortuosity_skan,deming_l4,0.165265206322329,0.165265206322329,-0.5556306612105903,-0.5556306612105903,8.371424642350686,8.371424642350686,0.0
chasedb1,density_skan,deming_l4,1.0549405701820131,1.0549405701820131,0.5445548366179624,0.5445548366179624,1.4282613568657891,1.4282613568657891,0.0
chasedb1,total_length_skan,deming_l4,0.6452841475893498,0.6452841475893498,0.349869885344568,0.349869885344568,0.9006284137649198,0.9006284137649198,0.0
hrf,FD_skan,deming_l4,0.270973471958957,0.27097347195895705,-0.0265060357729971,-0.026506035772997167,0.5691663263300001,0.5691663263300001,6.591949208711867e-17
hrf,tortuosity_skan,deming_l4,0.3378355975766598,0.3378355975766598,0.1124034260220001,0.11240342602200011,0.6752054848494822,0.6752054848494822,1.3877787807814457e-17
hrf,density_skan,deming_l4,0.6375944546811821,0.6375944546811821,0.3910321563614552,0.3910321563614552,0.9090657652738616,0.9090657652738617,1.1102230246251565e-16
hrf,total_length_skan,deming_l4,0.2578894268982141,0.25788942689821415,-0.0342472705281458,-0.03424727052814583,0.5378563717835324,0.5378563717835324,5.551115123125783e-17
fives,FD_skan,deming_l4,1.4836764406287248,1.4836764406287248,1.2096833149150328,1.2096833149150328,1.7973500008843115,1.7973500008843117,2.220446049250313e-16
fives,tortuosity_skan,deming_l4,0.376635179794798,0.37663517979479805,0.1299490595334379,0.1299490595334379,0.7301516637659339,0.7301516637659339,5.551115123125783e-17
fives,density_skan,deming_l4,1.0167479790356997,1.0167479790356995,0.9829034264542365,0.9829034264542363,1.0513014479470124,1.0513014479470124,2.220446049250313e-16
fives,total_length_skan,deming_l4,0.9752571661262476,0.9752571661262476,0.9428426765894428,0.9428426765894429,1.007073902656001,1.007073902656001,1.1102230246251565e-16
