dataset,biomarker,panel,n,mu,mu_lo,mu_hi,alpha,alpha_lo,alpha_hi,beta,beta_lo,beta_hi,resid_sd,resid_sd_lo,resid_sd_hi,ccc,ccc_lo,ccc_hi,r_pearson,r_pearson_lo,r_pearson_hi,prop_bias_slope,prop_bias_slope_lo,prop_bias_slope_hi,prop_bias_p,auc_gap_skan4_logreg,auc_gap_lo,auc_gap_hi,units,source,sigma,sigma_lo,sigma_hi,sigma_n_units,sigma_n_images,resample_unit,mu_cond_unit_lo,mu_cond_unit_hi,mu_joint_lo,mu_joint_hi,mu_joint_bca_lo,mu_joint_bca_hi,alpha_cond_unit_lo,alpha_cond_unit_hi,alpha_joint_lo,alpha_joint_hi,alpha_joint_bca_lo,alpha_joint_bca_hi,resid_sd_cond_unit_lo,resid_sd_cond_unit_hi,resid_sd_joint_lo,resid_sd_joint_hi,resid_sd_joint_bca_lo,resid_sd_joint_bca_hi,joint_source
drive,FD_pvbm,sensitivity,20,-0.9851888627572388,-1.4427697010814602,-0.568213599012755,-0.9878047733722932,-1.5521530317538803,-0.5419447773464547,0.9786049732271076,0.3319480166882381,2.4973700792795763,1.029259167885393,0.6095135120550039,1.778438963239469,0.3080686187428135,0.1098885707703942,0.5134913289337426,0.4639581971779278,0.2099505967609868,0.6799551514261771,-0.013708809851556,-0.6253354656610602,0.5880096784033357,0.9621974759664564,,,,"sigma (results/gateA_biomarker_scales_train.csv), centred on the reference median of the same cohort (ref_median_raw, native units): alpha is therefore the predicted-minus-reference offset at a median-valued image. beta, CCC, r, residual SD, the Bland-Altman limits and the proportional-bias slope are unaffected by the centring","results/pivot/r2/r2_calibration.csv (method=deming_l1) joined to results/pivot/r2/r2_delta_auc.csv (featureset=skan4, clf=logreg) for the dataset-level AUC gap",0.0163028808068075,0.007918812850567808,0.03384460301121261,20,20,image,-1.4427697010814602,-0.568213599012755,-2.236918155952288,-0.40037129084950274,-2.6556307788388143,-0.46295955387276866,-1.5521530317538803,-0.5419447773464553,-2.3708839181165353,-0.4005210117643502,-2.762266970409146,-0.4478473152457115,0.609513512055004,1.7784389632394688,0.39976536576727967,2.477005855740034,0.4885217672273742,3.3808278572799706,r3_sigma_joint_boot.py: 2000 draws; test resample = the r2_calibration.py index stream (DRIVE/HRF/FIVES) or children (CHASE_DB1); sigma_b re-estimated (1.4826*MAD) in every draw from resampled training reference masks; BCa acceleration from the joint leave-one-unit-out jackknife. beta/CCC/r are scale-free and unchanged.
drive,FD_skan,primary,20,-1.166517118934119,-1.5664763409955904,-0.7690127141395847,-1.2077146370095018,-1.6826119173734864,-0.8181913296888619,0.7669073532600551,0.2027032290054081,2.865336740549407,0.8018948673855103,0.5515874270051137,1.6771167309013435,0.2007408958203769,0.0299827098342222,0.4094366736884656,0.4088429852468594,0.0866580316380149,0.6721486154125269,-0.1551834287954533,-0.6490942448502813,0.5154886812147729,0.6159985569669552,,,,"sigma (results/gateA_biomarker_scales_train.csv), centred on the reference median of the same cohort (ref_median_raw, native units): alpha is therefore the predicted-minus-reference offset at a median-valued image. beta, CCC, r, residual SD, the Bland-Altman limits and the proportional-bias slope are unaffected by the centring","results/pivot/r2/r2_calibration.csv (method=deming_l1) joined to results/pivot/r2/r2_delta_auc.csv (featureset=skan4, clf=logreg) for the dataset-level AUC gap",0.0304698363878889,0.013611843531879173,0.0525616099363417,20,20,image,-1.5664763409955904,-0.7690127141395848,-2.8694577084914035,-0.594556320545044,-2.34892106361384,-0.4718358860048528,-1.6826119173734848,-0.8181913296888621,-3.0826286900736237,-0.6302558566635367,-2.4125839715146022,-0.4884871565873399,0.5515874270051137,1.6771167309013433,0.4009701017629347,2.5090858501358415,0.3438196861184319,1.8478585720025702,r3_sigma_joint_boot.py: 2000 draws; test resample = the r2_calibration.py index stream (DRIVE/HRF/FIVES) or children (CHASE_DB1); sigma_b re-estimated (1.4826*MAD) in every draw from resampled training reference masks; BCa acceleration from the joint leave-one-unit-out jackknife. beta/CCC/r are scale-free and unchanged.
drive,tortuosity_pvbm,sensitivity,20,-0.8950900759170194,-1.140119009793575,-0.6523239797050858,-0.8588134665998267,-1.043829357011172,-0.6784726478379645,0.5514467839157992,0.3666176964366045,1.00997397596511,0.4004179423665019,0.2047828665549431,0.6209971056665486,0.2923776668028326,0.1510178570380346,0.4303092325083462,0.6388927082700285,0.4254467495614545,0.8583689730242986,-0.4695497363347232,-0.8260450472150611,0.0068554576777224,0.0392440933168458,,,,"sigma (results/gateA_biomarker_scales_train.csv), centred on the reference median of the same cohort (ref_median_raw, native units): alpha is therefore the predicted-minus-reference offset at a median-valued image. beta, CCC, r, residual SD, the Bland-Altman limits and the proportional-bias slope are unaffected by the centring","results/pivot/r2/r2_calibration.csv (method=deming_l1) joined to results/pivot/r2/r2_delta_auc.csv (featureset=skan4, clf=logreg) for the dataset-level AUC gap",0.0160624892914302,0.006476235807022413,0.020703096780368788,20,20,image,-1.140119009793575,-0.6523239797050858,-2.3492958649517837,-0.6268259972425619,-1.240582410279892,-0.4417371124272359,-1.043829357011172,-0.6784726478379643,-2.2116684149976664,-0.6457958633494069,-1.1920791724672664,-0.38021200015360207,0.20478286655494307,0.6209971056665485,0.20809217959922574,1.1386970751548078,0.17199281013997883,0.8452264505137307,r3_sigma_joint_boot.py: 2000 draws; test resample = the r2_calibration.py index stream (DRIVE/HRF/FIVES) or children (CHASE_DB1); sigma_b re-estimated (1.4826*MAD) in every draw from resampled training reference masks; BCa acceleration from the joint leave-one-unit-out jackknife. beta/CCC/r are scale-free and unchanged.
drive,tortuosity_skan,primary,20,-1.3586881952798342,-2.491679775290743,-0.6312852052851928,-0.7193332021721123,-1.006734431284089,-0.4412191999966995,0.0336424564684234,-0.0361240034087674,0.7924720842256772,0.6433608265256814,0.3597118642260351,0.7669362501571308,0.0434243638800021,-0.0473226123017993,0.5342573810585914,0.1122884487769938,-0.2093108230182502,0.8177496682935707,-1.6214065382691123,-2.0357294771703573,-0.1767250100154953,1.2421982479797165e-06,,,,"sigma (results/gateA_biomarker_scales_train.csv), centred on the reference median of the same cohort (ref_median_raw, native units): alpha is therefore the predicted-minus-reference offset at a median-valued image. beta, CCC, r, residual SD, the Bland-Altman limits and the proportional-bias slope are unaffected by the centring","results/pivot/r2/r2_calibration.csv (method=deming_l1) joined to results/pivot/r2/r2_delta_auc.csv (featureset=skan4, clf=logreg) for the dataset-level AUC gap",0.0176537846637452,0.0064455226692545125,0.030011822361895625,20,20,image,-2.491679775290743,-0.6312852052851928,-4.462561433227648,-0.5626999088502579,-4.329538212980277,-0.5485341267154035,-1.0067344312840887,-0.44121919999669756,-2.1011151969639124,-0.37092657380690874,-1.4532519803839392,-0.2660396798402568,0.3597118642260351,0.7669362501571308,0.2850119775600244,1.5521247221181178,0.31183499072564513,1.8676624706219926,r3_sigma_joint_boot.py: 2000 draws; test resample = the r2_calibration.py index stream (DRIVE/HRF/FIVES) or children (CHASE_DB1); sigma_b re-estimated (1.4826*MAD) in every draw from resampled training reference masks; BCa acceleration from the joint leave-one-unit-out jackknife. beta/CCC/r are scale-free and unchanged.
drive,density_pvbm,sensitivity,20,0.132970595730789,-0.2604902247346127,0.5445515805499452,0.1258602952336351,-0.4096820914948834,0.5761675825651964,0.7172521344249023,-1.2147883421679144,3.401087983480126,0.810125757683756,0.5101418201046415,2.9650196292083724,0.3227751702780006,-0.1121283697910839,0.6350979073494909,0.3293386575595919,-0.1165013314269304,0.6682332523347263,-0.1669358946826241,-0.6693261473966068,0.4782604546959849,0.6225193142242127,,,,"sigma (results/gateA_biomarker_scales_train.csv), centred on the reference median of the same cohort (ref_median_raw, native units): alpha is therefore the predicted-minus-reference offset at a median-valued image. beta, CCC, r, residual SD, the Bland-Altman limits and the proportional-bias slope are unaffected by the centring","results/pivot/r2/r2_calibration.csv (method=deming_l1) joined to results/pivot/r2/r2_delta_auc.csv (featureset=skan4, clf=logreg) for the dataset-level AUC gap",0.0143081472796088,0.004640115505005206,0.02403411802647167,20,20,image,-0.26049022473461264,0.5445515805499453,-0.3625503602025723,0.9423581850499467,-0.4088628309484882,0.8580275632982177,-0.40968209149488316,0.5761675825651965,-0.597842929769132,0.9751790098303955,-0.5010098332844968,1.1365477046366421,0.5101418201046416,2.965019629208372,0.37618165859219593,4.087755940720063,0.318039310808463,2.7069924600338098,r3_sigma_joint_boot.py: 2000 draws; test resample = the r2_calibration.py index stream (DRIVE/HRF/FIVES) or children (CHASE_DB1); sigma_b re-estimated (1.4826*MAD) in every draw from resampled training reference masks; BCa acceleration from the joint leave-one-unit-out jackknife. beta/CCC/r are scale-free and unchanged.
drive,density_skan,primary,20,0.132970595730789,-0.2521502647199389,0.5523648399265189,0.1258602952336351,-0.5074637910954737,0.5927872932180055,0.7172521344249023,-1.2751056754788357,3.224805632824396,0.810125757683756,0.5014332413324563,3.4008967244473705,0.3227751702780006,-0.1114616967631857,0.6378464237163205,0.3293386575595919,-0.1180384705776095,0.669952185144751,-0.1669358946826241,-0.6839027041924708,0.4630941819441952,0.6225193142242127,,,,"sigma (results/gateA_biomarker_scales_train.csv), centred on the reference median of the same cohort (ref_median_raw, native units): alpha is therefore the predicted-minus-reference offset at a median-valued image. beta, CCC, r, residual SD, the Bland-Altman limits and the proportional-bias slope are unaffected by the centring","results/pivot/r2/r2_calibration.csv (method=deming_l1) joined to results/pivot/r2/r2_delta_auc.csv (featureset=skan4, clf=logreg) for the dataset-level AUC gap",0.0143081472796088,0.004640115505005206,0.02403411802647167,20,20,image,-0.252150264719939,0.5523648399265186,-0.34870511251037034,0.9143952138483714,-0.37785023270362483,0.8719175896629279,-0.5074637910954738,0.5927872932180048,-0.6703757329306492,0.9453672215308875,-0.5869779630185636,0.9823846711381001,0.5014332413324563,3.400896724447357,0.3793568199630712,4.99939851519155,0.3306533801914576,2.8202623505897275,r3_sigma_joint_boot.py: 2000 draws; test resample = the r2_calibration.py index stream (DRIVE/HRF/FIVES) or children (CHASE_DB1); sigma_b re-estimated (1.4826*MAD) in every draw from resampled training reference masks; BCa acceleration from the joint leave-one-unit-out jackknife. beta/CCC/r are scale-free and unchanged.
drive,total_length_pvbm,sensitivity,20,-1.163058028719336,-1.4227875822701577,-0.8840877385756515,-1.162148562885292,-1.5368079256064744,-0.8563040795452997,0.7499870672958693,-0.1090619228545631,3.839939524494536,0.5351531507226607,0.3511083379357281,1.7024223691531295,0.0941425262184075,-0.0048399640173979,0.1947862138361275,0.3345617702970835,-0.0234927029499662,0.60298324978045,-0.1457263460495036,-0.7408613903501118,0.6155121605666447,0.6656425245501248,,,,"sigma (results/gateA_biomarker_scales_train.csv), centred on the reference median of the same cohort (ref_median_raw, native units): alpha is therefore the predicted-minus-reference offset at a median-valued image. beta, CCC, r, residual SD, the Bland-Altman limits and the proportional-bias slope are unaffected by the centring","results/pivot/r2/r2_calibration.csv (method=deming_l1) joined to results/pivot/r2/r2_delta_auc.csv (featureset=skan4, clf=logreg) for the dataset-level AUC gap",1197.6692567106925,345.9922543190494,1649.914296904796,20,20,image,-1.4227875822701577,-0.8840877385756517,-4.319674374982321,-0.7759357577491375,-2.7077519495570503,-0.5471870404645564,-1.5368079256064742,-0.8563040795453,-4.468906619172221,-0.7335132224703999,-2.7050772421407463,0.4449671316636587,0.3511083379357281,1.702422369153128,0.31626586015659225,3.174982513809286,0.25266038601278995,1.3844715204014892,r3_sigma_joint_boot.py: 2000 draws; test resample = the r2_calibration.py index stream (DRIVE/HRF/FIVES) or children (CHASE_DB1); sigma_b re-estimated (1.4826*MAD) in every draw from resampled training reference masks; BCa acceleration from the joint leave-one-unit-out jackknife. beta/CCC/r are scale-free and unchanged.
drive,total_length_skan,primary,20,-1.0503333011182416,-1.3457608997016772,-0.7373115697091255,-1.049596794446779,-1.305155908983822,-0.8150031124720108,0.4536312390103619,-0.0341121377540525,1.449740283074411,0.5143194796762444,0.3685972683966652,0.817493956877864,0.1338318449793659,-0.0050992639134943,0.2816644707458887,0.3467846019350399,-0.0154771264446735,0.6343759525071109,-0.4362194717573336,-0.9548025310432132,0.1736537911866131,0.1865628948908605,,,,"sigma (results/gateA_biomarker_scales_train.csv), centred on the reference median of the same cohort (ref_median_raw, native units): alpha is therefore the predicted-minus-reference offset at a median-valued image. beta, CCC, r, residual SD, the Bland-Altman limits and the proportional-bias slope are unaffected by the centring","results/pivot/r2/r2_calibration.csv (method=deming_l1) joined to results/pivot/r2/r2_delta_auc.csv (featureset=skan4, clf=logreg) for the dataset-level AUC gap",1348.7538444287072,188.5264961451936,1954.8888077236227,20,20,image,-1.3457608997016772,-0.7373115697091256,-7.518720821232065,-0.6345656228908257,-2.4199149326551623,-0.48973694999868633,-1.3051559089838223,-0.815003112472011,-7.701988737111098,-0.6781514097824344,-2.2782096135295076,-0.43916670274272657,0.3685972683966653,0.8174939568778641,0.3172299655213895,3.5996029870486876,0.27217642123398167,1.7958471464811396,r3_sigma_joint_boot.py: 2000 draws; test resample = the r2_calibration.py index stream (DRIVE/HRF/FIVES) or children (CHASE_DB1); sigma_b re-estimated (1.4826*MAD) in every draw from resampled training reference masks; BCa acceleration from the joint leave-one-unit-out jackknife. beta/CCC/r are scale-free and unchanged.
chasedb1,FD_pvbm,sensitivity,8,-0.4941705096969518,-0.9301094982813282,0.0073083955377269,-0.4737082916806053,-0.6412833620636383,-0.3376596104506013,0.5671467782753024,0.4263794293722713,0.7056585596150258,0.2180289140030377,0.0526082481938131,0.2544259439198928,0.7763164474789429,0.5570834068007687,0.8408296265251056,0.9715825364683206,0.9428789573922084,0.9981587965924048,-0.5460546705025234,-0.794317312117914,-0.3445731766714655,0.0009537692588458,,,,"sigma (results/gateA_biomarker_scales_train.csv), centred on the reference median of the same cohort (ref_median_raw, native units): alpha is therefore the predicted-minus-reference offset at a median-valued image. beta, CCC, r, residual SD, the Bland-Altman limits and the proportional-bias slope are unaffected by the centring","results/pivot/r2/r2_calibration.csv (method=deming_l1) joined to results/pivot/r2/r2_delta_auc.csv (featureset=skan4, clf=logreg) for the dataset-level AUC gap",0.0186864339974062,0.00880795667711802,0.03276379112119683,10,20,child (both eyes),-1.0395700697395878,0.05122905034568428,-1.5179696799633342,0.07626957789804054,-1.3953221172097658,0.15247806452444876,-0.7894904785703898,-0.3540259253437567,-1.2681137727333422,-0.26521579759682146,-0.7908195728489817,-0.19580604751098662,0.07775034760277146,0.23640484611937293,0.060933471981086694,0.42793166969726965,0.09877296673969889,0.6659238386889765,r3_sigma_joint_boot.py: 2000 draws; test resample = the r2_calibration.py index stream (DRIVE/HRF/FIVES) or children (CHASE_DB1); sigma_b re-estimated (1.4826*MAD) in every draw from resampled training reference masks; BCa acceleration from the joint leave-one-unit-out jackknife. beta/CCC/r are scale-free and unchanged.
chasedb1,FD_skan,primary,8,-0.7849911791977002,-0.9821461583059126,-0.5911007349615783,-0.7583009302032644,-0.9593834284980952,-0.5677099472117604,0.8201642728975116,0.6501991170532032,1.245400642100068,0.2408175003191145,0.0680123801309448,0.3125432431891045,0.602466715065931,0.3280516413433601,0.700162994172834,0.9447789861714662,0.8611398089436532,0.994868812482094,-0.1921450855668277,-0.4174824250859203,0.2072770278587022,0.2084362514478028,,,,"sigma (results/gateA_biomarker_scales_train.csv), centred on the reference median of the same cohort (ref_median_raw, native units): alpha is therefore the predicted-minus-reference offset at a median-valued image. beta, CCC, r, residual SD, the Bland-Altman limits and the proportional-bias slope are unaffected by the centring","results/pivot/r2/r2_calibration.csv (method=deming_l1) joined to results/pivot/r2/r2_delta_auc.csv (featureset=skan4, clf=logreg) for the dataset-level AUC gap",0.0233801328199158,0.007975208055409438,0.03439713528759139,10,20,child (both eyes),-1.0269941969882375,-0.5521247531800916,-2.295728397394304,-0.49648259851941,-1.3868625421549892,-0.3589465172704838,-0.8948902903902936,-0.46300263219958876,-2.175141883959552,-0.43548674796517894,-1.5589978808966545,-0.38087070184207944,0.05239379947100941,0.3307506736451353,0.048526057194069584,0.6507118441994196,0.06923387503262399,0.7767988820278346,r3_sigma_joint_boot.py: 2000 draws; test resample = the r2_calibration.py index stream (DRIVE/HRF/FIVES) or children (CHASE_DB1); sigma_b re-estimated (1.4826*MAD) in every draw from resampled training reference masks; BCa acceleration from the joint leave-one-unit-out jackknife. beta/CCC/r are scale-free and unchanged.
chasedb1,tortuosity_pvbm,sensitivity,8,-0.4916046302469229,-0.9193171814858688,-0.0496517584476403,-0.4906640730197779,-0.8404543082508246,0.2381536494787509,0.6883523390178359,-2.862157837336033,2.504202384477316,0.5565612625962105,0.1780408569356401,1.8998977566548136,0.1588565285430347,-0.535133557059796,0.6496233172795731,0.2377540344177259,-0.7920614885944289,0.8602654498896943,-0.1463411581211427,-0.8453735282248623,2.280899029967546,0.826361598237412,,,,"sigma (results/gateA_biomarker_scales_train.csv), centred on the reference median of the same cohort (ref_median_raw, native units): alpha is therefore the predicted-minus-reference offset at a median-valued image. beta, CCC, r, residual SD, the Bland-Altman limits and the proportional-bias slope are unaffected by the centring","results/pivot/r2/r2_calibration.csv (method=deming_l1) joined to results/pivot/r2/r2_delta_auc.csv (featureset=skan4, clf=logreg) for the dataset-level AUC gap",0.0073323195004892,0.0023839715735257407,0.009771741317300972,10,20,child (both eyes),-0.9633549566583502,-0.23243075867605933,-1.8272100414590018,-0.2087058132656552,-1.4404264738858534,-0.19474700320847618,-0.7438273426653186,0.3842756859555916,-1.5844285381984666,0.5514978254488556,-8.539813463131516,0.05833934484827692,0.19528354237037598,1.18102353204639,0.19989976984304086,2.5914548720081925,0.2008637146873677,2.638555775392774,r3_sigma_joint_boot.py: 2000 draws; test resample = the r2_calibration.py index stream (DRIVE/HRF/FIVES) or children (CHASE_DB1); sigma_b re-estimated (1.4826*MAD) in every draw from resampled training reference masks; BCa acceleration from the joint leave-one-unit-out jackknife. beta/CCC/r are scale-free and unchanged.
chasedb1,tortuosity_skan,primary,8,-1.1177804904551856,-2.9488088875464333,0.8247319075236622,-1.249819285117277,-10.88171769471998,10.955387464205195,1.2532129471051434,-12.736583734692736,21.11779794703933,3.249905230288365,0.2201031932312912,65.25928133970847,0.103389337378135,-0.212651825904638,0.381503359448931,0.1192029941608362,-0.2615077994468582,0.9120509291015176,0.0484728741645325,-1.568304075028241,1.4757779240815867,0.948802217362272,,,,"sigma (results/gateA_biomarker_scales_train.csv), centred on the reference median of the same cohort (ref_median_raw, native units): alpha is therefore the predicted-minus-reference offset at a median-valued image. beta, CCC, r, residual SD, the Bland-Altman limits and the proportional-bias slope are unaffected by the centring","results/pivot/r2/r2_calibration.csv (method=deming_l1) joined to results/pivot/r2/r2_delta_auc.csv (featureset=skan4, clf=logreg) for the dataset-level AUC gap",0.0110679345896438,0.004316512641104935,0.017340223501372227,10,20,child (both eyes),-3.253496034657873,1.2230485805259517,-4.977505611942744,1.1195635629910958,-4.2171116870833645,1.4283205293616639,-10.291969426664213,23.564729099902884,-10.416114056610056,22.599057778592115,-10.422575388236892,22.597660505748376,0.022040849426477757,77.93088885202938,0.018508945099787275,75.9741603233945,1.0570067775159175e-16,72.90619468635074,r3_sigma_joint_boot.py: 2000 draws; test resample = the r2_calibration.py index stream (DRIVE/HRF/FIVES) or children (CHASE_DB1); sigma_b re-estimated (1.4826*MAD) in every draw from resampled training reference masks; BCa acceleration from the joint leave-one-unit-out jackknife. beta/CCC/r are scale-free and unchanged.
chasedb1,density_pvbm,sensitivity,8,1.9591657313942383,1.427401612984316,2.4593195331248703,1.9481240744664317,1.2546209206154628,2.454507286738614,1.1167048923371907,0.5745406626697556,1.5251793799972857,0.8258159983817213,0.269598232734445,0.997674674000463,0.5712424694132683,0.2448019787646702,0.6640628287032098,0.9165908423790038,0.7974720691285886,0.987477640534466,0.1055108432725298,-0.5232829736586722,0.3956845284100029,0.5573778631108469,,,,"sigma (results/gateA_biomarker_scales_train.csv), centred on the reference median of the same cohort (ref_median_raw, native units): alpha is therefore the predicted-minus-reference offset at a median-valued image. beta, CCC, r, residual SD, the Bland-Altman limits and the proportional-bias slope are unaffected by the centring","results/pivot/r2/r2_calibration.csv (method=deming_l1) joined to results/pivot/r2/r2_delta_auc.csv (featureset=skan4, clf=logreg) for the dataset-level AUC gap",0.0063018545612913,0.0027019644300432977,0.019442219387475455,10,20,child (both eyes),1.4784996382812448,2.4551612747815796,0.5994462565093662,4.820637330660462,0.6161102857225284,4.950064686849046,1.2828938879593341,2.4305199029212234,0.5229476836137588,4.582206125637932,0.641543003699401,7.011550909109749,0.23138043979214298,0.971020530606441,0.11695939384776724,1.752251335815348,0.28162367603649524,3.3636154778744363,r3_sigma_joint_boot.py: 2000 draws; test resample = the r2_calibration.py index stream (DRIVE/HRF/FIVES) or children (CHASE_DB1); sigma_b re-estimated (1.4826*MAD) in every draw from resampled training reference masks; BCa acceleration from the joint leave-one-unit-out jackknife. beta/CCC/r are scale-free and unchanged.
chasedb1,density_skan,primary,8,1.9591657313942383,1.4151202097208793,2.4649356396320607,1.9481240744664317,1.1934787280264427,2.4483728772577544,1.1167048923371907,0.5745214433383542,1.563292630801472,0.8258159983817213,0.282140441986527,0.9926333713086868,0.5712424694132683,0.2300245249901418,0.6708145924313214,0.9165908423790038,0.794731180193893,0.98586466203649,0.1055108432725298,-0.5260686788521495,0.4198298835289527,0.5573778631108469,,,,"sigma (results/gateA_biomarker_scales_train.csv), centred on the reference median of the same cohort (ref_median_raw, native units): alpha is therefore the predicted-minus-reference offset at a median-valued image. beta, CCC, r, residual SD, the Bland-Altman limits and the proportional-bias slope are unaffected by the centring","results/pivot/r2/r2_calibration.csv (method=deming_l1) joined to results/pivot/r2/r2_delta_auc.csv (featureset=skan4, clf=logreg) for the dataset-level AUC gap",0.0063018545612913,0.0027019644300432977,0.019442219387475455,10,20,child (both eyes),1.4784996382812448,2.4551612747815796,0.5873421317582992,4.819485710513309,0.6202212167691016,5.195310907428701,1.2828938879593341,2.451728396966934,0.5356073137703107,4.878051100732997,0.6250081237887464,8.194324352022896,0.23138043979214298,0.971020530606441,0.11147101809116473,1.7077065642863622,0.2977416326335179,3.503017613945495,r3_sigma_joint_boot.py: 2000 draws; test resample = the r2_calibration.py index stream (DRIVE/HRF/FIVES) or children (CHASE_DB1); sigma_b re-estimated (1.4826*MAD) in every draw from resampled training reference masks; BCa acceleration from the joint leave-one-unit-out jackknife. beta/CCC/r are scale-free and unchanged.
chasedb1,total_length_pvbm,sensitivity,8,-1.2290017248857137,-1.5056935294638734,-0.9214671803885568,-1.185866321579713,-1.4434688298478684,-1.035839667005146,0.6573094501312547,0.388375890290401,0.9211792244266102,0.2534712089456897,0.0285533336245916,0.3361657323182699,0.4194455790623312,0.1211723434597826,0.5546020724042018,0.9351618286887736,0.6933790104166332,0.9957944251488368,-0.401263698408766,-0.8513115361257836,-0.0815336988345758,0.0314199630780234,,,,"sigma (results/gateA_biomarker_scales_train.csv), centred on the reference median of the same cohort (ref_median_raw, native units): alpha is therefore the predicted-minus-reference offset at a median-valued image. beta, CCC, r, residual SD, the Bland-Altman limits and the proportional-bias slope are unaffected by the centring","results/pivot/r2/r2_calibration.csv (method=deming_l1) joined to results/pivot/r2/r2_delta_auc.csv (featureset=skan4, clf=logreg) for the dataset-level AUC gap",1319.4335583567454,645.2285906629536,2228.8228515756186,10,20,child (both eyes),-1.475787294709764,-0.9822161550616632,-2.690524134932728,-0.6941651031251547,-2.1726293120340836,-0.5954408309816858,-1.4567540629856361,-1.057154061019034,-2.6763501550277105,-0.7125837394030288,-1.953224339941352,-0.6006370440773264,0.02214054025508605,0.32264511506557086,0.020755173316761376,0.5365473612263887,0.08897522108290405,0.9768678374419352,r3_sigma_joint_boot.py: 2000 draws; test resample = the r2_calibration.py index stream (DRIVE/HRF/FIVES) or children (CHASE_DB1); sigma_b re-estimated (1.4826*MAD) in every draw from resampled training reference masks; BCa acceleration from the joint leave-one-unit-out jackknife. beta/CCC/r are scale-free and unchanged.
chasedb1,total_length_skan,primary,8,-0.4916368011933254,-0.7994919561659177,-0.1377729586515105,-0.4330953228882078,-0.7352563202311626,-0.2379567698252585,0.6656570193714568,0.3799192379058967,0.9083780738349274,0.2957499821406624,0.0674264399598529,0.3700691909725595,0.7612787798323785,0.4249177214072238,0.8436004719434866,0.929789784437934,0.6258520471163025,0.996376103963081,-0.3884027001344943,-0.7929432909394774,-0.0956140210964111,0.0413101374814115,,,,"sigma (results/gateA_biomarker_scales_train.csv), centred on the reference median of the same cohort (ref_median_raw, native units): alpha is therefore the predicted-minus-reference offset at a median-valued image. beta, CCC, r, residual SD, the Bland-Altman limits and the proportional-bias slope are unaffected by the centring","results/pivot/r2/r2_calibration.csv (method=deming_l1) joined to results/pivot/r2/r2_delta_auc.csv (featureset=skan4, clf=logreg) for the dataset-level AUC gap",1309.573145146277,648.143085875053,2427.605812978933,10,20,child (both eyes),-0.8271983806677783,-0.10094302889945792,-1.1819401337014983,-0.08517190146343404,-1.1503661239939187,-0.08079085173421151,-0.7458121784190664,-0.17876541515588779,-1.1082008620379036,-0.1670766152936285,-0.8769340249413243,-0.13177269939044428,0.01585946520172056,0.3337526897025764,0.01585797582994941,0.5011338417786385,0.1671931281318468,1.1973022199238803,r3_sigma_joint_boot.py: 2000 draws; test resample = the r2_calibration.py index stream (DRIVE/HRF/FIVES) or children (CHASE_DB1); sigma_b re-estimated (1.4826*MAD) in every draw from resampled training reference masks; BCa acceleration from the joint leave-one-unit-out jackknife. beta/CCC/r are scale-free and unchanged.
hrf,FD_pvbm,sensitivity,30,-0.9544346375884118,-1.2288361813515285,-0.7024980704422975,-0.9519614278552544,-1.3148212582047127,-0.6423992176770666,1.0776270388732816,0.5542611218384701,3.0898948954199783,0.784500109400788,0.533738165186067,1.7092905826542522,0.2333738916936349,0.0545956043679007,0.3777360625291734,0.4468427578687967,0.1263814717078182,0.67770644898683,0.0462038102210219,-0.323287631250137,0.5032506087565016,0.844646583181292,0.217037037037037,0.1187928636072558,0.3322941990134112,"sigma (results/gateA_biomarker_scales_train.csv), centred on the reference median of the same cohort (ref_median_raw, native units): alpha is therefore the predicted-minus-reference offset at a median-valued image. beta, CCC, r, residual SD, the Bland-Altman limits and the proportional-bias slope are unaffected by the centring","results/pivot/r2/r2_calibration.csv (method=deming_l1) joined to results/pivot/r2/r2_delta_auc.csv (featureset=skan4, clf=logreg) for the dataset-level AUC gap",0.0191265872248343,0.007099851994594693,0.0267426872340202,15,15,image,-1.228836181351528,-0.7024980704422973,-2.7291540905196285,-0.6037568338330475,-1.600141699732309,-0.42421821591213793,-1.314821258204713,-0.6423992176770668,-2.7951668135042933,-0.5696870250345494,-1.6287372958057855,0.7661167192205746,0.5337381651860669,1.7092905826542522,0.47750276235582984,2.831428886966347,0.34290902538206985,1.53019534818998,r3_sigma_joint_boot.py: 2000 draws; test resample = the r2_calibration.py index stream (DRIVE/HRF/FIVES) or children (CHASE_DB1); sigma_b re-estimated (1.4826*MAD) in every draw from resampled training reference masks; BCa acceleration from the joint leave-one-unit-out jackknife. beta/CCC/r are scale-free and unchanged.
hrf,FD_skan,primary,30,-1.6268678090884487,-2.0434491363818594,-1.1971510495675095,-1.6952094481074766,-2.0455141379258683,-1.372587839510761,0.4785957168219933,-0.079411042524122,1.241312800054926,0.848027612821593,0.6304884137490916,1.2625689999651255,0.1156878604870417,-0.0093272826023947,0.2187190787921252,0.2946757254769304,-0.0289420673406965,0.5723513115080456,-0.358937421449033,-0.8038179203345094,0.0964661382649948,0.1994316073149219,0.217037037037037,0.1187928636072558,0.3322941990134112,"sigma (results/gateA_biomarker_scales_train.csv), centred on the reference median of the same cohort (ref_median_raw, native units): alpha is therefore the predicted-minus-reference offset at a median-valued image. beta, CCC, r, residual SD, the Bland-Altman limits and the proportional-bias slope are unaffected by the centring","results/pivot/r2/r2_calibration.csv (method=deming_l1) joined to results/pivot/r2/r2_delta_auc.csv (featureset=skan4, clf=logreg) for the dataset-level AUC gap",0.0190610980643877,0.00245078535561487,0.03903039511912594,15,15,image,-2.04344913638186,-1.1971510495675097,-12.14332131754989,-0.7405127970670246,-11.973920045862595,-0.7366734477989003,-2.045514137925869,-1.3725878395107611,-13.09243040037993,-0.7850045264503379,-11.8964745546325,-0.7755095045779634,0.6304884137490917,1.2625689999651255,0.37747796243991705,6.61895756452728,0.3788994539375288,6.825661234704557,r3_sigma_joint_boot.py: 2000 draws; test resample = the r2_calibration.py index stream (DRIVE/HRF/FIVES) or children (CHASE_DB1); sigma_b re-estimated (1.4826*MAD) in every draw from resampled training reference masks; BCa acceleration from the joint leave-one-unit-out jackknife. beta/CCC/r are scale-free and unchanged.
hrf,tortuosity_pvbm,sensitivity,30,-2.938156315857108,-3.649473499622637,-2.291727521264524,-2.5651221350750277,-2.8715273632753973,-2.251798902585542,0.4643535201736509,0.2291149827475452,0.5890419141932896,0.956758725872943,0.6212283518524018,1.1591344412330504,0.3702257644061557,0.1378063382717291,0.546714844945343,0.7990391755376341,0.4605583189787516,0.9281735474881913,-0.6730245563339113,-1.0766907007831727,-0.4949631936419981,2.156471374817997e-06,0.217037037037037,0.1187928636072558,0.3322941990134112,"sigma (results/gateA_biomarker_scales_train.csv), centred on the reference median of the same cohort (ref_median_raw, native units): alpha is therefore the predicted-minus-reference offset at a median-valued image. beta, CCC, r, residual SD, the Bland-Altman limits and the proportional-bias slope are unaffected by the centring","results/pivot/r2/r2_calibration.csv (method=deming_l1) joined to results/pivot/r2/r2_delta_auc.csv (featureset=skan4, clf=logreg) for the dataset-level AUC gap",0.0023668667109986,0.0003716691933065516,0.004066062182893165,15,15,image,-3.649473499622637,-2.291727521264524,-18.81051029762347,-1.5619963571540503,-10.874406856817243,-1.5223591569368224,-2.8715273632753977,-2.251798902585542,-16.54881881373039,-1.4308244824041174,-8.212869154795301,-1.3764910033596056,0.6212283518524018,1.1591344412330504,0.4437693741904554,5.490345881056735,0.4894395364223975,6.834123511864599,r3_sigma_joint_boot.py: 2000 draws; test resample = the r2_calibration.py index stream (DRIVE/HRF/FIVES) or children (CHASE_DB1); sigma_b re-estimated (1.4826*MAD) in every draw from resampled training reference masks; BCa acceleration from the joint leave-one-unit-out jackknife. beta/CCC/r are scale-free and unchanged.
hrf,tortuosity_skan,primary,30,-2.3126965274377724,-3.3543206533698404,-1.4751996518204822,-1.4735136654706729,-1.7291526117090843,-1.1433695825560135,0.3672595461000857,0.1184919970266559,0.6930592804425829,1.29007301653406,0.594353302452508,1.7054499799254943,0.4022399570033535,0.140739918164432,0.7483454293064246,0.687827821636756,0.4358231193469448,0.9504980488595876,-0.820463659184066,-1.4741975881473663,-0.3557178833728747,2.3593330077405067e-06,0.217037037037037,0.1187928636072558,0.3322941990134112,"sigma (results/gateA_biomarker_scales_train.csv), centred on the reference median of the same cohort (ref_median_raw, native units): alpha is therefore the predicted-minus-reference offset at a median-valued image. beta, CCC, r, residual SD, the Bland-Altman limits and the proportional-bias slope are unaffected by the centring","results/pivot/r2/r2_calibration.csv (method=deming_l1) joined to results/pivot/r2/r2_delta_auc.csv (featureset=skan4, clf=logreg) for the dataset-level AUC gap",0.0058124661067053,0.0014554657922708247,0.009962162241539228,15,15,image,-3.3543206533698413,-1.4751996518204824,-10.175268148066083,-1.1907360049360358,-6.335305840343458,-0.8601520838243499,-1.729152611709085,-1.1433695825560133,-6.082975055500297,-0.83999571891317,-4.234133721876069,-0.6714601408379166,0.594353302452508,1.7054499799254947,0.5169824111762205,5.19372223909411,0.4583394498173626,4.675616491405804,r3_sigma_joint_boot.py: 2000 draws; test resample = the r2_calibration.py index stream (DRIVE/HRF/FIVES) or children (CHASE_DB1); sigma_b re-estimated (1.4826*MAD) in every draw from resampled training reference masks; BCa acceleration from the joint leave-one-unit-out jackknife. beta/CCC/r are scale-free and unchanged.
hrf,density_pvbm,sensitivity,30,0.4306561986443839,0.1809893780104652,0.661579555809769,0.4609228118643347,0.2165483253333061,0.6861332689505666,0.8138817317809728,0.5351237239828753,1.2465507463936158,0.6076129781242126,0.4519779753112257,0.7513209340780774,0.570114199963096,0.3339423805709217,0.7529278603424739,0.6583700437366032,0.4370787892498379,0.8129812055893301,-0.163757803981065,-0.4785340970308363,0.1629955714756114,0.3453097263570461,0.217037037037037,0.1187928636072558,0.3322941990134112,"sigma (results/gateA_biomarker_scales_train.csv), centred on the reference median of the same cohort (ref_median_raw, native units): alpha is therefore the predicted-minus-reference offset at a median-valued image. beta, CCC, r, residual SD, the Bland-Altman limits and the proportional-bias slope are unaffected by the centring","results/pivot/r2/r2_calibration.csv (method=deming_l1) joined to results/pivot/r2/r2_delta_auc.csv (featureset=skan4, clf=logreg) for the dataset-level AUC gap",0.0156452398763284,0.0038395172346294424,0.03160020054378626,15,15,image,0.18098937801046525,0.6615795558097689,0.1398902697418653,2.033722395333989,0.11386840594132819,1.6483600301579688,0.21654832533330592,0.6861332689505666,0.1599892475161518,2.1482941722234266,0.13373349128328657,1.7201831913315293,0.45197797531122574,0.7513209340780773,0.2660149764116055,2.752649105874914,0.2285543091421682,1.8784632655878304,r3_sigma_joint_boot.py: 2000 draws; test resample = the r2_calibration.py index stream (DRIVE/HRF/FIVES) or children (CHASE_DB1); sigma_b re-estimated (1.4826*MAD) in every draw from resampled training reference masks; BCa acceleration from the joint leave-one-unit-out jackknife. beta/CCC/r are scale-free and unchanged.
hrf,density_skan,primary,30,0.4306561986443839,0.1821446985111631,0.6686403866337449,0.4609228118643347,0.2215874115051335,0.7006781067255763,0.8138817317809728,0.5219437559754319,1.274970421106702,0.6076129781242126,0.4445592320282871,0.7684870896556675,0.570114199963096,0.3177725798868435,0.7421747931625492,0.6583700437366032,0.4154802431388683,0.8106701512835891,-0.163757803981065,-0.4683103085163797,0.1706881629039663,0.3453097263570461,0.217037037037037,0.1187928636072558,0.3322941990134112,"sigma (results/gateA_biomarker_scales_train.csv), centred on the reference median of the same cohort (ref_median_raw, native units): alpha is therefore the predicted-minus-reference offset at a median-valued image. beta, CCC, r, residual SD, the Bland-Altman limits and the proportional-bias slope are unaffected by the centring","results/pivot/r2/r2_calibration.csv (method=deming_l1) joined to results/pivot/r2/r2_delta_auc.csv (featureset=skan4, clf=logreg) for the dataset-level AUC gap",0.0156452398763284,0.0038395172346294424,0.03160020054378626,15,15,image,0.18214469851116313,0.6686403866337449,0.13625364598190207,2.1088722568471305,0.10760434472318449,1.639511521950111,0.22158741150513328,0.7006781067255762,0.15687288851098072,2.269302860664933,0.11937353268395028,1.649275398375815,0.44455923202828707,0.7684870896556674,0.2651603845558661,2.6919237880659734,0.23721543100862202,1.8539819858413094,r3_sigma_joint_boot.py: 2000 draws; test resample = the r2_calibration.py index stream (DRIVE/HRF/FIVES) or children (CHASE_DB1); sigma_b re-estimated (1.4826*MAD) in every draw from resampled training reference masks; BCa acceleration from the joint leave-one-unit-out jackknife. beta/CCC/r are scale-free and unchanged.
hrf,total_length_pvbm,sensitivity,30,-3.095634982978809,-3.7787599476411216,-2.414750079739692,-3.1604047987450627,-3.802710792957502,-2.565844344646347,0.4865398995203711,-0.2586345220163945,1.4053215999884805,1.45298194405414,1.050903428485804,2.292234357100876,0.0789614988732433,-0.0297148056730913,0.1901071036801133,0.242982558694367,-0.095000315812172,0.5820166980500414,-0.3022946505435404,-0.7983009121664209,0.1571003468693299,0.3073794762424364,0.217037037037037,0.1187928636072558,0.3322941990134112,"sigma (results/gateA_biomarker_scales_train.csv), centred on the reference median of the same cohort (ref_median_raw, native units): alpha is therefore the predicted-minus-reference offset at a median-valued image. beta, CCC, r, residual SD, the Bland-Altman limits and the proportional-bias slope are unaffected by the centring","results/pivot/r2/r2_calibration.csv (method=deming_l1) joined to results/pivot/r2/r2_delta_auc.csv (featureset=skan4, clf=logreg) for the dataset-level AUC gap",4491.472519245984,666.7971016880911,14992.586922485742,15,15,image,-3.7787599476411238,-2.414750079739693,-22.783441124883396,-0.9019136737952731,-36.309750536550126,-0.9850309070831195,-3.802710792957502,-2.565844344646348,-22.828688802646727,-0.9302193605929215,-37.70942245681672,-1.016676179317398,1.0509034284858043,2.2922343571008756,0.40236305788121113,11.107737785375319,0.46875806184054775,22.745177939596132,r3_sigma_joint_boot.py: 2000 draws; test resample = the r2_calibration.py index stream (DRIVE/HRF/FIVES) or children (CHASE_DB1); sigma_b re-estimated (1.4826*MAD) in every draw from resampled training reference masks; BCa acceleration from the joint leave-one-unit-out jackknife. beta/CCC/r are scale-free and unchanged.
hrf,total_length_skan,primary,30,-1.788744399124684,-2.2212746868775493,-1.3251922195239578,-1.874890932516199,-2.212810416604967,-1.531240413492372,0.4150003202705757,-0.0815687788743073,0.9522682654009144,0.8988539393267094,0.6865798137992681,1.15611773501074,0.1212469082457484,-0.0123354960554999,0.2283202550755689,0.3054871842032425,-0.0365168576366915,0.5865983031400984,-0.4510696286480947,-0.8734916081689887,-0.0114336025124068,0.1015380142862179,0.217037037037037,0.1187928636072558,0.3322941990134112,"sigma (results/gateA_biomarker_scales_train.csv), centred on the reference median of the same cohort (ref_median_raw, native units): alpha is therefore the predicted-minus-reference offset at a median-valued image. beta, CCC, r, residual SD, the Bland-Altman limits and the proportional-bias slope are unaffected by the centring","results/pivot/r2/r2_calibration.csv (method=deming_l1) joined to results/pivot/r2/r2_delta_auc.csv (featureset=skan4, clf=logreg) for the dataset-level AUC gap",6456.941750506251,2030.7854678672377,14556.248943612089,15,15,image,-2.2212746868775497,-1.3251922195239578,-6.064495492793387,-0.7141803326911852,-7.424537932807067,-0.8025201443305336,-2.212810416604968,-1.5312404134923716,-6.299464352631877,-0.7849326005362013,-7.93952680590839,-0.8698138405934703,0.6865798137992681,1.15611773501074,0.35935106634164593,2.9657348958610217,0.41578876920781244,4.478142065651705,r3_sigma_joint_boot.py: 2000 draws; test resample = the r2_calibration.py index stream (DRIVE/HRF/FIVES) or children (CHASE_DB1); sigma_b re-estimated (1.4826*MAD) in every draw from resampled training reference masks; BCa acceleration from the joint leave-one-unit-out jackknife. beta/CCC/r are scale-free and unchanged.
fives,FD_pvbm,sensitivity,200,-0.1558062841989393,-0.2831364161222626,-0.0615485046889313,-0.0485128536227317,-0.1175706891406537,0.0459678311589118,1.2709544348345172,0.926858181395906,1.6613511002106485,0.8276787778201733,0.2663162983928091,1.282868309297005,0.8630687843567768,0.7590972001204485,0.9748169659168734,0.887169097425614,0.8301225868587483,0.9773886842921152,0.2248819497734702,-0.0744139913654745,0.4628503427537163,4.881726314583556e-10,-0.0027416666666665,-0.0222892014489915,0.016175986371708,"sigma (results/gateA_biomarker_scales_train.csv), centred on the reference median of the same cohort (ref_median_raw, native units): alpha is therefore the predicted-minus-reference offset at a median-valued image. beta, CCC, r, residual SD, the Bland-Altman limits and the proportional-bias slope are unaffected by the centring","results/pivot/r2/r2_calibration.csv (method=deming_l1) joined to results/pivot/r2/r2_delta_auc.csv (featureset=skan4, clf=logreg) for the dataset-level AUC gap",0.047908238577478,0.03830126139278788,0.0542442753946664,120,120,image,-0.28313641612226265,-0.061548504688931395,-0.29981094021893456,-0.06348444423824776,-0.3345628084914006,-0.07418536557928126,-0.11757068914065363,0.04596783115891184,-0.12410903255099406,0.04538361981231737,-0.10339974403028768,0.09934350595664133,0.2663162983928091,1.282868309297005,0.2649597951160546,1.3850022851280284,0.31158390309203754,1.7617538648375786,r3_sigma_joint_boot.py: 2000 draws; test resample = the r2_calibration.py index stream (DRIVE/HRF/FIVES) or children (CHASE_DB1); sigma_b re-estimated (1.4826*MAD) in every draw from resampled training reference masks; BCa acceleration from the joint leave-one-unit-out jackknife. beta/CCC/r are scale-free and unchanged.
fives,FD_skan,primary,200,-0.6312003288070029,-0.791387554746477,-0.5084925465799125,-0.4759756791630246,-0.5716000198283152,-0.3753625116542237,1.5823843640539184,1.2480122477875584,1.9316180600943609,0.9140930877312526,0.4638348310505393,1.2602270746693465,0.7868929560256287,0.7101852006282807,0.8812163883615707,0.9110113672106772,0.8862663710003381,0.960281052854996,0.4327730221070915,0.2156930673401139,0.6096779969258643,8.878294449954228e-34,-0.0027416666666665,-0.0222892014489915,0.016175986371708,"sigma (results/gateA_biomarker_scales_train.csv), centred on the reference median of the same cohort (ref_median_raw, native units): alpha is therefore the predicted-minus-reference offset at a median-valued image. beta, CCC, r, residual SD, the Bland-Altman limits and the proportional-bias slope are unaffected by the centring","results/pivot/r2/r2_calibration.csv (method=deming_l1) joined to results/pivot/r2/r2_delta_auc.csv (featureset=skan4, clf=logreg) for the dataset-level AUC gap",0.0352252175614159,0.027932790353897705,0.042512886739831085,120,120,image,-0.7913875547464772,-0.5084925465799125,-0.854080998851414,-0.4660439227782925,-0.9191386363797696,-0.4827181393587459,-0.5716000198283152,-0.375362511654224,-0.642436662447973,-0.3490077619661858,-0.64169777888593,-0.34865318764115155,0.46383483105053935,1.2602270746693467,0.44951038569135504,1.345420898580127,0.5057467003917836,1.5713796694942985,r3_sigma_joint_boot.py: 2000 draws; test resample = the r2_calibration.py index stream (DRIVE/HRF/FIVES) or children (CHASE_DB1); sigma_b re-estimated (1.4826*MAD) in every draw from resampled training reference masks; BCa acceleration from the joint leave-one-unit-out jackknife. beta/CCC/r are scale-free and unchanged.
fives,tortuosity_pvbm,sensitivity,197,-1.0271212574375086,-1.598114625073232,-0.6647043975811805,-0.7084798906016487,-0.8618861742729306,-0.5744476117306949,0.0250114508772366,-0.0330350501341198,0.8486437482283251,1.0695324685908252,0.8106414522141482,1.236612063648154,0.0379144093305971,-0.0573423017603651,0.5775258444091036,0.0717775150583058,-0.1800791258998495,0.6842606485779547,-1.5758040432924874,-1.9987825813346456,-0.1293829460831078,2.435055154883775e-49,-0.0027416666666665,-0.0222892014489915,0.016175986371708,"sigma (results/gateA_biomarker_scales_train.csv), centred on the reference median of the same cohort (ref_median_raw, native units): alpha is therefore the predicted-minus-reference offset at a median-valued image. beta, CCC, r, residual SD, the Bland-Altman limits and the proportional-bias slope are unaffected by the centring","results/pivot/r2/r2_calibration.csv (method=deming_l1) joined to results/pivot/r2/r2_delta_auc.csv (featureset=skan4, clf=logreg) for the dataset-level AUC gap",0.0043284702883327,0.0031127322696848218,0.005372810218132042,120,118,image,-1.5981146250732317,-0.6647043975811805,-1.7836022137678385,-0.6206573490481595,-2.343225058392842,-0.6918572720614544,-0.8618861742729306,-0.5744476117306934,-1.047602629983592,-0.5293148816138504,-0.9647450212279313,-0.49509230154394523,0.8106414522141481,1.2366120636481537,0.7537468197312727,1.4965260085651044,0.8292224903213364,1.7975926168139342,r3_sigma_joint_boot.py: 2000 draws; test resample = the r2_calibration.py index stream (DRIVE/HRF/FIVES) or children (CHASE_DB1); sigma_b re-estimated (1.4826*MAD) in every draw from resampled training reference masks; BCa acceleration from the joint leave-one-unit-out jackknife. beta/CCC/r are scale-free and unchanged.
fives,tortuosity_skan,primary,200,-0.0942789398642286,-0.2913926519117382,0.0793625397864144,0.0012026967305522,-0.0960201893591249,0.1095300512341808,0.5762720675379369,0.1980474453457041,0.996287867370278,1.036688268841147,0.8039488980440296,1.2009517033035555,0.4071856214259369,0.1552401373833641,0.6779942294071553,0.4203157717290592,0.1665530019986073,0.6823474243044408,-0.3360719119397976,-0.6892264319862637,-0.0028891946279954,0.0002096269929817,-0.0027416666666665,-0.0222892014489915,0.016175986371708,"sigma (results/gateA_biomarker_scales_train.csv), centred on the reference median of the same cohort (ref_median_raw, native units): alpha is therefore the predicted-minus-reference offset at a median-valued image. beta, CCC, r, residual SD, the Bland-Altman limits and the proportional-bias slope are unaffected by the centring","results/pivot/r2/r2_calibration.csv (method=deming_l1) joined to results/pivot/r2/r2_delta_auc.csv (featureset=skan4, clf=logreg) for the dataset-level AUC gap",0.0082480255706009,0.006313150009374435,0.009946633934767647,120,120,image,-0.29139265191173824,0.07936253978641447,-0.2986466862825115,0.08278911658524117,-0.31211057035099427,0.07384008929997393,-0.09602018935912499,0.1095300512341807,-0.1060643364265174,0.1198526108078473,-0.11544802412038377,0.10707079324833153,0.8039488980440295,1.2009517033035557,0.7673154716321045,1.3955271179417927,0.7685970320724831,1.39915817813624,r3_sigma_joint_boot.py: 2000 draws; test resample = the r2_calibration.py index stream (DRIVE/HRF/FIVES) or children (CHASE_DB1); sigma_b re-estimated (1.4826*MAD) in every draw from resampled training reference masks; BCa acceleration from the joint leave-one-unit-out jackknife. beta/CCC/r are scale-free and unchanged.
fives,density_pvbm,sensitivity,200,-0.0237578092592116,-0.0556958406613156,0.0066347697187378,-0.0142358233870786,-0.0432910211051608,0.0138007058045544,1.026638445597463,0.9914415970830704,1.0612849168394507,0.2292912707366675,0.1930012534522335,0.2651414132528857,0.9838138288117998,0.9773284014422904,0.9886096350625538,0.984314195268858,0.9783994014733044,0.9891817119264544,0.0260806050896978,-0.0085499045712703,0.0589237606391315,0.0403053181299269,-0.0027416666666665,-0.0222892014489915,0.016175986371708,"sigma (results/gateA_biomarker_scales_train.csv), centred on the reference median of the same cohort (ref_median_raw, native units): alpha is therefore the predicted-minus-reference offset at a median-valued image. beta, CCC, r, residual SD, the Bland-Altman limits and the proportional-bias slope are unaffected by the centring","results/pivot/r2/r2_calibration.csv (method=deming_l1) joined to results/pivot/r2/r2_delta_auc.csv (featureset=skan4, clf=logreg) for the dataset-level AUC gap",0.020884296713893,0.015469310184611597,0.025079356566421372,120,120,image,-0.05569584066131565,0.006634769718737801,-0.060681315424142894,0.006723775757230348,-0.06011146455827528,0.006999591319131281,-0.04329102110516098,0.013800705804554579,-0.04641139651472112,0.014418536708806487,-0.046817770481058764,0.014160053610694915,0.19300125345223354,0.2651414132528857,0.17534358233926875,0.3150561719005268,0.16933486445264537,0.3009344075412012,r3_sigma_joint_boot.py: 2000 draws; test resample = the r2_calibration.py index stream (DRIVE/HRF/FIVES) or children (CHASE_DB1); sigma_b re-estimated (1.4826*MAD) in every draw from resampled training reference masks; BCa acceleration from the joint leave-one-unit-out jackknife. beta/CCC/r are scale-free and unchanged.
fives,density_skan,primary,200,-0.0237578092592116,-0.0561246570205601,0.0073809174582121,-0.0142358233870786,-0.0423684645544449,0.0129830293724865,1.026638445597463,0.9922620273944012,1.0612741703381567,0.2292912707366675,0.1933952151327185,0.2644492488182537,0.9838138288117998,0.9772908317319304,0.9887344423988398,0.984314195268858,0.9781860928676704,0.9891252538885724,0.0260806050896978,-0.0077036109958003,0.0590015009234452,0.0403053181299269,-0.0027416666666665,-0.0222892014489915,0.016175986371708,"sigma (results/gateA_biomarker_scales_train.csv), centred on the reference median of the same cohort (ref_median_raw, native units): alpha is therefore the predicted-minus-reference offset at a median-valued image. beta, CCC, r, residual SD, the Bland-Altman limits and the proportional-bias slope are unaffected by the centring","results/pivot/r2/r2_calibration.csv (method=deming_l1) joined to results/pivot/r2/r2_delta_auc.csv (featureset=skan4, clf=logreg) for the dataset-level AUC gap",0.020884296713893,0.015469310184611597,0.025079356566421372,120,120,image,-0.056124657020560145,0.007380917458212168,-0.06261907584418061,0.006974962045153956,-0.061231240991372435,0.008619381582667363,-0.042368464554444804,0.012983029372486604,-0.045864582389237636,0.013952188157861839,-0.04501682081991122,0.014677644522737785,0.19339521513271846,0.26444924881825377,0.17576826986918778,0.31635961561059095,0.17214831806224992,0.3066545312480617,r3_sigma_joint_boot.py: 2000 draws; test resample = the r2_calibration.py index stream (DRIVE/HRF/FIVES) or children (CHASE_DB1); sigma_b re-estimated (1.4826*MAD) in every draw from resampled training reference masks; BCa acceleration from the joint leave-one-unit-out jackknife. beta/CCC/r are scale-free and unchanged.
fives,total_length_pvbm,sensitivity,200,-0.4353880284830212,-0.4857961981691957,-0.3840069166232596,-0.433143251617221,-0.4802764242995358,-0.3832615281142983,1.0077831759182376,0.9660809546097036,1.0581881582616193,0.3861133643240834,0.2967099587498024,0.4742114126074599,0.918278992272334,0.8860623785773858,0.9422145326252256,0.962569885048358,0.9425470160588922,0.9774391113288315,0.0076051455656137,-0.03401140662814,0.0550016706027433,0.6988375350228551,-0.0027416666666665,-0.0222892014489915,0.016175986371708,"sigma (results/gateA_biomarker_scales_train.csv), centred on the reference median of the same cohort (ref_median_raw, native units): alpha is therefore the predicted-minus-reference offset at a median-valued image. beta, CCC, r, residual SD, the Bland-Altman limits and the proportional-bias slope are unaffected by the centring","results/pivot/r2/r2_calibration.csv (method=deming_l1) joined to results/pivot/r2/r2_delta_auc.csv (featureset=skan4, clf=logreg) for the dataset-level AUC gap",5758.81509292313,4607.751318460337,6970.806693624872,120,120,image,-0.4857961981691958,-0.3840069166232597,-0.5607519860825106,-0.34433775785968496,-0.5550484137246269,-0.3422308112868191,-0.48027642429953543,-0.38326152811429837,-0.5567421697223459,-0.34347555245277384,-0.5490871410693899,-0.3401794265174811,0.29670995874980227,0.47421141260746,0.2763479281093396,0.5228154836037101,0.28178886989555374,0.5336874543408789,r3_sigma_joint_boot.py: 2000 draws; test resample = the r2_calibration.py index stream (DRIVE/HRF/FIVES) or children (CHASE_DB1); sigma_b re-estimated (1.4826*MAD) in every draw from resampled training reference masks; BCa acceleration from the joint leave-one-unit-out jackknife. beta/CCC/r are scale-free and unchanged.
fives,total_length_skan,primary,200,-0.2417240471370357,-0.278534819671055,-0.2064342290363334,-0.244897093023749,-0.2819258201016879,-0.209434700853718,0.9878559426094552,0.9562589306673008,1.0192802225677045,0.2665329283916184,0.2275302194670976,0.3012622015913875,0.9621123139897748,0.9479765518825488,0.9722816802238584,0.9788207912561212,0.9704193982244596,0.9850484773785516,-0.0120874899997198,-0.0441800850912904,0.0188936202474587,0.4120323543458357,-0.0027416666666665,-0.0222892014489915,0.016175986371708,"sigma (results/gateA_biomarker_scales_train.csv), centred on the reference median of the same cohort (ref_median_raw, native units): alpha is therefore the predicted-minus-reference offset at a median-valued image. beta, CCC, r, residual SD, the Bland-Altman limits and the proportional-bias slope are unaffected by the centring","results/pivot/r2/r2_calibration.csv (method=deming_l1) joined to results/pivot/r2/r2_delta_auc.csv (featureset=skan4, clf=logreg) for the dataset-level AUC gap",5905.654590686367,4722.441026928985,7073.499732005865,120,120,image,-0.27853481967105503,-0.20643422903633338,-0.31652711708510034,-0.19167009620306336,-0.3070192959319856,-0.18702887204676877,-0.2819258201016879,-0.209434700853718,-0.3180296328653616,-0.19438386653105524,-0.3112036286403654,-0.19018315461113539,0.22753021946709762,0.3012622015913876,0.2109686806356281,0.3456618547897183,0.20955312987934716,0.34121913638183543,r3_sigma_joint_boot.py: 2000 draws; test resample = the r2_calibration.py index stream (DRIVE/HRF/FIVES) or children (CHASE_DB1); sigma_b re-estimated (1.4826*MAD) in every draw from resampled training reference masks; BCa acceleration from the joint leave-one-unit-out jackknife. beta/CCC/r are scale-free and unchanged.
