scale,bootstrap,panel,dataset,mean_abs_mu,lo,hi,mean_resid_sd,sd_lo,sd_hi
own,point,skan4,drive,0.927127302765746,0.927127302765746,0.927127302765746,1.2334314000403284,1.2334314000403284,1.2334314000403284
own,point,skan4,chasedb1,1.0883935505601123,1.0883935505601123,1.0883935505601123,1.1245188614800228,1.1245188614800228,1.1245188614800228
own,point,skan4,hrf,1.5397412335738219,1.5397412335738219,1.5397412335738219,1.4794699384807528,1.4794699384807528,1.4794699384807528
own,point,skan4,fives,0.24774028126686978,0.24774028126686978,0.24774028126686978,0.7168393978668525,0.7168393978668525,0.7168393978668525
own,point,skan3,drive,0.7832736719277166,0.7832736719277166,0.7832736719277166,0.8596869027992473,0.8596869027992473,0.8596869027992473
own,point,skan3,chasedb1,1.0785979039284213,1.0785979039284213,1.0785979039284213,0.5421538653951135,0.5421538653951135,0.5421538653951135
own,point,skan3,hrf,1.2820894689525053,1.2820894689525053,1.2820894689525053,1.0394873525941766,1.0394873525941766,1.0394873525941766
own,point,skan3,fives,0.29889406173441685,0.29889406173441685,0.29889406173441685,0.5075790186961421,0.5075790186961421,0.5075790186961421
own,image,skan4,drive,0.9311773127414817,0.695848000552626,1.2465629461062608,1.1830582001988263,0.65369672748272,1.641699417324935
own,image,skan4,chasedb1,1.1078630045298266,0.9699982517611352,1.4069581899246633,0.9747276300708635,0.4331994393854972,1.3962216484989662
own,image,skan4,hrf,1.5271508874693531,1.1649899236202061,1.96142186686689,1.446373082030016,0.950333431967267,1.8362098659117752
own,image,skan4,fives,0.2468966627638331,0.19180506974440872,0.3391118470794945,0.6985488667792161,0.49378792411477784,0.9561553265209918
own,image,skan3,drive,0.7882091776866934,0.6544453064413347,1.041653972803389,0.8327411444347828,0.6219973181445119,1.033204301590187
own,image,skan3,chasedb1,1.0785979039284213,0.7914455750135932,1.422686873060955,0.51833747676464,0.3246056087369687,0.629021760128901
own,image,skan3,hrf,1.2814273644304972,0.9908535286240179,1.5666304444739256,1.0209789843904238,0.829393157601231,1.185914532869242
own,image,skan3,fives,0.2979039664187217,0.24154791760234492,0.3664192338274045,0.49830112985273967,0.3293981100157214,0.6715739883860532
own,joint,skan4,drive,1.1095669870393923,0.6378652330412726,2.836470557480686,1.3611616043290322,0.6038525464721448,3.2343639345285013
own,joint,skan4,chasedb1,1.2245625597287266,0.6610990664500996,2.3702261415789265,1.1064540719818148,0.4507660616031531,2.267434022035616
own,joint,skan4,hrf,,0.9611191409595644,4.570898163299229,,0.8834452643674174,4.4530425748441935
own,joint,skan4,fives,0.25004449212147956,0.18387945556968838,0.36064836581312654,0.7148095553121279,0.4785181940100922,1.007866888935836
own,joint,skan3,drive,0.910835855758441,0.49905465900888596,3.14773367863244,0.9761018488355173,0.49799903840342796,3.0096849814156097
own,joint,skan3,chasedb1,1.122880531726284,0.47546967377821625,2.4777312490607484,0.5180120081704613,0.22341489705938952,1.091649172293025
own,joint,skan3,hrf,,0.6128550830613637,4.575785390650273,,0.5205432343105773,3.711542692548997
own,joint,skan3,fives,0.29884277426665007,0.2284468436674918,0.4015212978126059,0.4978031804107754,0.31876447010935627,0.7249856244873721
own,sigma,skan4,drive,1.089225390969159,0.7235679952231244,2.8481327131258585,1.4808571951779725,0.9498199901462816,3.0906042311854827
own,sigma,skan4,chasedb1,1.1840610378392464,0.7230302229829102,2.2082831183695157,1.2479351476225993,0.8123368562954303,2.240910941546711
own,sigma,skan4,hrf,,1.0390278234223305,4.398605110763063,,1.0331683122399828,4.292899083814402
own,sigma,skan4,fives,0.25027942141621656,0.21084909774267838,0.30104232554696375,0.7316093207738132,0.6332291637550908,0.8550261713959657
own,sigma,skan3,drive,0.889733347727016,0.5126451378806517,3.2502824466873133,1.0107419949126386,0.5544013961871069,2.952783263120643
own,sigma,skan3,chasedb1,1.1432046902546622,0.5294314020592074,2.4744838409258794,0.5716633813115513,0.2737183050938595,1.1631934903762444
own,sigma,skan3,hrf,,0.6337969141637828,4.521207531689613,,0.5527617374658848,3.8280771534351827
own,sigma,skan3,fives,0.300738134840251,0.24909166486912426,0.36820301298064534,0.5118872048259664,0.42894749089688894,0.6252995222351034
common,point,skan4,drive,1.3606931890851257,1.3606931890851257,1.3606931890851257,1.8930286123575506,1.8930286123575506,1.8930286123575506
common,point,skan4,chasedb1,0.8232000324891193,0.8232000324891193,0.8232000324891193,1.1456539741662026,1.1456539741662026,1.1456539741662026
common,point,skan4,hrf,1.2578376300636223,1.2578376300636223,1.2578376300636223,1.191328822290558,1.191328822290558,1.191328822290558
common,point,skan4,fives,0.3223918312519464,0.3223918312519464,0.3223918312519464,0.8282813862781602,0.8282813862781602,0.8282813862781602
common,point,skan3,drive,0.9076571334756656,0.9076571334756656,0.9076571334756656,0.9528606989941152,0.9528606989941152,0.9528606989941152
common,point,skan3,chasedb1,0.6299926024478465,0.6299926024478465,0.6299926024478465,0.3262401528597798,0.3262401528597798,0.3262401528597798
common,point,skan3,hrf,1.1690306556609404,1.1690306556609404,1.1690306556609404,0.973422391530665,0.973422391530665,0.973422391530665
common,point,skan3,fives,0.40046419092362795,0.40046419092362795,0.40046419092362795,0.6851879530738213,0.6851879530738213,0.6851879530738213
common,image,skan4,drive,1.3487368236475583,0.9409733762598441,1.966879268268639,1.8383029363979817,0.8616801225849651,2.6702861765357633
common,image,skan4,chasedb1,0.832805338314015,0.6104881635544722,1.3441943487532777,0.966479458290931,0.34881274219351655,1.4387935977059834
common,image,skan4,hrf,1.2494256159174504,0.9733490152332775,1.5767347684881343,1.163981304343043,0.8133447181489383,1.444582552600768
common,image,skan4,fives,0.3211304209633392,0.25412891130208504,0.42687672836816726,0.808513561101732,0.5699627934958417,1.1027300870853851
common,image,skan3,drive,0.9108664903103034,0.7451567522253365,1.20296705794863,0.9226950747445105,0.6890709149907047,1.1449477546742617
common,image,skan3,chasedb1,0.6299926024478465,0.43120571586958995,0.849298672670746,0.3101348332357946,0.1804145758597241,0.37146093832138743
common,image,skan3,hrf,1.1672977733880792,0.9082268432670519,1.4217179895721912,0.9552239623150283,0.7857732596983684,1.1043809310270167
common,image,skan3,fives,0.39886525327510625,0.32392056329324803,0.49170493127201914,0.6729759383506495,0.451122662918769,0.8992352190096494
common,joint,skan4,drive,1.4406181492818642,0.9444905756691777,2.191263891127444,1.898931520251495,0.8711308923066187,3.0363695941829976
common,joint,skan4,chasedb1,0.925225521508714,0.5881473592002643,1.5095793932263264,1.0722858613941315,0.35967575294206605,1.7088914756796096
common,joint,skan4,hrf,1.3276818740567515,0.9533048772683526,1.7976581552196118,1.2210807343424914,0.8186731535446992,1.669674409878549
common,joint,skan4,fives,0.3484574561803361,0.23988914836201197,0.5220755614629953,0.8736921515637986,0.5793809433447173,1.2748526897215777
common,joint,skan3,drive,0.9658002925610585,0.6996523359216352,1.4615700771364681,0.9733183663531039,0.6643374678104889,1.428827935136128
common,joint,skan3,chasedb1,0.6687345231286523,0.42558317531194756,1.0438894918566317,0.3144934481987119,0.18104018563772417,0.47234930932033614
common,joint,skan3,hrf,1.2182963261818553,0.851984461930305,1.7685323236075792,0.9934260608610481,0.7261836437570561,1.4120112333851638
common,joint,skan3,fives,0.42869985112750286,0.3037687877686147,0.6369222262979364,0.7220629749387029,0.43907428676707666,1.1205920251083115
common,sigma,skan4,drive,1.4483838576284538,1.187972752050098,1.783894616854421,2.011468404651795,1.630000972899098,2.5354525185784427
common,sigma,skan4,chasedb1,0.8757560107856893,0.7231907347293771,1.1111611369519276,1.2043222934065536,0.942223797422936,1.596833354064789
common,sigma,skan4,hrf,1.324638494057823,1.0923624729065033,1.676164243589302,1.2588190795220822,1.0408573641337142,1.5595047776963389
common,sigma,skan4,fives,0.3432684967700307,0.27067358478406633,0.4747073263600531,0.8898170797551357,0.736039387210069,1.1131615115585503
common,sigma,skan3,drive,0.9518845913534888,0.7374667868715447,1.3347705113470378,1.0049508263689426,0.7723431668370453,1.3774004436420835
common,sigma,skan3,chasedb1,0.668679220429736,0.5066433050282039,0.9342151029165778,0.34172235299943726,0.26284274275348896,0.4706275127156747
common,sigma,skan3,hrf,1.2147137371765915,0.9478224879250331,1.6780473125171986,1.0142207428661312,0.7856116204628565,1.390943003147274
common,sigma,skan3,fives,0.4262127053896765,0.33028213744993423,0.6014008948851625,0.7322497963471126,0.5679146918977398,1.0255812882100401
