dataset,biomarker,scale,scale_value,n_test,n_scale_images,mu,resid_sd,mu_lo_image,mu_hi_image,sd_lo_image,sd_hi_image,mu_lo_joint,mu_hi_joint,sd_lo_joint,sd_hi_joint,mu_lo_sigma,mu_hi_sigma,sd_lo_sigma,sd_hi_sigma,mu_width_ratio_joint_over_image,sd_width_ratio_joint_over_image,mu_excl0_image,mu_excl0_joint,source
drive,density_skan,own,0.0143081472796088,20,20,0.13297059573078904,0.9438643861836399,-0.25801574161949253,0.5622461728671783,0.6652730089578531,1.1378978653413003,-0.3496555207598345,1.0252966010201188,0.47873114558878405,3.07357065665065,0.07916091888530834,0.42461189563462093,0.561907478136641,3.014020084943069,1.6762354773480053,5.4902730485182865,False,False,"test pairs: results/pivot/bio_master.csv (gt[test] vs pred_test, seg seed 0); sigma_b images: results/gateA_biomarkers_gt.csv (obs1, train) and results/fives_native_train_biomarkers.csv (120); common scale: bio_master.csv gt[train], FOV-normalised length; 2000 draws, SEED 0"
drive,total_length_skan,own,1348.7538444287072,20,20,-1.0503333011182419,0.7241965883569031,-1.350113218684858,-0.7364287328994765,0.5131596215647828,0.8823016578082045,-6.905382222083392,-0.6381411940766627,0.4389719255611768,4.992227306437597,-7.045643923390262,-0.7458471877803488,0.5142557969466042,4.8579163268121155,10.212480799455175,12.334697579318458,True,True,"test pairs: results/pivot/bio_master.csv (gt[test] vs pred_test, seg seed 0); sigma_b images: results/gateA_biomarkers_gt.csv (obs1, train) and results/fives_native_train_biomarkers.csv (120); common scale: bio_master.csv gt[train], FOV-normalised length; 2000 draws, SEED 0"
drive,FD_skan,own,0.0304698363878889,20,20,-1.166517118934119,0.9109997338571988,-1.5552729531657503,-0.7696409492592444,0.651151138195714,1.0914310405003818,-2.7888837919598286,-0.5925717663397588,0.4732820527880654,2.043128455716294,-2.5500733348355653,-0.6762271132988813,0.5281043117525777,1.991497674268367,2.795598975982452,3.565564529997365,True,True,"test pairs: results/pivot/bio_master.csv (gt[test] vs pred_test, seg seed 0); sigma_b images: results/gateA_biomarkers_gt.csv (obs1, train) and results/fives_native_train_biomarkers.csv (120); common scale: bio_master.csv gt[train], FOV-normalised length; 2000 draws, SEED 0"
drive,tortuosity_skan,own,0.0176537846637452,20,20,-1.358688195279834,2.3546648917635715,-2.564653957288621,-0.6422868001552471,0.5663199929497514,3.819891430725241,-4.240084371787391,-0.5302426957259888,0.44115183095787575,6.948004559055134,-4.062595559445174,-0.8305338345666728,1.4393507417447893,7.040652275108582,1.929829929883687,1.9999108218586037,True,True,"test pairs: results/pivot/bio_master.csv (gt[test] vs pred_test, seg seed 0); sigma_b images: results/gateA_biomarkers_gt.csv (obs1, train) and results/fives_native_train_biomarkers.csv (120); common scale: bio_master.csv gt[train], FOV-normalised length; 2000 draws, SEED 0"
chasedb1,density_skan,own,0.0063018545612913,8,20,1.9591657313942383,0.8049248861326966,1.4784996382812448,2.4551612747815796,0.46324799221256313,0.9144271495936726,0.5601308314569473,4.7574433732107915,0.20333881156496794,1.8600141637798413,0.6038540225118875,4.567555293949682,0.24809393229088883,1.8765839285433183,4.2976117673609515,3.67187917507343,True,True,"test pairs: results/pivot/bio_master.csv (gt[test] vs pred_test, seg seed 0); sigma_b images: results/gateA_biomarkers_gt.csv (obs1, train) and results/fives_native_train_biomarkers.csv (120); common scale: bio_master.csv gt[train], FOV-normalised length; 2000 draws, SEED 0"
chasedb1,total_length_skan,own,1309.573145146277,8,20,-0.4916368011933254,0.5163014780661918,-0.8271983806677783,-0.02596072988291324,0.11291382329807602,0.6137298279704193,-1.2354127351487694,-0.03398045419834027,0.10826931828726823,1.0503790617680153,-1.028697707692614,-0.27136666754216215,0.2849807240016213,1.0803059202969414,1.4994705750204662,1.8811494335072583,True,True,"test pairs: results/pivot/bio_master.csv (gt[test] vs pred_test, seg seed 0); sigma_b images: results/gateA_biomarkers_gt.csv (obs1, train) and results/fives_native_train_biomarkers.csv (120); common scale: bio_master.csv gt[train], FOV-normalised length; 2000 draws, SEED 0"
chasedb1,FD_skan,own,0.0233801328199158,8,20,-0.7849911791977002,0.30523523198645197,-1.0269941969882375,-0.5501049762049561,0.15438613752535046,0.354440611796129,-2.292320276357503,-0.4798278428766795,0.13821006781465067,0.8388442853728189,-2.3012814091609703,-0.533567632265161,0.20747193641255052,0.8948280992268962,3.800657164160346,3.502217184154766,True,True,"test pairs: results/pivot/bio_master.csv (gt[test] vs pred_test, seg seed 0); sigma_b images: results/gateA_biomarkers_gt.csv (obs1, train) and results/fives_native_train_biomarkers.csv (120); common scale: bio_master.csv gt[train], FOV-normalised length; 2000 draws, SEED 0"
chasedb1,tortuosity_skan,own,0.0110679345896438,8,20,-1.1177804904551853,2.8716138497347505,-3.253496034657873,1.2230485805259517,0.5544197542178154,3.6978213136091616,-4.872747191741804,1.1746153393588359,0.5593483235833487,7.054993498234214,-2.775406652654061,-0.6971875836418143,1.7910972128648057,7.130108505617095,1.3508996449155934,2.06643823638893,False,False,"test pairs: results/pivot/bio_master.csv (gt[test] vs pred_test, seg seed 0); sigma_b images: results/gateA_biomarkers_gt.csv (obs1, train) and results/fives_native_train_biomarkers.csv (120); common scale: bio_master.csv gt[train], FOV-normalised length; 2000 draws, SEED 0"
hrf,density_skan,own,0.0156452398763284,30,15,0.4306561986443841,0.6801764562227076,0.19198960815921914,0.6682770199029765,0.51120086815643,0.812058507340048,0.13834030718653825,1.8197737057863295,0.3076827364444103,2.830833967690156,0.2132176193845074,1.7548350795902574,0.3367549456241584,2.7715786036476207,3.530291494465116,8.386528718673578,True,True,"test pairs: results/pivot/bio_master.csv (gt[test] vs pred_test, seg seed 0); sigma_b images: results/gateA_biomarkers_gt.csv (obs1, train) and results/fives_native_train_biomarkers.csv (120); common scale: bio_master.csv gt[train], FOV-normalised length; 2000 draws, SEED 0"
hrf,total_length_skan,own,6456.941750506251,30,15,-1.7887443991246834,1.2889075682646718,-2.249700994577995,-1.3162941994922592,0.9434603793598928,1.5363736128954084,-5.430969342750765,-0.7187836019431647,0.5270785887480786,3.872898656830869,-5.5688962563956945,-0.793753154952212,0.5719511682342682,4.012754720720099,5.048373084079353,5.643018031714036,True,True,"test pairs: results/pivot/bio_master.csv (gt[test] vs pred_test, seg seed 0); sigma_b images: results/gateA_biomarkers_gt.csv (obs1, train) and results/fives_native_train_biomarkers.csv (120); common scale: bio_master.csv gt[train], FOV-normalised length; 2000 draws, SEED 0"
hrf,FD_skan,own,0.0190610980643877,30,15,-1.6268678090884487,1.1493780332951502,-2.031389248722943,-1.2102389249545071,0.8394769816963348,1.3705113573982388,-5.954076546745958,-0.7418785358684018,0.5268232440711302,4.123590268879882,-4.889127381959033,-0.7945060958820479,0.561316567224712,3.454156252531778,6.347434641391428,6.773134074521375,True,True,"test pairs: results/pivot/bio_master.csv (gt[test] vs pred_test, seg seed 0); sigma_b images: results/gateA_biomarkers_gt.csv (obs1, train) and results/fives_native_train_biomarkers.csv (120); common scale: bio_master.csv gt[train], FOV-normalised length; 2000 draws, SEED 0"
hrf,tortuosity_skan,own,0.0058124661067053,30,15,-2.312696527437772,2.7994176961404817,-3.3915416608949718,-1.4534911860408037,1.0564051313813898,3.915511140485218,-9.940918965146096,-1.125534562980787,1.017285501059199,12.0350653829024,-9.235854426955708,-1.3083721014104073,1.5837270348144954,11.179596637541499,4.548583494879636,3.853575154877404,True,True,"test pairs: results/pivot/bio_master.csv (gt[test] vs pred_test, seg seed 0); sigma_b images: results/gateA_biomarkers_gt.csv (obs1, train) and results/fives_native_train_biomarkers.csv (120); common scale: bio_master.csv gt[train], FOV-normalised length; 2000 draws, SEED 0"
fives,density_skan,own,0.020884296713893,200,120,-0.023757809259211678,0.22869896760911362,-0.05712279951230885,0.00778947493241273,0.191326936825753,0.2632868197067215,-0.06130552876683314,0.007833071534227248,0.17681147091502789,0.3133824096674797,-0.03130791303910197,-0.0196968379762823,0.18960698190609246,0.3013782673275031,1.0651082694681708,1.8978760565572184,False,False,"test pairs: results/pivot/bio_master.csv (gt[test] vs pred_test, seg seed 0); sigma_b images: results/gateA_biomarkers_gt.csv (obs1, train) and results/fives_native_train_biomarkers.csv (120); common scale: bio_master.csv gt[train], FOV-normalised length; 2000 draws, SEED 0"
fives,total_length_skan,own,5905.654590686367,200,120,-0.24172404713703557,0.2686183889416411,-0.2788851250985368,-0.2063051492274366,0.22934561842562098,0.30387267041650823,-0.31576215914764244,-0.19150919797804034,0.21098237575339743,0.34605959691088434,-0.3005382365611379,-0.20003339715025786,0.2222892157955811,0.33397627532956226,1.7119454736423654,1.8124589333548764,True,True,"test pairs: results/pivot/bio_master.csv (gt[test] vs pred_test, seg seed 0); sigma_b images: results/gateA_biomarkers_gt.csv (obs1, train) and results/fives_native_train_biomarkers.csv (120); common scale: bio_master.csv gt[train], FOV-normalised length; 2000 draws, SEED 0"
fives,FD_skan,own,0.0352252175614159,200,120,-0.6312003288070033,1.0254196995376716,-0.7949889085517241,-0.5034534202768519,0.5242846026052769,1.495145298579828,-0.8658108291072807,-0.46720849321533653,0.5000380829956943,1.5970156848019168,-0.7865544231491131,-0.5169431379298349,0.839802599874994,1.2778009824234449,1.3672515077002383,1.1299021644964988,True,True,"test pairs: results/pivot/bio_master.csv (gt[test] vs pred_test, seg seed 0); sigma_b images: results/gateA_biomarkers_gt.csv (obs1, train) and results/fives_native_train_biomarkers.csv (120); common scale: bio_master.csv gt[train], FOV-normalised length; 2000 draws, SEED 0"
fives,tortuosity_skan,own,0.0082480255706009,200,120,-0.09427893986422867,1.3446205353789835,-0.30385075421585017,0.08554564590794438,0.8835983006323609,1.8448045755989195,-0.32239637245903013,0.09152945990001307,0.847685358485073,2.044127885732016,-0.12378437352903675,-0.0784573746040727,1.1189709726953005,1.7654315040650694,1.062993474586438,1.24473025031861,False,False,"test pairs: results/pivot/bio_master.csv (gt[test] vs pred_test, seg seed 0); sigma_b images: results/gateA_biomarkers_gt.csv (obs1, train) and results/fives_native_train_biomarkers.csv (120); common scale: bio_master.csv gt[train], FOV-normalised length; 2000 draws, SEED 0"
drive,density_skan,common,0.014138357603980991,20,255,0.13456745973363546,0.9551993964058766,-0.26111429169889544,0.5689982722261036,0.6732623731795563,1.1515630529723924,-0.29114072610938163,0.6342555920809082,0.5941787442968609,1.6863025094638258,0.09552758479231882,0.24107086257827567,0.6780828850775021,1.7111918652667872,1.1147841370027736,2.283341444632675,False,False,"test pairs: results/pivot/bio_master.csv (gt[test] vs pred_test, seg seed 0); sigma_b images: results/gateA_biomarkers_gt.csv (obs1, train) and results/fives_native_train_biomarkers.csv (120); common scale: bio_master.csv gt[train], FOV-normalised length; 2000 draws, SEED 0"
drive,total_length_skan,common,2.0642520798536137,20,255,-1.276345631097955,0.8787215520639566,-1.6405371688567825,-0.895960981920479,0.6224608086674072,1.070897879953145,-2.016744426162238,-0.8070503348436341,0.5555810481483253,1.3425290391603097,-1.9047992578999469,-0.9718479749333322,0.6690850347244933,1.3113909896273672,1.6246746975566253,1.7548682778515252,True,True,"test pairs: results/pivot/bio_master.csv (gt[test] vs pred_test, seg seed 0); sigma_b images: results/gateA_biomarkers_gt.csv (obs1, train) and results/fives_native_train_biomarkers.csv (120); common scale: bio_master.csv gt[train], FOV-normalised length; 2000 draws, SEED 0"
drive,FD_skan,common,0.027089943714890666,20,255,-1.3120583095954061,1.024661148512512,-1.7493174928754358,-0.8656656524708225,0.7323923908230652,1.2276040726666455,-2.2989620362041605,-0.869595176334017,0.7208254238122429,1.6499723024294235,-2.104439969483263,-1.084422746781629,0.8468875575606107,1.6434771689158365,1.6175679091163935,1.876262036384402,True,True,"test pairs: results/pivot/bio_master.csv (gt[test] vs pred_test, seg seed 0); sigma_b images: results/gateA_biomarkers_gt.csv (obs1, train) and results/fives_native_train_biomarkers.csv (120); common scale: bio_master.csv gt[train], FOV-normalised length; 2000 draws, SEED 0"
drive,tortuosity_skan,common,0.008819022305614871,20,255,-2.7198013559135057,4.713532352447857,-5.133885268684398,-1.2857199437048172,1.1336507449293227,7.646600543687739,-6.003915848234525,-1.249517915639188,1.036534499856583,9.200969704345225,-4.0197377491947,-2.0767562001862974,3.5991075291000385,6.966377852555086,1.2354973165350076,1.2535694971954265,True,True,"test pairs: results/pivot/bio_master.csv (gt[test] vs pred_test, seg seed 0); sigma_b images: results/gateA_biomarkers_gt.csv (obs1, train) and results/fives_native_train_biomarkers.csv (120); common scale: bio_master.csv gt[train], FOV-normalised length; 2000 draws, SEED 0"
chasedb1,density_skan,common,0.014138357603980991,8,255,0.8732540119961296,0.3587771442238755,0.6590079237171576,1.0943328575754465,0.20648236199031866,0.40758531259761693,0.5671055879535927,1.610541880515391,0.190720829171433,0.6258437342372497,0.6199109862169887,1.564390814380721,0.2546909493144398,0.6427312799291961,2.396913687699468,2.1636823515110852,True,True,"test pairs: results/pivot/bio_master.csv (gt[test] vs pred_test, seg seed 0); sigma_b images: results/gateA_biomarkers_gt.csv (obs1, train) and results/fives_native_train_biomarkers.csv (120); common scale: bio_master.csv gt[train], FOV-normalised length; 2000 draws, SEED 0"
chasedb1,total_length_skan,common,2.0642520798536137,8,255,-0.3392326117088013,0.3565082795591998,-0.5714458757532676,-0.017307045206106902,0.0775150403994642,0.4238085719552712,-0.6736967511922486,-0.022841262265628725,0.07577983227650321,0.526360450067763,-0.5062657099257107,-0.25830191970566785,0.2714561331153912,0.5320476599707448,1.1745350678348248,1.3011522790128882,True,True,"test pairs: results/pivot/bio_master.csv (gt[test] vs pred_test, seg seed 0); sigma_b images: results/gateA_biomarkers_gt.csv (obs1, train) and results/fives_native_train_biomarkers.csv (120); common scale: bio_master.csv gt[train], FOV-normalised length; 2000 draws, SEED 0"
chasedb1,FD_skan,common,0.027089943714890666,8,255,-0.6774911836386084,0.2634350347962641,-0.8863532897511843,-0.4747712857557115,0.13324385014917514,0.30590202282371765,-1.1662721798224418,-0.481293753561838,0.1305180687790192,0.42349957097058816,-1.086643417746626,-0.5599498474334339,0.21773037215119742,0.42252940477807366,1.6642574738718123,1.696887541743151,True,True,"test pairs: results/pivot/bio_master.csv (gt[test] vs pred_test, seg seed 0); sigma_b images: results/gateA_biomarkers_gt.csv (obs1, train) and results/fives_native_train_biomarkers.csv (120); common scale: bio_master.csv gt[train], FOV-normalised length; 2000 draws, SEED 0"
chasedb1,tortuosity_skan,common,0.008819022305614871,8,255,-1.4028223226129377,3.6038954380854706,-4.083160247404341,1.5349345108923778,0.6958006638652385,4.6407915758597715,-4.313536466948639,1.4581289576134933,0.6891160449398165,5.795884091169364,-2.073305035075341,-1.0711517405166002,2.7518230989900023,5.326386982315862,1.0273350081962611,1.2944942485678974,False,False,"test pairs: results/pivot/bio_master.csv (gt[test] vs pred_test, seg seed 0); sigma_b images: results/gateA_biomarkers_gt.csv (obs1, train) and results/fives_native_train_biomarkers.csv (120); common scale: bio_master.csv gt[train], FOV-normalised length; 2000 draws, SEED 0"
hrf,density_skan,common,0.014138357603980991,30,255,0.4765560272801388,0.7526704383852102,0.21245207948110678,0.7395027465761654,0.5656852394964664,0.8986086288672517,0.20740874645286908,0.9581514650511755,0.4899322807409782,1.3384252086912736,0.3383005549365748,0.853726248460822,0.5343103694298479,1.348371383229273,1.4244222908134614,2.5486131495714983,True,True,"test pairs: results/pivot/bio_master.csv (gt[test] vs pred_test, seg seed 0); sigma_b images: results/gateA_biomarkers_gt.csv (obs1, train) and results/fives_native_train_biomarkers.csv (120); common scale: bio_master.csv gt[train], FOV-normalised length; 2000 draws, SEED 0"
hrf,total_length_skan,common,2.0642520798536137,30,255,-1.8858348959059352,1.358868315200527,-2.3718554571761126,-1.3877619000841193,0.9947009575573417,1.619760087222367,-2.9308094608056274,-1.2235300200085877,0.8892013928384304,2.058740847408446,-2.81439198185947,-1.435931443638982,1.0346832301158622,2.0279548856614262,1.7348751330534753,1.8710861086002888,True,True,"test pairs: results/pivot/bio_master.csv (gt[test] vs pred_test, seg seed 0); sigma_b images: results/gateA_biomarkers_gt.csv (obs1, train) and results/fives_native_train_biomarkers.csv (120); common scale: bio_master.csv gt[train], FOV-normalised length; 2000 draws, SEED 0"
hrf,FD_skan,common,0.027089943714890666,30,255,-1.1447010437967475,0.808728421006258,-1.429331492319313,-0.8515515230552818,0.5906750209345946,0.964322837162837,-1.9622889652828577,-0.8269081881078364,0.5718864194860338,1.340155933693151,-1.8360118693337084,-0.9461011306278405,0.6684180796647778,1.2971377881425643,1.9650746608977374,2.056132756140131,True,True,"test pairs: results/pivot/bio_master.csv (gt[test] vs pred_test, seg seed 0); sigma_b images: results/gateA_biomarkers_gt.csv (obs1, train) and results/fives_native_train_biomarkers.csv (120); common scale: bio_master.csv gt[train], FOV-normalised length; 2000 draws, SEED 0"
hrf,tortuosity_skan,common,0.008819022305614871,30,255,-1.524258553271668,1.8450481145702373,-2.235306848116266,-0.9579710723577799,0.6962584749552665,2.5806461312618914,-2.6672625556731426,-0.9244875034512664,0.6798865853401272,3.0948064283898944,-2.252782039687268,-1.1638766905940907,1.4088216785555692,2.726893836968271,1.364382870421844,1.2815408947132345,True,True,"test pairs: results/pivot/bio_master.csv (gt[test] vs pred_test, seg seed 0); sigma_b images: results/gateA_biomarkers_gt.csv (obs1, train) and results/fives_native_train_biomarkers.csv (120); common scale: bio_master.csv gt[train], FOV-normalised length; 2000 draws, SEED 0"
fives,density_skan,common,0.014138357603980991,200,255,-0.03509354846858195,0.33781979714283616,-0.08437822323912443,0.01150612470631902,0.2826161729636966,0.3889108068722334,-0.10017675394258282,0.012487283539922551,0.22706084048953531,0.6086098115156263,-0.06286833397167095,-0.024912426329750156,0.23981361749686045,0.6051872425506288,1.1749992558390163,3.58954123078689,False,False,"test pairs: results/pivot/bio_master.csv (gt[test] vs pred_test, seg seed 0); sigma_b images: results/gateA_biomarkers_gt.csv (obs1, train) and results/fives_native_train_biomarkers.csv (120); common scale: bio_master.csv gt[train], FOV-normalised length; 2000 draws, SEED 0"
fives,total_length_skan,common,2.0642520798536137,200,255,-0.34554542137612176,0.3843846284773834,-0.3984174064380405,-0.29524726934992873,0.32848556698355436,0.4344144749912184,-0.5220448680491444,-0.2461960042486859,0.2757861897816045,0.5754302009625653,-0.5156868532873499,-0.2631086829693516,0.29268202411590855,0.5736499089529729,2.6737278013391754,2.828727462755316,True,True,"test pairs: results/pivot/bio_master.csv (gt[test] vs pred_test, seg seed 0); sigma_b images: results/gateA_biomarkers_gt.csv (obs1, train) and results/fives_native_train_biomarkers.csv (120); common scale: bio_master.csv gt[train], FOV-normalised length; 2000 draws, SEED 0"
fives,FD_skan,common,0.027089943714890666,200,255,-0.8207536029261802,1.3333594336012444,-1.033728883211158,-0.6546435255804163,0.6817304378790546,1.9441464693576662,-1.3825654779589842,-0.6154589026967758,0.6809324364468216,2.495374871523487,-1.3164252491399306,-0.6783569525889332,1.1020282321743249,2.138605323587555,2.0235721581455257,1.4372777197319728,True,True,"test pairs: results/pivot/bio_master.csv (gt[test] vs pred_test, seg seed 0); sigma_b images: results/gateA_biomarkers_gt.csv (obs1, train) and results/fives_native_train_biomarkers.csv (120); common scale: bio_master.csv gt[train], FOV-normalised length; 2000 draws, SEED 0"
fives,tortuosity_skan,common,0.008819022305614871,200,255,-0.08817475223690191,1.2575616858911767,-0.2841776223678537,0.08000690444484612,0.8263888133172255,1.725360792274417,-0.3091019482492584,0.08172525675350825,0.7666840905343429,2.1185448163564384,-0.13031811287318007,-0.06732751383101379,0.9602352107858457,1.8586166852688517,1.0731570844682514,1.5037851651285679,False,False,"test pairs: results/pivot/bio_master.csv (gt[test] vs pred_test, seg seed 0); sigma_b images: results/gateA_biomarkers_gt.csv (obs1, train) and results/fives_native_train_biomarkers.csv (120); common scale: bio_master.csv gt[train], FOV-normalised length; 2000 draws, SEED 0"
