scale,bootstrap,panel,hrf_over_fives_mu_lo,hrf_over_fives_mu_hi,p_hrf_gt_fives_mu,hrf_over_fives_sd_lo,hrf_over_fives_sd_hi,p_hrf_gt_fives_sd,grand_mu_lo,grand_mu_hi,grand_sd_lo,grand_sd_hi,p_grand_in_order_one,p_all_cohort_means_in_order_one,topo_cem_L0_edit_burden_ratio_mu_lo,topo_cem_L0_edit_burden_ratio_mu_hi,topo_cem_L0_edit_burden_ratio_sd_lo,topo_cem_L0_edit_burden_ratio_sd_hi,topo_cem_L0_edit_burden_p_ratio_ge10,topo_nn_within_image_ratio_mu_lo,topo_nn_within_image_ratio_mu_hi,topo_nn_within_image_ratio_sd_lo,topo_nn_within_image_ratio_sd_hi,topo_nn_within_image_p_ratio_ge10,topo_worst_stratum_ratio_mu_lo,topo_worst_stratum_ratio_mu_hi,topo_worst_stratum_ratio_sd_lo,topo_worst_stratum_ratio_sd_hi,topo_worst_stratum_p_ratio_ge10
own,image,skan4,4.041728507979524,8.930774696996417,1.0,1.2066776696815273,3.2438850277614373,0.9945,0.8371617670578929,1.1097621310927295,0.836438342837358,1.2794794407453494,1.0,0.034,42.198574314116684,55.939463079506055,42.16210887585598,64.49435507957605,1.0,17.52098554000586,23.226247323806856,17.505844971234037,26.778266354444945,1.0,15.395759349205678,20.408995462383285,15.382455271493333,23.53016864494414,1.0
own,image,skan3,3.089079958920494,5.693386244117188,1.0,1.3998287124757671,3.230812352441142,1.0,0.7543341756568634,0.984306790631027,0.6150018809286659,0.7952410640920494,1.0,0.136,118.93372802551389,155.19285736807095,96.96560066081624,125.38340099609604,1.0,100.25104778918644,130.81441924707258,81.73377919902848,105.68757520603282,1.0,96.0670462479182,125.35484806233231,78.32260030679849,101.27667888817267,1.0
own,joint,skan4,3.5056284306801873,19.069608235255664,0.9995,1.1031176631577597,7.02905614562617,0.985,0.8057521234912989,2.0240720172453295,0.8811410024458045,2.1393356227437628,0.996,0.0525,23.252158387283504,94.33203009047159,26.743380915864815,101.59559134800729,0.998,9.908537045953878,46.74916177353928,11.495936288119221,48.325165626356124,0.972,8.706670724308136,40.51123112493009,10.101524721972067,42.12424275252501,0.941
own,joint,skan3,1.901787533344335,15.033108381289795,0.9995,0.938382391928281,8.044383844218158,0.9605,0.6232313165460884,2.107218745766288,0.5366759223041454,1.6272870080885546,0.9945,0.178,34.028376796056314,187.42099128714844,27.564056949318335,150.8310385979452,0.9995,35.91171797716474,178.78005286058357,28.78610926174713,147.5314018103324,0.9995,28.174207520846405,145.50939107435286,22.646809274065575,118.21253495344855,0.9995
own,sigma,skan4,4.043669754414069,18.312425434268818,0.9995,1.3673214472666122,6.024744267562275,0.9985,0.8224362401928429,2.0192394158951363,1.0389091750908546,2.124118540745104,0.9965,0.001,23.177451856875845,94.04381996446561,30.39634047447062,102.05190921305274,0.999,9.73199758207569,44.1397001080571,13.173472276273717,49.05813862987216,0.97,8.551544798583215,38.62156752947658,11.575582235134645,43.055514597613985,0.9375
own,sigma,skan3,2.069568144454326,15.357620059145617,0.9995,1.0309675079156193,7.893757016437388,0.982,0.6342817131560721,2.1279439194741023,0.5788146125057217,1.706906568505212,0.9945,0.123,34.491108054313074,181.2425712105481,28.389013898616813,154.04811933939777,0.9995,36.2607215392121,175.3488128891867,30.05476207430165,150.5026664138755,0.9995,28.467133366089936,142.71022779060812,23.323378214520613,122.10732491347375,0.9995
common,image,skan4,2.6474988586862596,5.431074105662886,1.0,0.8853262696749423,2.2191032526701124,0.939,0.7945190995502606,1.1621930717044888,0.860279774087824,1.472780053426347,1.0,0.3835,,,,,,,,,,,,,,,
common,image,skan3,2.116907446499316,3.863824824561499,1.0,0.9897975599329383,2.201133824028265,0.97,0.6858562314572771,0.884759854407273,0.6145884863457801,0.7987984822257556,1.0,0.1785,,,,,,,,,,,,,,,
common,joint,skan4,2.545419745516847,5.651031979886994,1.0,0.86260331572697,2.2041988713842264,0.921,0.7737445787982267,1.3572060437478923,0.8576893152660845,1.7136124237404078,1.0,0.5585,,,,,,,,,,,,,,,
common,joint,skan3,2.036313610700942,3.8547402456619264,1.0,0.9364811701606548,2.1725759038072785,0.949,0.6045912965868231,1.1570700544825328,0.556986692107249,1.0412515516228622,1.0,0.3815,,,,,,,,,,,,,,,
common,sigma,skan4,3.2949464389786356,4.472659298872742,1.0,1.3180217549151536,1.5013006409216643,1.0,0.8247344614079912,1.2465449674231674,1.0993132972832944,1.6678372558513794,1.0,0.573,,,,,,,,,,,,,,,
common,sigma,skan3,2.5816065115213243,3.1421013355591696,1.0,1.2478514610018645,1.5218267363334181,1.0,0.6344884495111196,1.1214868549039847,0.5963762712582736,1.065548936102762,1.0,0.5745,,,,,,,,,,,,,,,
own,point,skan4,,,,,,,0.9507505920416375,0.9507505920416375,1.138564899466989,1.138564899466989,,,47.92421380333415,47.92421380333415,57.39131600628864,57.39131600628864,,19.89828971031064,19.89828971031064,23.829061389206764,23.829061389206764,,17.484705933991407,17.484705933991407,20.938690567833966,20.938690567833966,
own,point,skan3,,,,,,,0.860713776635765,0.860713776635765,0.7372267848711699,0.7372267848711699,,,135.706297714896,135.706297714896,116.23645428584788,116.23645428584788,,114.3889018142196,114.3889018142196,97.97747474086019,97.97747474086019,,109.61485354191514,109.61485354191514,93.88836131645618,93.88836131645618,
