dataset,cohort_role,split_unit,n_excluded,exclude_src,is_primary,target,featureset,clf,tag,ref,auc_ci_lo,auc_ci_hi,delta_vs_ref,delta_ci_lo,delta_ci_hi,delta_p
odir5k,sensitivity,subject,0,no exclusion pre-registered for odir5k,False,y_disease,bio,logreg,e3_fives_s0_baseline,e3_fives_s0_baseline,0.6951837095094027,0.7170002912476391,0.0,0.0,0.0,
odir5k,sensitivity,subject,0,no exclusion pre-registered for odir5k,False,y_disease,bio,logreg,e3_fives_s0_continued,e3_fives_s0_baseline,0.6911447329345601,0.7133285601813965,-0.0036929277204192923,-0.00712515918734698,2.451203600655744e-05,0.052
odir5k,sensitivity,subject,0,no exclusion pre-registered for odir5k,False,y_disease,bio,logreg,e3_fives_s0_reliseg,e3_fives_s0_baseline,0.6916906612254188,0.7134943220615393,-0.003508437106197859,-0.006944886625018229,6.669597202898753e-05,0.056
odir5k,sensitivity,subject,0,no exclusion pre-registered for odir5k,False,y_disease,bio,logreg,e3_fives_s0_cfloss,e3_fives_s0_baseline,0.6907100043311534,0.712815649682533,-0.004465172895649072,-0.008167888645177016,-0.0004923598990705494,0.02
odir5k,sensitivity,subject,0,no exclusion pre-registered for odir5k,False,y_disease,bio,gbdt,e3_fives_s0_baseline,e3_fives_s0_baseline,0.7001823212620071,0.7217235545150877,0.0,0.0,0.0,
odir5k,sensitivity,subject,0,no exclusion pre-registered for odir5k,False,y_disease,bio,gbdt,e3_fives_s0_continued,e3_fives_s0_baseline,0.6990660228186228,0.7199190874794195,-0.0015935471665757817,-0.006374335199845277,0.0028586307422387046,0.44
odir5k,sensitivity,subject,0,no exclusion pre-registered for odir5k,False,y_disease,bio,gbdt,e3_fives_s0_reliseg,e3_fives_s0_baseline,0.7002543794800298,0.7204740874805275,-0.0007834979178575896,-0.005494470044532507,0.0035700247665824717,0.702
odir5k,sensitivity,subject,0,no exclusion pre-registered for odir5k,False,y_disease,bio,gbdt,e3_fives_s0_cfloss,e3_fives_s0_baseline,0.6999398273591388,0.7213227267155111,-0.0004062225011947085,-0.005505909063429401,0.003965168074983572,0.856
odir5k,sensitivity,subject,0,no exclusion pre-registered for odir5k,False,y_disease,bio+cov,logreg,e3_fives_s0_baseline,e3_fives_s0_baseline,0.725541263341784,0.7479256255520025,0.0,0.0,0.0,
odir5k,sensitivity,subject,0,no exclusion pre-registered for odir5k,False,y_disease,bio+cov,logreg,e3_fives_s0_continued,e3_fives_s0_baseline,0.7223390927760137,0.7456844740265923,-0.00282443263355614,-0.005420776220172149,-0.00022074952340882532,0.022
odir5k,sensitivity,subject,0,no exclusion pre-registered for odir5k,False,y_disease,bio+cov,logreg,e3_fives_s0_reliseg,e3_fives_s0_baseline,0.7228862986414962,0.7460751871286488,-0.0023165121374977282,-0.004797895582208461,8.269569053078726e-05,0.058
odir5k,sensitivity,subject,0,no exclusion pre-registered for odir5k,False,y_disease,bio+cov,logreg,e3_fives_s0_cfloss,e3_fives_s0_baseline,0.722767980117054,0.7455504160048019,-0.002546349419917049,-0.005457235806568306,0.00019082335020641965,0.076
odir5k,sensitivity,subject,0,no exclusion pre-registered for odir5k,False,y_disease,bio+cov,gbdt,e3_fives_s0_baseline,e3_fives_s0_baseline,0.7400707070459985,0.7620705956424463,0.0,0.0,0.0,
odir5k,sensitivity,subject,0,no exclusion pre-registered for odir5k,False,y_disease,bio+cov,gbdt,e3_fives_s0_continued,e3_fives_s0_baseline,0.7402824726111954,0.762378929382949,0.0005444997790866601,-0.0017310004101921711,0.0026825775394226756,0.692
odir5k,sensitivity,subject,0,no exclusion pre-registered for odir5k,False,y_disease,bio+cov,gbdt,e3_fives_s0_reliseg,e3_fives_s0_baseline,0.7410954470773793,0.7622034164761504,0.0007114334419797697,-0.0018076128461227273,0.00310789930178249,0.548
odir5k,sensitivity,subject,0,no exclusion pre-registered for odir5k,False,y_disease,bio+cov,gbdt,e3_fives_s0_cfloss,e3_fives_s0_baseline,0.7401596758829105,0.7621282637098252,-2.2304096847225452e-05,-0.0024815631459169734,0.0023163574274335267,0.956
