dataset,cohort_role,split_unit,n_excluded,exclude_src,is_primary,tag,target,kind,featureset,clf,n,n_groups,n_classes,macro_auroc,macro_auprc,class_counts
odir5k,sensitivity,subject,0,no exclusion pre-registered for odir5k,False,e3_fives_s0_baseline,y_disease,multiclass,bio,logreg,6392,3358,8,0.7061664902096614,0.27502041967431684,age_related_macular_degeneration=266;cataract=293;diabetes=1608;glaucoma=284;hypertension=128;normal=2873;other_diseases_abnormalities=708;pathological_myopia=232
odir5k,sensitivity,subject,0,no exclusion pre-registered for odir5k,False,e3_fives_s1_baseline,y_disease,multiclass,bio,logreg,6392,3358,8,0.7048526448923973,0.27034079223531615,age_related_macular_degeneration=266;cataract=293;diabetes=1608;glaucoma=284;hypertension=128;normal=2873;other_diseases_abnormalities=708;pathological_myopia=232
odir5k,sensitivity,subject,0,no exclusion pre-registered for odir5k,False,e3_fives_s2_baseline,y_disease,multiclass,bio,logreg,6392,3358,8,0.7071293065882152,0.2796859917224469,age_related_macular_degeneration=266;cataract=293;diabetes=1608;glaucoma=284;hypertension=128;normal=2873;other_diseases_abnormalities=708;pathological_myopia=232
odir5k,sensitivity,subject,0,no exclusion pre-registered for odir5k,False,e3_fives_s0_continued,y_disease,multiclass,bio,logreg,6392,3358,8,0.7024735624892421,0.2688827703290628,age_related_macular_degeneration=266;cataract=293;diabetes=1608;glaucoma=284;hypertension=128;normal=2873;other_diseases_abnormalities=708;pathological_myopia=232
odir5k,sensitivity,subject,0,no exclusion pre-registered for odir5k,False,e3_fives_s1_continued,y_disease,multiclass,bio,logreg,6392,3358,8,0.707191600899948,0.27596437577047095,age_related_macular_degeneration=266;cataract=293;diabetes=1608;glaucoma=284;hypertension=128;normal=2873;other_diseases_abnormalities=708;pathological_myopia=232
odir5k,sensitivity,subject,0,no exclusion pre-registered for odir5k,False,e3_fives_s2_continued,y_disease,multiclass,bio,logreg,6392,3358,8,0.7050347188252293,0.2750305047004379,age_related_macular_degeneration=266;cataract=293;diabetes=1608;glaucoma=284;hypertension=128;normal=2873;other_diseases_abnormalities=708;pathological_myopia=232
odir5k,sensitivity,subject,0,no exclusion pre-registered for odir5k,False,e3_fives_s0_reliseg,y_disease,multiclass,bio,logreg,6392,3358,8,0.7026580531034635,0.26949517695958786,age_related_macular_degeneration=266;cataract=293;diabetes=1608;glaucoma=284;hypertension=128;normal=2873;other_diseases_abnormalities=708;pathological_myopia=232
odir5k,sensitivity,subject,0,no exclusion pre-registered for odir5k,False,e3_fives_s1_reliseg,y_disease,multiclass,bio,logreg,6392,3358,8,0.7035317938327899,0.27627758852815437,age_related_macular_degeneration=266;cataract=293;diabetes=1608;glaucoma=284;hypertension=128;normal=2873;other_diseases_abnormalities=708;pathological_myopia=232
odir5k,sensitivity,subject,0,no exclusion pre-registered for odir5k,False,e3_fives_s2_reliseg,y_disease,multiclass,bio,logreg,6392,3358,8,0.7052522292354841,0.27519971797387377,age_related_macular_degeneration=266;cataract=293;diabetes=1608;glaucoma=284;hypertension=128;normal=2873;other_diseases_abnormalities=708;pathological_myopia=232
odir5k,sensitivity,subject,0,no exclusion pre-registered for odir5k,False,e3_fives_s0_cfloss,y_disease,multiclass,bio,logreg,6392,3358,8,0.7017013173140123,0.26654521863047065,age_related_macular_degeneration=266;cataract=293;diabetes=1608;glaucoma=284;hypertension=128;normal=2873;other_diseases_abnormalities=708;pathological_myopia=232
odir5k,sensitivity,subject,0,no exclusion pre-registered for odir5k,False,e3_fives_s1_cfloss,y_disease,multiclass,bio,logreg,6392,3358,8,0.7049544019559493,0.27279757493683343,age_related_macular_degeneration=266;cataract=293;diabetes=1608;glaucoma=284;hypertension=128;normal=2873;other_diseases_abnormalities=708;pathological_myopia=232
odir5k,sensitivity,subject,0,no exclusion pre-registered for odir5k,False,e3_fives_s2_cfloss,y_disease,multiclass,bio,logreg,6392,3358,8,0.7069362765469887,0.2780953408483369,age_related_macular_degeneration=266;cataract=293;diabetes=1608;glaucoma=284;hypertension=128;normal=2873;other_diseases_abnormalities=708;pathological_myopia=232
odir5k,sensitivity,subject,0,no exclusion pre-registered for odir5k,False,e3_fives_s0_baseline,y_disease,multiclass,bio,gbdt,6392,3358,8,0.7115171989233748,0.28881049083557264,age_related_macular_degeneration=266;cataract=293;diabetes=1608;glaucoma=284;hypertension=128;normal=2873;other_diseases_abnormalities=708;pathological_myopia=232
odir5k,sensitivity,subject,0,no exclusion pre-registered for odir5k,False,e3_fives_s1_baseline,y_disease,multiclass,bio,gbdt,6392,3358,8,0.7190558564262715,0.29380948768923376,age_related_macular_degeneration=266;cataract=293;diabetes=1608;glaucoma=284;hypertension=128;normal=2873;other_diseases_abnormalities=708;pathological_myopia=232
odir5k,sensitivity,subject,0,no exclusion pre-registered for odir5k,False,e3_fives_s2_baseline,y_disease,multiclass,bio,gbdt,6392,3358,8,0.7147461208588186,0.2891413844330262,age_related_macular_degeneration=266;cataract=293;diabetes=1608;glaucoma=284;hypertension=128;normal=2873;other_diseases_abnormalities=708;pathological_myopia=232
odir5k,sensitivity,subject,0,no exclusion pre-registered for odir5k,False,e3_fives_s0_continued,y_disease,multiclass,bio,gbdt,6392,3358,8,0.7099236517567991,0.2846688795326926,age_related_macular_degeneration=266;cataract=293;diabetes=1608;glaucoma=284;hypertension=128;normal=2873;other_diseases_abnormalities=708;pathological_myopia=232
odir5k,sensitivity,subject,0,no exclusion pre-registered for odir5k,False,e3_fives_s1_continued,y_disease,multiclass,bio,gbdt,6392,3358,8,0.721026726985449,0.29876154094875945,age_related_macular_degeneration=266;cataract=293;diabetes=1608;glaucoma=284;hypertension=128;normal=2873;other_diseases_abnormalities=708;pathological_myopia=232
odir5k,sensitivity,subject,0,no exclusion pre-registered for odir5k,False,e3_fives_s2_continued,y_disease,multiclass,bio,gbdt,6392,3358,8,0.7144727279743519,0.29027640602226634,age_related_macular_degeneration=266;cataract=293;diabetes=1608;glaucoma=284;hypertension=128;normal=2873;other_diseases_abnormalities=708;pathological_myopia=232
odir5k,sensitivity,subject,0,no exclusion pre-registered for odir5k,False,e3_fives_s0_reliseg,y_disease,multiclass,bio,gbdt,6392,3358,8,0.7107337010055172,0.28885675454099224,age_related_macular_degeneration=266;cataract=293;diabetes=1608;glaucoma=284;hypertension=128;normal=2873;other_diseases_abnormalities=708;pathological_myopia=232
odir5k,sensitivity,subject,0,no exclusion pre-registered for odir5k,False,e3_fives_s1_reliseg,y_disease,multiclass,bio,gbdt,6392,3358,8,0.7187372233988272,0.2947777235334685,age_related_macular_degeneration=266;cataract=293;diabetes=1608;glaucoma=284;hypertension=128;normal=2873;other_diseases_abnormalities=708;pathological_myopia=232
odir5k,sensitivity,subject,0,no exclusion pre-registered for odir5k,False,e3_fives_s2_reliseg,y_disease,multiclass,bio,gbdt,6392,3358,8,0.713483515384542,0.29150742384797723,age_related_macular_degeneration=266;cataract=293;diabetes=1608;glaucoma=284;hypertension=128;normal=2873;other_diseases_abnormalities=708;pathological_myopia=232
odir5k,sensitivity,subject,0,no exclusion pre-registered for odir5k,False,e3_fives_s0_cfloss,y_disease,multiclass,bio,gbdt,6392,3358,8,0.7111109764221801,0.2974551928172032,age_related_macular_degeneration=266;cataract=293;diabetes=1608;glaucoma=284;hypertension=128;normal=2873;other_diseases_abnormalities=708;pathological_myopia=232
odir5k,sensitivity,subject,0,no exclusion pre-registered for odir5k,False,e3_fives_s1_cfloss,y_disease,multiclass,bio,gbdt,6392,3358,8,0.7192508025134597,0.29729929792531296,age_related_macular_degeneration=266;cataract=293;diabetes=1608;glaucoma=284;hypertension=128;normal=2873;other_diseases_abnormalities=708;pathological_myopia=232
odir5k,sensitivity,subject,0,no exclusion pre-registered for odir5k,False,e3_fives_s2_cfloss,y_disease,multiclass,bio,gbdt,6392,3358,8,0.7162704217732176,0.29451375244993516,age_related_macular_degeneration=266;cataract=293;diabetes=1608;glaucoma=284;hypertension=128;normal=2873;other_diseases_abnormalities=708;pathological_myopia=232
odir5k,sensitivity,subject,0,no exclusion pre-registered for odir5k,False,e3_fives_s0_baseline,y_disease,multiclass,bio+cov,logreg,6392,3358,8,0.7365763090100351,0.32370184912224287,age_related_macular_degeneration=266;cataract=293;diabetes=1608;glaucoma=284;hypertension=128;normal=2873;other_diseases_abnormalities=708;pathological_myopia=232
odir5k,sensitivity,subject,0,no exclusion pre-registered for odir5k,False,e3_fives_s1_baseline,y_disease,multiclass,bio+cov,logreg,6392,3358,8,0.7337321499857903,0.31803051819416694,age_related_macular_degeneration=266;cataract=293;diabetes=1608;glaucoma=284;hypertension=128;normal=2873;other_diseases_abnormalities=708;pathological_myopia=232
odir5k,sensitivity,subject,0,no exclusion pre-registered for odir5k,False,e3_fives_s2_baseline,y_disease,multiclass,bio+cov,logreg,6392,3358,8,0.7372714029532608,0.32555878033018554,age_related_macular_degeneration=266;cataract=293;diabetes=1608;glaucoma=284;hypertension=128;normal=2873;other_diseases_abnormalities=708;pathological_myopia=232
odir5k,sensitivity,subject,0,no exclusion pre-registered for odir5k,False,e3_fives_s0_continued,y_disease,multiclass,bio+cov,logreg,6392,3358,8,0.733751876376479,0.318076665411185,age_related_macular_degeneration=266;cataract=293;diabetes=1608;glaucoma=284;hypertension=128;normal=2873;other_diseases_abnormalities=708;pathological_myopia=232
odir5k,sensitivity,subject,0,no exclusion pre-registered for odir5k,False,e3_fives_s1_continued,y_disease,multiclass,bio+cov,logreg,6392,3358,8,0.7361648175056521,0.32318030150792465,age_related_macular_degeneration=266;cataract=293;diabetes=1608;glaucoma=284;hypertension=128;normal=2873;other_diseases_abnormalities=708;pathological_myopia=232
odir5k,sensitivity,subject,0,no exclusion pre-registered for odir5k,False,e3_fives_s2_continued,y_disease,multiclass,bio+cov,logreg,6392,3358,8,0.7367709226120589,0.3255039558808065,age_related_macular_degeneration=266;cataract=293;diabetes=1608;glaucoma=284;hypertension=128;normal=2873;other_diseases_abnormalities=708;pathological_myopia=232
odir5k,sensitivity,subject,0,no exclusion pre-registered for odir5k,False,e3_fives_s0_reliseg,y_disease,multiclass,bio+cov,logreg,6392,3358,8,0.7342597968725374,0.3194917207502661,age_related_macular_degeneration=266;cataract=293;diabetes=1608;glaucoma=284;hypertension=128;normal=2873;other_diseases_abnormalities=708;pathological_myopia=232
odir5k,sensitivity,subject,0,no exclusion pre-registered for odir5k,False,e3_fives_s1_reliseg,y_disease,multiclass,bio+cov,logreg,6392,3358,8,0.7338116978116362,0.3209741968644341,age_related_macular_degeneration=266;cataract=293;diabetes=1608;glaucoma=284;hypertension=128;normal=2873;other_diseases_abnormalities=708;pathological_myopia=232
odir5k,sensitivity,subject,0,no exclusion pre-registered for odir5k,False,e3_fives_s2_reliseg,y_disease,multiclass,bio+cov,logreg,6392,3358,8,0.7385064282737696,0.3240403984628942,age_related_macular_degeneration=266;cataract=293;diabetes=1608;glaucoma=284;hypertension=128;normal=2873;other_diseases_abnormalities=708;pathological_myopia=232
odir5k,sensitivity,subject,0,no exclusion pre-registered for odir5k,False,e3_fives_s0_cfloss,y_disease,multiclass,bio+cov,logreg,6392,3358,8,0.7340299595901181,0.31743937091593083,age_related_macular_degeneration=266;cataract=293;diabetes=1608;glaucoma=284;hypertension=128;normal=2873;other_diseases_abnormalities=708;pathological_myopia=232
odir5k,sensitivity,subject,0,no exclusion pre-registered for odir5k,False,e3_fives_s1_cfloss,y_disease,multiclass,bio+cov,logreg,6392,3358,8,0.7341790527692273,0.32003794328957447,age_related_macular_degeneration=266;cataract=293;diabetes=1608;glaucoma=284;hypertension=128;normal=2873;other_diseases_abnormalities=708;pathological_myopia=232
odir5k,sensitivity,subject,0,no exclusion pre-registered for odir5k,False,e3_fives_s2_cfloss,y_disease,multiclass,bio+cov,logreg,6392,3358,8,0.7367828645194885,0.3243394299553679,age_related_macular_degeneration=266;cataract=293;diabetes=1608;glaucoma=284;hypertension=128;normal=2873;other_diseases_abnormalities=708;pathological_myopia=232
odir5k,sensitivity,subject,0,no exclusion pre-registered for odir5k,False,e3_fives_s0_baseline,y_disease,multiclass,bio+cov,gbdt,6392,3358,8,0.7511070480175623,0.3524051574944709,age_related_macular_degeneration=266;cataract=293;diabetes=1608;glaucoma=284;hypertension=128;normal=2873;other_diseases_abnormalities=708;pathological_myopia=232
odir5k,sensitivity,subject,0,no exclusion pre-registered for odir5k,False,e3_fives_s1_baseline,y_disease,multiclass,bio+cov,gbdt,6392,3358,8,0.7560543420275768,0.3562713468051292,age_related_macular_degeneration=266;cataract=293;diabetes=1608;glaucoma=284;hypertension=128;normal=2873;other_diseases_abnormalities=708;pathological_myopia=232
odir5k,sensitivity,subject,0,no exclusion pre-registered for odir5k,False,e3_fives_s2_baseline,y_disease,multiclass,bio+cov,gbdt,6392,3358,8,0.7540600620381857,0.35187488422206686,age_related_macular_degeneration=266;cataract=293;diabetes=1608;glaucoma=284;hypertension=128;normal=2873;other_diseases_abnormalities=708;pathological_myopia=232
odir5k,sensitivity,subject,0,no exclusion pre-registered for odir5k,False,e3_fives_s0_continued,y_disease,multiclass,bio+cov,gbdt,6392,3358,8,0.751651547796649,0.35289613464157515,age_related_macular_degeneration=266;cataract=293;diabetes=1608;glaucoma=284;hypertension=128;normal=2873;other_diseases_abnormalities=708;pathological_myopia=232
odir5k,sensitivity,subject,0,no exclusion pre-registered for odir5k,False,e3_fives_s1_continued,y_disease,multiclass,bio+cov,gbdt,6392,3358,8,0.7562114494699542,0.35443533398448,age_related_macular_degeneration=266;cataract=293;diabetes=1608;glaucoma=284;hypertension=128;normal=2873;other_diseases_abnormalities=708;pathological_myopia=232
odir5k,sensitivity,subject,0,no exclusion pre-registered for odir5k,False,e3_fives_s2_continued,y_disease,multiclass,bio+cov,gbdt,6392,3358,8,0.7527862490507504,0.35161049998115634,age_related_macular_degeneration=266;cataract=293;diabetes=1608;glaucoma=284;hypertension=128;normal=2873;other_diseases_abnormalities=708;pathological_myopia=232
odir5k,sensitivity,subject,0,no exclusion pre-registered for odir5k,False,e3_fives_s0_reliseg,y_disease,multiclass,bio+cov,gbdt,6392,3358,8,0.7518184814595421,0.3510407562840856,age_related_macular_degeneration=266;cataract=293;diabetes=1608;glaucoma=284;hypertension=128;normal=2873;other_diseases_abnormalities=708;pathological_myopia=232
odir5k,sensitivity,subject,0,no exclusion pre-registered for odir5k,False,e3_fives_s1_reliseg,y_disease,multiclass,bio+cov,gbdt,6392,3358,8,0.7525316304902381,0.35158889843580293,age_related_macular_degeneration=266;cataract=293;diabetes=1608;glaucoma=284;hypertension=128;normal=2873;other_diseases_abnormalities=708;pathological_myopia=232
odir5k,sensitivity,subject,0,no exclusion pre-registered for odir5k,False,e3_fives_s2_reliseg,y_disease,multiclass,bio+cov,gbdt,6392,3358,8,0.7523862238795291,0.35026120247460935,age_related_macular_degeneration=266;cataract=293;diabetes=1608;glaucoma=284;hypertension=128;normal=2873;other_diseases_abnormalities=708;pathological_myopia=232
odir5k,sensitivity,subject,0,no exclusion pre-registered for odir5k,False,e3_fives_s0_cfloss,y_disease,multiclass,bio+cov,gbdt,6392,3358,8,0.7510847439207151,0.35441005458837804,age_related_macular_degeneration=266;cataract=293;diabetes=1608;glaucoma=284;hypertension=128;normal=2873;other_diseases_abnormalities=708;pathological_myopia=232
odir5k,sensitivity,subject,0,no exclusion pre-registered for odir5k,False,e3_fives_s1_cfloss,y_disease,multiclass,bio+cov,gbdt,6392,3358,8,0.7567521125202338,0.35426089815124,age_related_macular_degeneration=266;cataract=293;diabetes=1608;glaucoma=284;hypertension=128;normal=2873;other_diseases_abnormalities=708;pathological_myopia=232
odir5k,sensitivity,subject,0,no exclusion pre-registered for odir5k,False,e3_fives_s2_cfloss,y_disease,multiclass,bio+cov,gbdt,6392,3358,8,0.7549200956586988,0.35080927259046196,age_related_macular_degeneration=266;cataract=293;diabetes=1608;glaucoma=284;hypertension=128;normal=2873;other_diseases_abnormalities=708;pathological_myopia=232
