dataset,cohort_role,split_unit,n_excluded,exclude_src,is_primary,tag,target,kind,featureset,clf,n,n_groups,n_classes,macro_auroc,macro_auprc,qwk_argmax,qwk_expected,class_counts
aptos2019,primary,image,0,no exclusion pre-registered for aptos2019,False,e3_fives_s2_continued,y_dr_grade,ordinal,bio,logreg,3662,3662,5,0.8163475846522654,0.41708811083647424,0.6401504347021474,0.6717454380888681,0=1805;1=370;2=999;3=193;4=295
aptos2019,primary,image,0,no exclusion pre-registered for aptos2019,False,e3_fives_s2_baseline,y_dr_grade,ordinal,bio,logreg,3662,3662,5,0.8144690795880271,0.41529156177842885,0.6363674216529879,0.6718977857524865,0=1805;1=370;2=999;3=193;4=295
aptos2019,primary,image,0,no exclusion pre-registered for aptos2019,False,e3_fives_s2_reliseg,y_dr_grade,ordinal,bio,logreg,3662,3662,5,0.8145821215088631,0.41536969898768794,0.6402526863853737,0.6740352591292746,0=1805;1=370;2=999;3=193;4=295
aptos2019,primary,image,0,no exclusion pre-registered for aptos2019,False,e3_fives_s2_cfloss,y_dr_grade,ordinal,bio,logreg,3662,3662,5,0.8187774215951409,0.42054535184351566,0.6459290925539607,0.6826713996764131,0=1805;1=370;2=999;3=193;4=295
aptos2019,primary,image,0,no exclusion pre-registered for aptos2019,False,e3_fives_s2_continued,y_dr_grade,ordinal,bio,gbdt,3662,3662,5,0.8493921984776147,0.4707242452197698,0.6768485683380772,0.720169846291973,0=1805;1=370;2=999;3=193;4=295
aptos2019,primary,image,0,no exclusion pre-registered for aptos2019,False,e3_fives_s2_baseline,y_dr_grade,ordinal,bio,gbdt,3662,3662,5,0.8483248746579625,0.4707892225621416,0.6752866757413318,0.7117113121803686,0=1805;1=370;2=999;3=193;4=295
aptos2019,primary,image,0,no exclusion pre-registered for aptos2019,False,e3_fives_s2_reliseg,y_dr_grade,ordinal,bio,gbdt,3662,3662,5,0.8511573359361192,0.4828874481105248,0.6744340429243274,0.7194565879766495,0=1805;1=370;2=999;3=193;4=295
aptos2019,primary,image,0,no exclusion pre-registered for aptos2019,False,e3_fives_s2_cfloss,y_dr_grade,ordinal,bio,gbdt,3662,3662,5,0.851529383920902,0.4813010977514212,0.6941498128356656,0.7236286920963251,0=1805;1=370;2=999;3=193;4=295
aptos2019,primary,image,0,no exclusion pre-registered for aptos2019,False,e3_fives_s2_continued,y_dr_grade,ordinal,bio+cov,logreg,3662,3662,5,0.860638728854466,0.4877895629890204,0.7062783958546219,0.7484712612839032,0=1805;1=370;2=999;3=193;4=295
aptos2019,primary,image,0,no exclusion pre-registered for aptos2019,False,e3_fives_s2_baseline,y_dr_grade,ordinal,bio+cov,logreg,3662,3662,5,0.8604031053565013,0.4885398917041711,0.7076789271692245,0.7465305249960985,0=1805;1=370;2=999;3=193;4=295
aptos2019,primary,image,0,no exclusion pre-registered for aptos2019,False,e3_fives_s2_reliseg,y_dr_grade,ordinal,bio+cov,logreg,3662,3662,5,0.8599061679608451,0.4890276917242775,0.7076902877867448,0.7444824987058425,0=1805;1=370;2=999;3=193;4=295
aptos2019,primary,image,0,no exclusion pre-registered for aptos2019,False,e3_fives_s2_cfloss,y_dr_grade,ordinal,bio+cov,logreg,3662,3662,5,0.8625117982242287,0.4924842519487522,0.7183158010670798,0.7507125153905888,0=1805;1=370;2=999;3=193;4=295
aptos2019,primary,image,0,no exclusion pre-registered for aptos2019,False,e3_fives_s2_continued,y_dr_grade,ordinal,bio+cov,gbdt,3662,3662,5,0.8922569451974557,0.5570115534371973,0.7713046312091614,0.8022501308780211,0=1805;1=370;2=999;3=193;4=295
aptos2019,primary,image,0,no exclusion pre-registered for aptos2019,False,e3_fives_s2_baseline,y_dr_grade,ordinal,bio+cov,gbdt,3662,3662,5,0.8920180703609001,0.5586016840587302,0.7602227533455459,0.799950575470206,0=1805;1=370;2=999;3=193;4=295
aptos2019,primary,image,0,no exclusion pre-registered for aptos2019,False,e3_fives_s2_reliseg,y_dr_grade,ordinal,bio+cov,gbdt,3662,3662,5,0.8908936246418004,0.5580262776287471,0.7706065369574439,0.8023373349257659,0=1805;1=370;2=999;3=193;4=295
aptos2019,primary,image,0,no exclusion pre-registered for aptos2019,False,e3_fives_s2_cfloss,y_dr_grade,ordinal,bio+cov,gbdt,3662,3662,5,0.8938551894053484,0.5630390819679384,0.7729121294274148,0.8051425853197576,0=1805;1=370;2=999;3=193;4=295
aptos2019,primary,image,0,no exclusion pre-registered for aptos2019,False,e3_fives_s2_continued,y_referable,binary,bio,logreg,3662,3662,2,0.8832505468852663,0.8636912883926752,,,0=2175;1=1487
aptos2019,primary,image,0,no exclusion pre-registered for aptos2019,False,e3_fives_s2_baseline,y_referable,binary,bio,logreg,3662,3662,2,0.8814337283274973,0.8614619878808372,,,0=2175;1=1487
aptos2019,primary,image,0,no exclusion pre-registered for aptos2019,False,e3_fives_s2_reliseg,y_referable,binary,bio,logreg,3662,3662,2,0.8817543615549319,0.8619965828315337,,,0=2175;1=1487
aptos2019,primary,image,0,no exclusion pre-registered for aptos2019,False,e3_fives_s2_cfloss,y_referable,binary,bio,logreg,3662,3662,2,0.8854615866243072,0.8666443129939454,,,0=2175;1=1487
aptos2019,primary,image,0,no exclusion pre-registered for aptos2019,False,e3_fives_s2_continued,y_referable,binary,bio,gbdt,3662,3662,2,0.9033808717698986,0.8903899299195639,,,0=2175;1=1487
aptos2019,primary,image,0,no exclusion pre-registered for aptos2019,False,e3_fives_s2_baseline,y_referable,binary,bio,gbdt,3662,3662,2,0.9023456933268403,0.8905658158822416,,,0=2175;1=1487
aptos2019,primary,image,0,no exclusion pre-registered for aptos2019,False,e3_fives_s2_reliseg,y_referable,binary,bio,gbdt,3662,3662,2,0.9024999806754321,0.8908660419578224,,,0=2175;1=1487
aptos2019,primary,image,0,no exclusion pre-registered for aptos2019,False,e3_fives_s2_cfloss,y_referable,binary,bio,gbdt,3662,3662,2,0.9064656911624887,0.8954117344001159,,,0=2175;1=1487
aptos2019,primary,image,0,no exclusion pre-registered for aptos2019,True,e3_fives_s2_continued,y_referable,binary,bio+cov,logreg,3662,3662,2,0.9064091088282356,0.8890999839294529,,,0=2175;1=1487
aptos2019,primary,image,0,no exclusion pre-registered for aptos2019,True,e3_fives_s2_baseline,y_referable,binary,bio+cov,logreg,3662,3662,2,0.9057285748517805,0.8885041985861057,,,0=2175;1=1487
aptos2019,primary,image,0,no exclusion pre-registered for aptos2019,True,e3_fives_s2_reliseg,y_referable,binary,bio+cov,logreg,3662,3662,2,0.9053120917685071,0.8877399099723995,,,0=2175;1=1487
aptos2019,primary,image,0,no exclusion pre-registered for aptos2019,True,e3_fives_s2_cfloss,y_referable,binary,bio+cov,logreg,3662,3662,2,0.9081177098068316,0.8913897902746329,,,0=2175;1=1487
aptos2019,primary,image,0,no exclusion pre-registered for aptos2019,False,e3_fives_s2_continued,y_referable,binary,bio+cov,gbdt,3662,3662,2,0.9578606930562963,0.9533769043292175,,,0=2175;1=1487
aptos2019,primary,image,0,no exclusion pre-registered for aptos2019,False,e3_fives_s2_baseline,y_referable,binary,bio+cov,gbdt,3662,3662,2,0.9570784345554191,0.9527386100815542,,,0=2175;1=1487
aptos2019,primary,image,0,no exclusion pre-registered for aptos2019,False,e3_fives_s2_reliseg,y_referable,binary,bio+cov,gbdt,3662,3662,2,0.9577512387047902,0.9536993441847874,,,0=2175;1=1487
aptos2019,primary,image,0,no exclusion pre-registered for aptos2019,False,e3_fives_s2_cfloss,y_referable,binary,bio+cov,gbdt,3662,3662,2,0.958275630174153,0.9538044281128895,,,0=2175;1=1487
