dataset,cohort_role,split_unit,n_excluded,exclude_src,is_primary,target,featureset,clf,tag,ref,auc_ci_lo,auc_ci_hi,delta_vs_ref,delta_ci_lo,delta_ci_hi,delta_p
aptos2019,primary,image,0,no exclusion pre-registered for aptos2019,False,y_dr_grade,bio,logreg,e3_fives_s0_baseline,e3_fives_s0_baseline,0.8085947295658669,0.8276577312233385,0.0,0.0,0.0,
aptos2019,primary,image,0,no exclusion pre-registered for aptos2019,False,y_dr_grade,bio,logreg,e3_fives_s0_continued,e3_fives_s0_baseline,0.8106808183233243,0.8298393735242584,0.0022597111426599925,0.0009297148789928711,0.003561487648586503,0.002
aptos2019,primary,image,0,no exclusion pre-registered for aptos2019,False,y_dr_grade,bio,logreg,e3_fives_s0_reliseg,e3_fives_s0_baseline,0.8080803294190565,0.827259105456899,-0.0001854271145769193,-0.0016884155473528256,0.001329539623933276,0.868
aptos2019,primary,image,0,no exclusion pre-registered for aptos2019,False,y_dr_grade,bio,logreg,e3_fives_s0_cfloss,e3_fives_s0_baseline,0.811708907947904,0.8305577738653496,0.0030924116960839854,0.0016937934923826393,0.0045532182659944725,0.0
aptos2019,primary,image,0,no exclusion pre-registered for aptos2019,False,y_dr_grade,bio,gbdt,e3_fives_s0_baseline,e3_fives_s0_baseline,0.8383111353983188,0.8573586965493734,0.0,0.0,0.0,
aptos2019,primary,image,0,no exclusion pre-registered for aptos2019,False,y_dr_grade,bio,gbdt,e3_fives_s0_continued,e3_fives_s0_baseline,0.8419820188284358,0.861226216794136,0.0037978719297543373,0.0005367049424307935,0.0070567260227659976,0.022
aptos2019,primary,image,0,no exclusion pre-registered for aptos2019,False,y_dr_grade,bio,gbdt,e3_fives_s0_reliseg,e3_fives_s0_baseline,0.838289016490187,0.8577510790006818,-5.826084357141159e-05,-0.0030796926844230492,0.0033909437479104354,0.946
aptos2019,primary,image,0,no exclusion pre-registered for aptos2019,False,y_dr_grade,bio,gbdt,e3_fives_s0_cfloss,e3_fives_s0_baseline,0.84282517929665,0.8619195245351813,0.004370115935505403,0.0011132881622825913,0.007641391098277272,0.006
aptos2019,primary,image,0,no exclusion pre-registered for aptos2019,False,y_dr_grade,bio+cov,logreg,e3_fives_s0_baseline,e3_fives_s0_baseline,0.8520369174011267,0.8695664814255272,0.0,0.0,0.0,
aptos2019,primary,image,0,no exclusion pre-registered for aptos2019,False,y_dr_grade,bio+cov,logreg,e3_fives_s0_continued,e3_fives_s0_baseline,0.8535975268557195,0.8705141137163469,0.0012470049713160236,0.00039037954279561303,0.002065790632119968,0.006
aptos2019,primary,image,0,no exclusion pre-registered for aptos2019,False,y_dr_grade,bio+cov,logreg,e3_fives_s0_reliseg,e3_fives_s0_baseline,0.8517611349080272,0.8688391340499795,-0.0005298340332684504,-0.0015880097865082542,0.0005018945485925934,0.312
aptos2019,primary,image,0,no exclusion pre-registered for aptos2019,False,y_dr_grade,bio+cov,logreg,e3_fives_s0_cfloss,e3_fives_s0_baseline,0.8543656369668851,0.8715620209596878,0.0021535891221036163,0.0013059126512851933,0.003088159935996101,0.0
aptos2019,primary,image,0,no exclusion pre-registered for aptos2019,False,y_dr_grade,bio+cov,gbdt,e3_fives_s0_baseline,e3_fives_s0_baseline,0.8814797367890194,0.897898813538822,0.0,0.0,0.0,
aptos2019,primary,image,0,no exclusion pre-registered for aptos2019,False,y_dr_grade,bio+cov,gbdt,e3_fives_s0_continued,e3_fives_s0_baseline,0.8832244908043734,0.8995511876552194,0.0017283095784224045,-6.871570283774602e-05,0.003540453405224086,0.058
aptos2019,primary,image,0,no exclusion pre-registered for aptos2019,False,y_dr_grade,bio+cov,gbdt,e3_fives_s0_reliseg,e3_fives_s0_baseline,0.8813333108654495,0.8973513416144254,-0.0001674307697608901,-0.0022837987060570055,0.0018915701849456887,0.878
aptos2019,primary,image,0,no exclusion pre-registered for aptos2019,False,y_dr_grade,bio+cov,gbdt,e3_fives_s0_cfloss,e3_fives_s0_baseline,0.8855172126304106,0.9014074058579264,0.0037809331154143866,0.0017995318390384818,0.00578929845122436,0.0
aptos2019,primary,image,0,no exclusion pre-registered for aptos2019,False,y_referable,bio,logreg,e3_fives_s0_baseline,e3_fives_s0_baseline,0.8752083391184069,0.89586570390085,0.0,0.0,0.0,
aptos2019,primary,image,0,no exclusion pre-registered for aptos2019,False,y_referable,bio,logreg,e3_fives_s0_continued,e3_fives_s0_baseline,0.8766363678631004,0.8978214472186387,0.001660985243760127,-4.2602463385030254e-05,0.0032892934467405014,0.058
aptos2019,primary,image,0,no exclusion pre-registered for aptos2019,False,y_referable,bio,logreg,e3_fives_s0_reliseg,e3_fives_s0_baseline,0.875081541440972,0.8962923076405419,-0.00013851850134116717,-0.0019333911568246652,0.0017018193586985472,0.912
aptos2019,primary,image,0,no exclusion pre-registered for aptos2019,False,y_referable,bio,logreg,e3_fives_s0_cfloss,e3_fives_s0_baseline,0.878041589184401,0.8986837466402469,0.002606188499563178,0.0005787568759072104,0.004612767632515197,0.01
aptos2019,primary,image,0,no exclusion pre-registered for aptos2019,False,y_referable,bio,gbdt,e3_fives_s0_baseline,e3_fives_s0_baseline,0.8947054283653937,0.9130963860358452,0.0,0.0,0.0,
aptos2019,primary,image,0,no exclusion pre-registered for aptos2019,False,y_referable,bio,gbdt,e3_fives_s0_continued,e3_fives_s0_baseline,0.897946219859941,0.9165123754607833,0.003250546885266159,0.0011050870483592546,0.005421149616131327,0.002
aptos2019,primary,image,0,no exclusion pre-registered for aptos2019,False,y_referable,bio,gbdt,e3_fives_s0_reliseg,e3_fives_s0_baseline,0.8979948322120591,0.9166542689792864,0.0032032403435136025,0.0006632459165568872,0.00557244939169546,0.012
aptos2019,primary,image,0,no exclusion pre-registered for aptos2019,False,y_referable,bio,gbdt,e3_fives_s0_cfloss,e3_fives_s0_baseline,0.8965010360119124,0.9152251888672797,0.0018502114107707968,-0.00010604382438110238,0.0038863619874529567,0.072
aptos2019,primary,image,0,no exclusion pre-registered for aptos2019,True,y_referable,bio+cov,logreg,e3_fives_s0_baseline,e3_fives_s0_baseline,0.8981438157140575,0.9165729508976179,0.0,0.0,0.0,
aptos2019,primary,image,0,no exclusion pre-registered for aptos2019,True,y_referable,bio+cov,logreg,e3_fives_s0_continued,e3_fives_s0_baseline,0.8995401894252746,0.9179495488221227,0.001401881439912156,0.0002815344621428434,0.002633265715535013,0.024
aptos2019,primary,image,0,no exclusion pre-registered for aptos2019,True,y_referable,bio+cov,logreg,e3_fives_s0_reliseg,e3_fives_s0_baseline,0.8972529852226526,0.9166497322213212,-0.0005308845241129845,-0.0017610873561344164,0.0007638321234849669,0.42
aptos2019,primary,image,0,no exclusion pre-registered for aptos2019,True,y_referable,bio+cov,logreg,e3_fives_s0_cfloss,e3_fives_s0_baseline,0.8992343817311329,0.9181575545041164,0.001411775618579414,-0.0001516163556684158,0.0029637454655921437,0.07
aptos2019,primary,image,0,no exclusion pre-registered for aptos2019,False,y_referable,bio+cov,gbdt,e3_fives_s0_baseline,e3_fives_s0_baseline,0.9508148073100328,0.9620920029812771,0.0,0.0,0.0,
aptos2019,primary,image,0,no exclusion pre-registered for aptos2019,False,y_referable,bio+cov,gbdt,e3_fives_s0_continued,e3_fives_s0_baseline,0.9520525611366344,0.9631658618004815,0.0011823543507332168,0.00022520380629395821,0.0021613234178848246,0.02
aptos2019,primary,image,0,no exclusion pre-registered for aptos2019,False,y_referable,bio+cov,gbdt,e3_fives_s0_reliseg,e3_fives_s0_baseline,0.9506747812586268,0.9621249707489055,4.050429391888599e-05,-0.0011345879454778356,0.0011936296377819862,0.932
aptos2019,primary,image,0,no exclusion pre-registered for aptos2019,False,y_referable,bio+cov,gbdt,e3_fives_s0_cfloss,e3_fives_s0_baseline,0.9523684637640062,0.9636492031874361,0.0016504726789261515,0.0007073108760328156,0.002664037312909595,0.0
