dataset,clf,n,error,target,rho,lo,hi,source
fives,logreg,400,abs_err_total,p_true(pred features),0.08272739204620028,-0.02252498920290295,0.18303319353223496,results/pivot/p2_predictions.csv features + src/pivot/p3_downstream.py CV protocol; sigma = results/gateA_biomarker_scales_train.csv; 1000-resample image bootstrap
fives,logreg,400,abs_err_total,p_true(GT features),0.034154275964224774,-0.06579320918097124,0.13053446223340326,results/pivot/p2_predictions.csv features + src/pivot/p3_downstream.py CV protocol; sigma = results/gateA_biomarker_scales_train.csv; 1000-resample image bootstrap
fives,logreg,400,abs_err_resid,p_true(pred features),0.1620173251082819,0.06783675787780526,0.25995728779546184,results/pivot/p2_predictions.csv features + src/pivot/p3_downstream.py CV protocol; sigma = results/gateA_biomarker_scales_train.csv; 1000-resample image bootstrap
fives,logreg,400,abs_err_resid,p_true(GT features),0.05242514015712598,-0.041979753005871735,0.15498282530141608,results/pivot/p2_predictions.csv features + src/pivot/p3_downstream.py CV protocol; sigma = results/gateA_biomarker_scales_train.csv; 1000-resample image bootstrap
fives,logreg,400,abs_err_total,p_true(pred) - p_true(GT),0.07209082556765979,-0.02945276508075244,0.17223045861738537,results/pivot/p2_predictions.csv features + src/pivot/p3_downstream.py CV protocol; sigma = results/gateA_biomarker_scales_train.csv; 1000-resample image bootstrap
fives,gbdt,400,abs_err_total,p_true(pred features),0.056732792079950495,-0.037426957577568254,0.16250047430535197,results/pivot/p2_predictions.csv features + src/pivot/p3_downstream.py CV protocol; sigma = results/gateA_biomarker_scales_train.csv; 1000-resample image bootstrap
fives,gbdt,400,abs_err_total,p_true(GT features),0.03160201001256257,-0.06781917447672246,0.1381355084987843,results/pivot/p2_predictions.csv features + src/pivot/p3_downstream.py CV protocol; sigma = results/gateA_biomarker_scales_train.csv; 1000-resample image bootstrap
fives,gbdt,400,abs_err_resid,p_true(pred features),0.06830330189563684,-0.029998158228548902,0.1668779297792127,results/pivot/p2_predictions.csv features + src/pivot/p3_downstream.py CV protocol; sigma = results/gateA_biomarker_scales_train.csv; 1000-resample image bootstrap
fives,gbdt,400,abs_err_resid,p_true(GT features),0.023429958937243357,-0.07450583251714166,0.1281056734674892,results/pivot/p2_predictions.csv features + src/pivot/p3_downstream.py CV protocol; sigma = results/gateA_biomarker_scales_train.csv; 1000-resample image bootstrap
fives,gbdt,400,abs_err_total,p_true(pred) - p_true(GT),0.0451755948474678,-0.05824198416907011,0.14571386842026407,results/pivot/p2_predictions.csv features + src/pivot/p3_downstream.py CV protocol; sigma = results/gateA_biomarker_scales_train.csv; 1000-resample image bootstrap
fives,-,400,const_bias_spread,SD over images of the constant component,0.0,0.0,0.0,results/pivot/p2_predictions.csv features + src/pivot/p3_downstream.py CV protocol; sigma = results/gateA_biomarker_scales_train.csv; 1000-resample image bootstrap
hrf,logreg,45,abs_err_total,p_true(pred features),0.07404479578392621,-0.22823956688276906,0.3526736300275409,results/pivot/p2_predictions.csv features + src/pivot/p3_downstream.py CV protocol; sigma = results/gateA_biomarker_scales_train.csv; 1000-resample image bootstrap
hrf,logreg,45,abs_err_total,p_true(GT features),0.11501976284584979,-0.21519101686107095,0.3986896824872926,results/pivot/p2_predictions.csv features + src/pivot/p3_downstream.py CV protocol; sigma = results/gateA_biomarker_scales_train.csv; 1000-resample image bootstrap
hrf,logreg,45,abs_err_resid,p_true(pred features),0.10790513833992094,-0.21300376713633073,0.3903589631808608,results/pivot/p2_predictions.csv features + src/pivot/p3_downstream.py CV protocol; sigma = results/gateA_biomarker_scales_train.csv; 1000-resample image bootstrap
hrf,logreg,45,abs_err_resid,p_true(GT features),0.35335968379446636,0.0419448731619625,0.5987757428799315,results/pivot/p2_predictions.csv features + src/pivot/p3_downstream.py CV protocol; sigma = results/gateA_biomarker_scales_train.csv; 1000-resample image bootstrap
hrf,logreg,45,abs_err_total,p_true(pred) - p_true(GT),0.05836627140974967,-0.2271034265857717,0.33238730116823956,results/pivot/p2_predictions.csv features + src/pivot/p3_downstream.py CV protocol; sigma = results/gateA_biomarker_scales_train.csv; 1000-resample image bootstrap
hrf,gbdt,45,abs_err_total,p_true(pred features),0.0914361001317523,-0.24774056451582668,0.4217840087079027,results/pivot/p2_predictions.csv features + src/pivot/p3_downstream.py CV protocol; sigma = results/gateA_biomarker_scales_train.csv; 1000-resample image bootstrap
hrf,gbdt,45,abs_err_total,p_true(GT features),-0.28300395256916994,-0.5013600387143428,-0.01897787298518772,results/pivot/p2_predictions.csv features + src/pivot/p3_downstream.py CV protocol; sigma = results/gateA_biomarker_scales_train.csv; 1000-resample image bootstrap
hrf,gbdt,45,abs_err_resid,p_true(pred features),-0.006587615283267457,-0.31562053201451734,0.32436979015680417,results/pivot/p2_predictions.csv features + src/pivot/p3_downstream.py CV protocol; sigma = results/gateA_biomarker_scales_train.csv; 1000-resample image bootstrap
hrf,gbdt,45,abs_err_resid,p_true(GT features),0.20368906455862978,-0.13851991046429948,0.4973180185694071,results/pivot/p2_predictions.csv features + src/pivot/p3_downstream.py CV protocol; sigma = results/gateA_biomarker_scales_train.csv; 1000-resample image bootstrap
hrf,gbdt,45,abs_err_total,p_true(pred) - p_true(GT),0.26890645586297757,-0.04675669265073417,0.5586827791411726,results/pivot/p2_predictions.csv features + src/pivot/p3_downstream.py CV protocol; sigma = results/gateA_biomarker_scales_train.csv; 1000-resample image bootstrap
hrf,-,45,const_bias_spread,SD over images of the constant component,0.0,0.0,0.0,results/pivot/p2_predictions.csv features + src/pivot/p3_downstream.py CV protocol; sigma = results/gateA_biomarker_scales_train.csv; 1000-resample image bootstrap
