dataset,clf,injection,target_r,dose,n_draws,r_mean,resid_sd,auc,auc_lo,auc_hi,source
fives,gbdt,residual,0.4,2.796348504165112,5,0.414095146621141,2.791402995032157,0.5514983333333333,0.5080108333333334,0.5925308333333332,mean over independent residual draws of results/pivot/e1_dose_response.csv
fives,gbdt,residual,0.5,2.1138407774538153,5,0.512159883552848,2.110102323947416,0.5623533333333333,0.5335275,0.5796066666666666,mean over independent residual draws of results/pivot/e1_dose_response.csv
fives,gbdt,residual,0.6,1.627235389182624,5,0.6098640905868884,1.624357526331594,0.57053,0.5377408333333333,0.5872683333333334,mean over independent residual draws of results/pivot/e1_dose_response.csv
fives,gbdt,residual,0.7,1.2450841144542621,5,0.7072868073946811,1.24288210892807,0.5893516666666667,0.5479775,0.6186958333333333,mean over independent residual draws of results/pivot/e1_dose_response.csv
fives,gbdt,residual,0.8,0.9153199064152259,5,0.8045581914384202,0.9137011085615214,0.6198666666666667,0.60593,0.6373058333333335,mean over independent residual draws of results/pivot/e1_dose_response.csv
fives,gbdt,residual,0.9,0.591079551566678,5,0.9019167372129628,0.5900341921215937,0.635,0.6155683333333334,0.6589691666666667,mean over independent residual draws of results/pivot/e1_dose_response.csv
fives,gbdt,residual,0.95,0.40113480585665245,5,0.9507786370696028,0.4004253750246387,0.6474916666666667,0.6218958333333333,0.6950366666666666,mean over independent residual draws of results/pivot/e1_dose_response.csv
fives,gbdt,residual,0.99,0.17390136372703113,5,0.9900970918321903,0.173593808791992,0.677715,0.6565791666666666,0.6947475000000001,mean over independent residual draws of results/pivot/e1_dose_response.csv
fives,gbdt,residual,1.0,0.0,1,1.0,0.0,0.6807416666666667,0.6807416666666667,0.6807416666666667,mean over independent residual draws of results/pivot/e1_dose_response.csv
fives,gbdt,shift,1.0,0.0,1,1.0,0.0,0.6807416666666667,0.6807416666666667,0.6807416666666667,mean over independent residual draws of results/pivot/e1_dose_response.csv
fives,gbdt,shift,1.0,0.25,1,1.0,9.867306185776164e-17,0.6807416666666667,0.6807416666666667,0.6807416666666667,mean over independent residual draws of results/pivot/e1_dose_response.csv
fives,gbdt,shift,1.0,0.5,1,1.0,1.1039812107261802e-16,0.6807416666666667,0.6807416666666667,0.6807416666666667,mean over independent residual draws of results/pivot/e1_dose_response.csv
fives,gbdt,shift,1.0,1.0,1,1.0,1.2231375025120583e-16,0.6807416666666667,0.6807416666666667,0.6807416666666667,mean over independent residual draws of results/pivot/e1_dose_response.csv
fives,gbdt,shift,1.0,2.0,1,1.0,1.8399768772675055e-16,0.6807416666666667,0.6807416666666667,0.6807416666666667,mean over independent residual draws of results/pivot/e1_dose_response.csv
fives,gbdt,shift,1.0,3.0,1,1.0,2.0836771012028013e-16,0.6807416666666667,0.6807416666666667,0.6807416666666667,mean over independent residual draws of results/pivot/e1_dose_response.csv
fives,logreg,residual,0.4,2.796348504165112,20,0.41719654095746017,2.786937164481087,0.5584770833333333,0.5059729166666667,0.6060677083333333,mean over independent residual draws of results/pivot/e1_dose_response.csv
fives,logreg,residual,0.5,2.1138407774538153,20,0.5147713058795709,2.1067264733658484,0.5758475,0.53218875,0.6207018750000001,mean over independent residual draws of results/pivot/e1_dose_response.csv
fives,logreg,residual,0.6,1.627235389182624,20,0.6119366917377947,1.6217587953422448,0.5928804166666667,0.557071875,0.63533,mean over independent residual draws of results/pivot/e1_dose_response.csv
fives,logreg,residual,0.7,1.2450841144542621,20,0.7088034293680877,1.240893681996055,0.6101245833333333,0.5795633333333333,0.6492504166666667,mean over independent residual draws of results/pivot/e1_dose_response.csv
fives,logreg,residual,0.8,0.9153199064152259,20,0.8055299532452169,0.9122393223800124,0.6289929166666667,0.6030066666666667,0.6630897916666667,mean over independent residual draws of results/pivot/e1_dose_response.csv
fives,logreg,residual,0.9,0.591079551566678,20,0.9023762129753962,0.5890902249745921,0.6528349999999999,0.6323575,0.6789618749999999,mean over independent residual draws of results/pivot/e1_dose_response.csv
fives,logreg,residual,0.95,0.40113480585665245,20,0.9509989610009958,0.39978475384726264,0.6700070833333334,0.6534933333333333,0.6890520833333333,mean over independent residual draws of results/pivot/e1_dose_response.csv
fives,logreg,residual,0.99,0.17390136372703113,20,0.9901380761323872,0.17331608445904553,0.69205625,0.6829354166666667,0.7035575,mean over independent residual draws of results/pivot/e1_dose_response.csv
fives,logreg,residual,1.0,0.0,1,1.0,0.0,0.7027333333333334,0.7027333333333334,0.7027333333333334,mean over independent residual draws of results/pivot/e1_dose_response.csv
fives,logreg,shift,1.0,0.0,1,1.0,0.0,0.7027333333333334,0.7027333333333334,0.7027333333333334,mean over independent residual draws of results/pivot/e1_dose_response.csv
fives,logreg,shift,1.0,0.25,1,1.0,9.867306185776164e-17,0.7027333333333334,0.7027333333333334,0.7027333333333334,mean over independent residual draws of results/pivot/e1_dose_response.csv
fives,logreg,shift,1.0,0.5,1,1.0,1.1039812107261802e-16,0.7027333333333334,0.7027333333333334,0.7027333333333334,mean over independent residual draws of results/pivot/e1_dose_response.csv
fives,logreg,shift,1.0,1.0,1,1.0,1.2231375025120583e-16,0.7027333333333334,0.7027333333333334,0.7027333333333334,mean over independent residual draws of results/pivot/e1_dose_response.csv
fives,logreg,shift,1.0,2.0,1,1.0,1.8399768772675055e-16,0.7027333333333334,0.7027333333333334,0.7027333333333334,mean over independent residual draws of results/pivot/e1_dose_response.csv
fives,logreg,shift,1.0,3.0,1,1.0,2.0836771012028013e-16,0.7027333333333334,0.7027333333333334,0.7027333333333334,mean over independent residual draws of results/pivot/e1_dose_response.csv
hrf,gbdt,residual,0.4,3.8855670064048167,5,0.35931315148298304,3.8341399839857515,0.5891851851851853,0.48362962962962963,0.6665185185185185,mean over independent residual draws of results/pivot/e1_dose_response.csv
hrf,gbdt,residual,0.5,2.9372125718356736,5,0.46965732134238597,2.8983373969815625,0.6017777777777777,0.4543703703703703,0.6646666666666666,mean over independent residual draws of results/pivot/e1_dose_response.csv
hrf,gbdt,residual,0.6,2.2610672920219725,5,0.5801463598112753,2.231141168466219,0.6908148148148148,0.6286666666666667,0.7397777777777778,mean over independent residual draws of results/pivot/e1_dose_response.csv
hrf,gbdt,residual,0.7,1.730062525510084,5,0.6897564907537153,1.7071644609189611,0.7192592592592593,0.6864444444444444,0.7436296296296296,mean over independent residual draws of results/pivot/e1_dose_response.csv
hrf,gbdt,residual,0.8,1.2718503517623594,5,0.7972916769637871,1.2550169072622481,0.805925925925926,0.7487407407407407,0.8588148148148148,mean over independent residual draws of results/pivot/e1_dose_response.csv
hrf,gbdt,residual,0.9,0.821313652539079,5,0.9013808522698966,0.8104432401764585,0.8604444444444445,0.842888888888889,0.8802222222222221,mean over independent residual draws of results/pivot/e1_dose_response.csv
hrf,gbdt,residual,0.95,0.5573826597205782,5,0.9515965791305249,0.550005478863782,0.9038518518518519,0.886962962962963,0.9302962962962964,mean over independent residual draws of results/pivot/e1_dose_response.csv
hrf,gbdt,residual,0.99,0.2416384797031214,5,0.9905340137330855,0.2384402984614861,0.9225185185185186,0.890888888888889,0.9621481481481482,mean over independent residual draws of results/pivot/e1_dose_response.csv
hrf,gbdt,residual,1.0,0.0,1,0.9999999999999999,0.0,0.9081481481481481,0.9081481481481481,0.9081481481481481,mean over independent residual draws of results/pivot/e1_dose_response.csv
hrf,gbdt,shift,1.0,0.0,1,0.9999999999999999,0.0,0.9081481481481481,0.9081481481481481,0.9081481481481481,mean over independent residual draws of results/pivot/e1_dose_response.csv
hrf,gbdt,shift,1.0,0.25,1,1.0,5.929126747031071e-17,0.9081481481481481,0.9081481481481481,0.9081481481481481,mean over independent residual draws of results/pivot/e1_dose_response.csv
hrf,gbdt,shift,1.0,0.5,1,1.0,1.0734857004321606e-16,0.9081481481481481,0.9081481481481481,0.9081481481481481,mean over independent residual draws of results/pivot/e1_dose_response.csv
hrf,gbdt,shift,1.0,1.0,1,1.0,5.601352483059073e-17,0.9081481481481481,0.9081481481481481,0.9081481481481481,mean over independent residual draws of results/pivot/e1_dose_response.csv
hrf,gbdt,shift,1.0,2.0,1,0.9999999999999999,1.115816123119742e-16,0.9081481481481481,0.9081481481481481,0.9081481481481481,mean over independent residual draws of results/pivot/e1_dose_response.csv
hrf,gbdt,shift,1.0,3.0,1,1.0,8.926528984957934e-17,0.9081481481481481,0.9081481481481481,0.9081481481481481,mean over independent residual draws of results/pivot/e1_dose_response.csv
hrf,logreg,residual,0.4,3.8855670064048167,20,0.38386240640479236,3.855525028147034,0.6169629629629629,0.4843148148148148,0.7500185185185184,mean over independent residual draws of results/pivot/e1_dose_response.csv
hrf,logreg,residual,0.5,2.9372125718356736,20,0.48738468457031436,2.914502970874959,0.6855925925925926,0.5722592592592592,0.8034814814814816,mean over independent residual draws of results/pivot/e1_dose_response.csv
hrf,logreg,residual,0.6,2.2610672920219725,20,0.5912996895533219,2.243585433051496,0.7517407407407408,0.6549814814814814,0.853,mean over independent residual draws of results/pivot/e1_dose_response.csv
hrf,logreg,residual,0.7,1.730062525510084,20,0.6952204602165852,1.716686227870562,0.8161111111111111,0.7426111111111111,0.9014814814814814,mean over independent residual draws of results/pivot/e1_dose_response.csv
hrf,logreg,residual,0.8,1.2718503517623594,20,0.7985862120428833,1.2620168060914663,0.8755185185185186,0.8164814814814815,0.9394074074074075,mean over independent residual draws of results/pivot/e1_dose_response.csv
hrf,logreg,residual,0.9,0.821313652539079,20,0.9006061508211562,0.814963514489284,0.9285555555555556,0.882388888888889,0.9679814814814816,mean over independent residual draws of results/pivot/e1_dose_response.csv
hrf,logreg,residual,0.95,0.5573826597205782,20,0.9507626502452157,0.5530731528411474,0.950851851851852,0.9204074074074075,0.9757407407407407,mean over independent residual draws of results/pivot/e1_dose_response.csv
hrf,logreg,residual,0.99,0.2416384797031214,20,0.9902607379688657,0.23977020721122547,0.9673703703703703,0.9584814814814815,0.9793703703703703,mean over independent residual draws of results/pivot/e1_dose_response.csv
hrf,logreg,residual,1.0,0.0,1,0.9999999999999999,0.0,0.9703703703703704,0.9703703703703704,0.9703703703703704,mean over independent residual draws of results/pivot/e1_dose_response.csv
hrf,logreg,shift,1.0,0.0,1,0.9999999999999999,0.0,0.9703703703703704,0.9703703703703704,0.9703703703703704,mean over independent residual draws of results/pivot/e1_dose_response.csv
hrf,logreg,shift,1.0,0.25,1,1.0,5.929126747031071e-17,0.9703703703703704,0.9703703703703704,0.9703703703703704,mean over independent residual draws of results/pivot/e1_dose_response.csv
hrf,logreg,shift,1.0,0.5,1,1.0,1.0734857004321606e-16,0.9703703703703704,0.9703703703703704,0.9703703703703704,mean over independent residual draws of results/pivot/e1_dose_response.csv
hrf,logreg,shift,1.0,1.0,1,1.0,5.601352483059073e-17,0.9703703703703704,0.9703703703703704,0.9703703703703704,mean over independent residual draws of results/pivot/e1_dose_response.csv
hrf,logreg,shift,1.0,2.0,1,0.9999999999999999,1.115816123119742e-16,0.9703703703703704,0.9703703703703704,0.9703703703703704,mean over independent residual draws of results/pivot/e1_dose_response.csv
hrf,logreg,shift,1.0,3.0,1,1.0,8.926528984957934e-17,0.9703703703703704,0.9703703703703704,0.9703703703703704,mean over independent residual draws of results/pivot/e1_dose_response.csv
