dataset,biomarker,scope,mean_Hnet,n_events,mean_n_should,n_images,per_image
drive,FD_pvbm,sever,0.0041045656168012985,1886,25.3,20,0.10384551010507286
drive,FD_skan,sever,0.004495717967028107,1886,25.3,20,0.1137416645658111
drive,tortuosity_pvbm,sever,0.014307319271411696,1886,25.3,20,0.36197517756671593
drive,tortuosity_skan,sever,0.008516402443956128,1886,25.3,20,0.21546498183209004
drive,density_pvbm,sever,0.0,1886,25.3,20,0.0
drive,density_skan,sever,0.0,1886,25.3,20,0.0
drive,total_length_pvbm,sever,0.050543595935203744,1886,25.3,20,1.2787529771606547
drive,total_length_skan,sever,0.006998506526641288,1886,25.3,20,0.1770622151240246
drive,FD_pvbm,all_types,0.004326899776396948,3519,25.3,20,0.10947056434284279
drive,FD_skan,all_types,0.004111692075551655,3519,25.3,20,0.10402580951145689
drive,tortuosity_pvbm,all_types,0.010877755106715967,3519,25.3,20,0.27520720419991396
drive,tortuosity_skan,all_types,0.005378594044630326,3519,25.3,20,0.13607842932914724
drive,density_pvbm,all_types,0.0,3519,25.3,20,0.0
drive,density_skan,all_types,0.0,3519,25.3,20,0.0
drive,total_length_pvbm,all_types,0.030065562224927178,3519,25.3,20,0.7606587242906576
drive,total_length_skan,all_types,0.005688481650051776,3519,25.3,20,0.14391858574630995
chasedb1,FD_pvbm,sever,0.0035038687827143996,820,34.875,8,0.12219742379716468
chasedb1,FD_skan,sever,0.005978382343374088,820,34.875,8,0.20849608422517132
chasedb1,tortuosity_pvbm,sever,0.016297200850318258,820,34.875,8,0.5683648796548493
chasedb1,tortuosity_skan,sever,0.01427718162868652,820,34.875,8,0.49791670930044235
chasedb1,density_pvbm,sever,0.0,820,34.875,8,0.0
chasedb1,density_skan,sever,0.0,820,34.875,8,0.0
chasedb1,total_length_pvbm,sever,0.06916075339498251,820,34.875,8,2.411981274650015
chasedb1,total_length_skan,sever,0.005178803738086275,820,34.875,8,0.18061078036575884
chasedb1,FD_pvbm,all_types,0.006599412940379905,1302,34.875,8,0.23015452629574917
chasedb1,FD_skan,all_types,0.007229956942193589,1302,34.875,8,0.2521447483590014
chasedb1,tortuosity_pvbm,all_types,0.009988086136344228,1302,34.875,8,0.34833450400500493
chasedb1,tortuosity_skan,all_types,0.007873327571261017,1302,34.875,8,0.27458229904772796
chasedb1,density_pvbm,all_types,0.0,1302,34.875,8,0.0
chasedb1,density_skan,all_types,0.0,1302,34.875,8,0.0
chasedb1,total_length_pvbm,all_types,0.04635265255249961,1302,34.875,8,1.6165487577684239
chasedb1,total_length_skan,all_types,0.005793778417788887,1302,34.875,8,0.20205802232038744
hrf,FD_pvbm,sever,0.0013561981628832172,957,103.26666666666667,30,0.1400500636204069
hrf,FD_skan,sever,0.001340053371156197,957,103.26666666666667,30,0.13838284479472995
hrf,tortuosity_pvbm,sever,0.01533616671638003,957,103.26666666666667,30,1.5837148162448444
hrf,tortuosity_skan,sever,0.002897243336024311,957,103.26666666666667,30,0.29918866183344384
hrf,density_pvbm,sever,0.0,957,103.26666666666667,30,0.0
hrf,density_skan,sever,0.0,957,103.26666666666667,30,0.0
hrf,total_length_pvbm,sever,0.023074923279542893,957,103.26666666666667,30,2.3828704106674627
hrf,total_length_skan,sever,0.0021169872041189378,957,103.26666666666667,30,0.21861421194534897
hrf,FD_pvbm,all_types,0.0013394502539313838,2114,103.26666666666667,30,0.13832056288931424
hrf,FD_skan,all_types,0.0011949116742377328,2114,103.26666666666667,30,0.12339454555961654
hrf,tortuosity_pvbm,all_types,0.010187659124561425,2114,103.26666666666667,30,1.05204559892971
hrf,tortuosity_skan,all_types,0.0019403022795059348,2114,103.26666666666667,30,0.20036854873031287
hrf,density_pvbm,all_types,0.0,2114,103.26666666666667,30,0.0
hrf,density_skan,all_types,0.0,2114,103.26666666666667,30,0.0
hrf,total_length_pvbm,all_types,0.011112205476121509,2114,103.26666666666667,30,1.1475204188341477
hrf,total_length_skan,all_types,0.0016721844827901368,2114,103.26666666666667,30,0.17268091758946147
fives,FD_pvbm,sever,0.001348902030718567,1921,14.416666666666666,60,0.01944667094285934
fives,FD_skan,sever,0.002021738860190849,1921,14.416666666666666,60,0.029146735234418072
fives,tortuosity_pvbm,sever,0.01672693604080514,1899,14.416666666666666,60,0.24114666125494075
fives,tortuosity_skan,sever,0.008661166187859224,1921,14.416666666666666,60,0.12486514587497048
fives,density_pvbm,sever,0.0,1921,14.416666666666666,60,0.0
fives,density_skan,sever,0.0,1921,14.416666666666666,60,0.0
fives,total_length_pvbm,sever,0.024572420306273542,1921,14.416666666666666,60,0.3542523927487769
fives,total_length_skan,sever,0.001575811123525877,1921,14.416666666666666,60,0.022717943697498057
fives,FD_pvbm,all_types,0.002084439535189676,3958,14.416666666666666,60,0.030050669965651162
fives,FD_skan,all_types,0.002986240906219328,3958,14.416666666666666,60,0.043051639731328646
fives,tortuosity_pvbm,all_types,0.011417203879387655,3904,14.416666666666666,60,0.16459802259450537
fives,tortuosity_skan,all_types,0.004494960312049755,3958,14.416666666666666,60,0.0648023444987173
fives,density_pvbm,all_types,0.0,3958,14.416666666666666,60,0.0
fives,density_skan,all_types,0.0,3958,14.416666666666666,60,0.0
fives,total_length_pvbm,all_types,0.0134422032844479,3958,14.416666666666666,60,0.19379176401745724
fives,total_length_skan,all_types,0.002265954604067916,3958,14.416666666666666,60,0.03266751220864579
