dataset,image_id,split,subject_id,disease,source,fd_rotations,fg_px,disc_cx,disc_cy,disc_r,disc_confident,disc_brightness_z,disc_density_ratio,disc_radius_estimated,disc_fov_diameter,runtime_pvbm_s,pvbm_fov_area_px,pvbm_vessel_area_px,pvbm_tortuosity_index,pvbm_median_tortuosity,pvbm_total_length,pvbm_median_branching_angle,pvbm_n_startpoints,pvbm_n_endpoints,pvbm_n_intersections,pvbm_fractal_D0,pvbm_fractal_D1,pvbm_fractal_D2,pvbm_singularity_length,pvbm_vessel_density,pvbm_geom_ok,pvbm_fractal_ok,pvbm_disc_used,pvbm_disc_cx,pvbm_disc_cy,pvbm_disc_r,pvbm_zoneB_vessel_area_px,pvbm_zoneB_tortuosity_index,pvbm_zoneB_median_tortuosity,pvbm_zoneB_total_length,pvbm_zoneB_median_branching_angle,pvbm_zoneB_n_startpoints,pvbm_zoneB_n_endpoints,pvbm_zoneB_n_intersections,pvbm_zoneB_fractal_D0,pvbm_zoneB_fractal_D1,pvbm_zoneB_fractal_D2,pvbm_zoneB_singularity_length,pvbm_zoneB_vessel_density,pvbm_zoneB_region_area_px,runtime_skan_s,skan_fov_area_px,skan_vessel_density,skan_vessel_area_px,skan_region_area_px,skan_skeleton_length_total,skan_skeleton_length_total_norm,skan_skeleton_px,skan_n_branches,skan_n_junctions,skan_n_endpoints,skan_fractal_dimension,skan_fractal_dimension_r2,skan_fractal_dimension_mask,skan_tortuosity_mean,skan_tortuosity_length_weighted,skan_tortuosity_n_branches_used,skan_mean_radius,skan_skan_ok,skan_zoneB_vessel_density,skan_zoneB_vessel_area_px,skan_zoneB_region_area_px,skan_zoneB_skeleton_length_total,skan_zoneB_skeleton_length_total_norm,skan_zoneB_skeleton_px,skan_zoneB_n_branches,skan_zoneB_n_junctions,skan_zoneB_n_endpoints,skan_zoneB_fractal_dimension,skan_zoneB_fractal_dimension_r2,skan_zoneB_fractal_dimension_mask,skan_zoneB_tortuosity_mean,skan_zoneB_tortuosity_length_weighted,skan_zoneB_tortuosity_n_branches_used,skan_zoneB_mean_radius,skan_zoneB_available,skan_disc_cx,skan_disc_cy,skan_disc_r,skan_disc_confident,FD_pvbm,FD_skan,FD_pvbm_zoneB,FD_skan_zoneB,tortuosity_pvbm,tortuosity_skan,tortuosity_pvbm_zoneB,tortuosity_skan_zoneB,density_pvbm,density_skan,density_pvbm_zoneB,density_skan_zoneB,total_length_pvbm,total_length_skan,total_length_pvbm_zoneB,total_length_skan_zoneB
stare,im0162,test,im0162,,p5_gt_e2,5,30180,165.4296875,302.1484375,61.5234375,1.0,2.2235894203186035,3.1520466804504395,1.0,637.9584786446487,3.9240144999930635,319650.0,30180.0,1.1194216050518986,1.109675626501332,10893.085563422455,79.60389659324248,1.0,122.0,138.0,1.6549011049304394,1.5948748855605195,1.5551222556620703,0.708721237909854,0.09441576724542468,1.0,1.0,1.0,165.4296875,302.1484375,61.5234375,5419.0,1.1055041475017942,1.0906963544437538,1413.0235200658626,36.2147012821154,12.0,32.0,17.0,1.3934327515073928,1.3011630659946354,1.2407742082211388,0.929702320087141,0.10507232326365998,51574.0,5.944970500015188,319650.0,0.09441576724542468,30180.0,319650.0,12482.187293975117,0.03904954573431915,10720.0,413.0,176.0,121.0,1.3394096349149458,0.9813480903020447,1.4527207140132223,1.082992848802875,1.0879958080820848,276.0,1.5546415381967247,1.0,0.10507232326365998,5419.0,51574.0,1996.9961748553926,0.03872098683164758,1746.0,73.0,22.0,62.0,1.087864202554294,0.991098184837943,1.246858001525929,1.1124697572399551,1.2604005326788976,61.0,1.6350280419895376,1.0,165.4296875,302.1484375,61.5234375,1.0,1.6549011049304394,1.3394096349149458,1.3934327515073928,1.087864202554294,1.109675626501332,1.0879958080820848,1.0906963544437538,1.2604005326788976,0.09441576724542468,0.09441576724542468,0.10507232326365998,0.10507232326365998,10893.085563422455,12482.187293975117,1413.0235200658626,1996.9961748553926
stare,im0163,test,im0163,,p5_gt_e2,5,32751,326.7578125,225.5859375,83.3984375,1.0,2.376262903213501,3.0811686515808105,1.0,643.7341339308372,4.049105199985206,325464.0,32751.0,1.1133450992686464,1.0969363933382241,8876.935059634514,96.36143600875285,1.0,68.0,75.0,1.6152489030110895,1.547824726027935,1.505438401749802,0.8641745037100146,0.10062864095568173,1.0,1.0,1.0,326.7578125,225.5859375,83.3984375,9738.0,1.0852219815583048,1.0808534284711508,2311.90281246694,39.253117216412576,20.0,31.0,13.0,1.4252716293521195,1.3500591284638295,1.306514962910385,0.8464213880846341,0.09207901131839973,105757.0,5.95940769999288,325464.0,0.10062864095568173,32751.0,325464.0,9630.186935037622,0.02958910028463247,8302.0,199.0,90.0,61.0,1.270037262910785,0.9832727480335174,1.4375901612203759,1.0810562977327156,1.086043595922154,148.0,2.022671947356756,1.0,0.09207901131839973,9738.0,105757.0,2882.0176028802002,0.0272513176705107,2514.0,59.0,15.0,64.0,1.0897258930772789,0.9869651933136797,1.2637267066525746,1.068159053951322,1.0734067137580638,52.0,1.9668454163023175,1.0,326.7578125,225.5859375,83.3984375,1.0,1.6152489030110895,1.270037262910785,1.4252716293521195,1.0897258930772789,1.0969363933382241,1.086043595922154,1.0808534284711508,1.0734067137580638,0.10062864095568173,0.10062864095568173,0.09207901131839973,0.09207901131839973,8876.935059634514,9630.186935037622,2311.90281246694,2882.0176028802002
stare,im0235,test,im0235,,p5_gt_e2,5,37701,142.1875,266.6015625,64.2578125,1.0,2.031965494155884,2.134615421295166,1.0,633.6248414677102,3.716744000033941,315322.0,37701.0,1.1317119865688414,1.1103661607527617,8803.251726726328,88.7500818090011,3.0,87.0,89.0,1.6185388486904224,1.5633464738471003,1.5336419501207479,0.7448403442066838,0.11956349382535947,1.0,1.0,1.0,142.1875,266.6015625,64.2578125,6305.0,1.0927744828675463,1.0800040879044417,848.8670990922585,,9.0,10.0,14.0,1.290963822523012,1.1893769778566396,1.1352303771643668,1.0219255226530635,0.13826147975965966,45602.0,6.0023495000205,315322.0,0.11956349382535947,37701.0,315322.0,9925.150355111164,0.031476238115675924,8640.0,275.0,115.0,105.0,1.2697988796622066,0.9819733282943657,1.4568907817629555,1.0873997423791282,1.098207204479619,196.0,2.2104005208955413,1.0,0.13826147975965966,6305.0,45602.0,1307.212336883819,0.028665679945700167,1145.0,58.0,15.0,44.0,0.9978412181622435,0.9935235558959097,1.2730417102569809,1.0735285934653733,1.0741539243170033,38.0,2.6388612405781773,1.0,142.1875,266.6015625,64.2578125,1.0,1.6185388486904224,1.2697988796622066,1.290963822523012,0.9978412181622435,1.1103661607527617,1.098207204479619,1.0800040879044417,1.0741539243170033,0.11956349382535947,0.11956349382535947,0.13826147975965966,0.13826147975965966,8803.251726726328,9925.150355111164,848.8670990922585,1307.212336883819
stare,im0236,test,im0236,,p5_gt_e2,5,38360,112.109375,216.015625,62.890625,1.0,2.01665997505188,1.9571044445037842,1.0,633.6881360861187,3.6026050000218675,315385.0,38360.0,1.136407954962906,1.1101329566454547,8818.133977720236,93.47184974042767,3.0,85.0,97.0,1.6126583878233163,1.548008003340784,1.5093960716393353,0.8061934867634541,0.12162911996448784,1.0,1.0,1.0,112.109375,216.015625,62.890625,4670.0,1.0974348878486913,1.081471260478019,727.1269837220808,,7.0,9.0,10.0,1.3048381326766192,1.2195508109937827,1.166566923804084,0.9712492724358922,0.1268918294704236,36803.0,5.984545799961779,315385.0,0.12162911996448784,38360.0,315385.0,9814.594005925059,0.031119406458534993,8518.0,290.0,127.0,82.0,1.2815154751266788,0.9852810626785146,1.4732513967068415,1.0902367499826053,1.1020398363014685,199.0,2.273221954941651,1.0,0.1268918294704236,4670.0,36803.0,1044.0041840821061,0.028367366358234548,915.0,42.0,11.0,33.0,0.9924133959280791,0.9951279171588923,1.2442773837541736,1.078516242028841,1.0781890988402771,30.0,2.5034666504761756,1.0,112.109375,216.015625,62.890625,1.0,1.6126583878233163,1.2815154751266788,1.3048381326766192,0.9924133959280791,1.1101329566454547,1.1020398363014685,1.081471260478019,1.0781890988402771,0.12162911996448784,0.12162911996448784,0.1268918294704236,0.1268918294704236,8818.133977720236,9814.594005925059,727.1269837220808,1044.0041840821061
stare,im0239,test,im0239,,p5_gt_e2,5,36571,73.828125,303.515625,43.75,1.0,2.9598772525787354,2.6816720962524414,1.0,637.765854559854,3.4223485000547953,319457.0,36571.0,1.1445520917616299,1.110741182568759,9226.223514964082,110.97773629509179,1.0,83.0,95.0,1.6359245696450866,1.5888886068754033,1.560834794655978,0.7571696615468888,0.11447863092685401,1.0,1.0,1.0,73.828125,303.515625,43.75,2794.0,1.1010345607069694,1.0977850123994983,480.9310242291875,,4.0,7.0,5.0,1.2351863579345843,1.1520608949964923,1.1090435884634782,1.1046097698318644,0.15074997302255314,18534.0,5.982029300008435,319457.0,0.11447863092685401,36571.0,319457.0,10368.766804289588,0.03245747253711638,8829.0,308.0,128.0,85.0,1.290511304046638,0.9825036124889189,1.4649984687748088,1.0991858086836934,1.1115519585018712,202.0,2.0714705701389433,1.0,0.15074997302255314,2794.0,18534.0,678.6955262170046,0.03661894497771688,576.0,19.0,5.0,17.0,1.018316235490925,0.9932457672168878,1.2514083360754,1.08558479450627,1.086910007317076,14.0,2.3547503074973224,1.0,73.828125,303.515625,43.75,1.0,1.6359245696450866,1.290511304046638,1.2351863579345843,1.018316235490925,1.110741182568759,1.1115519585018712,1.0977850123994983,1.086910007317076,0.11447863092685401,0.11447863092685401,0.15074997302255314,0.15074997302255314,9226.223514964082,10368.766804289588,480.9310242291875,678.6955262170046
stare,im0240,test,im0240,,p5_gt_e2,5,43243,432.03125,213.28125,88.8671875,0.0,1.3258092403411865,3.5409834384918213,1.0,683.8973856373841,4.09565209998982,367343.0,43243.0,1.1513917686394424,1.110930608609811,8191.709662890096,97.2058589011106,3.0,73.0,78.0,1.5872466736871333,1.5251964909944746,1.4920984985911785,0.8987997264881253,0.11771831775751818,1.0,1.0,1.0,432.03125,213.28125,88.8671875,10495.0,1.133717602945984,1.0955841780030098,1439.437733628235,,7.0,17.0,12.0,1.4112304881481985,1.3310935313264414,1.2769214906848976,0.9112319896207592,0.10262854237155541,102262.0,6.255398400011472,367343.0,0.11771831775751818,43243.0,367343.0,9081.115867225755,0.02472108048125527,7763.0,236.0,98.0,79.0,1.2599717207967485,0.9816299594597838,1.4884930040407873,1.0903565951370768,1.1081483062885065,161.0,2.6457569845046405,1.0,0.10262854237155541,10495.0,102262.0,2416.370849898475,0.02362921564118123,2111.0,75.0,21.0,71.0,1.0874024217651006,0.9908123868552087,1.3066883118039239,1.0908157910394418,1.1029240670073492,56.0,2.4001084966704096,1.0,432.03125,213.28125,88.8671875,0.0,1.5872466736871333,1.2599717207967485,1.4112304881481985,1.0874024217651006,1.110930608609811,1.1081483062885065,1.0955841780030098,1.1029240670073492,0.11771831775751818,0.11771831775751818,0.10262854237155541,0.10262854237155541,8191.709662890096,9081.115867225755,1439.437733628235,2416.370849898475
stare,im0255,test,im0255,,p5_gt_e2,5,37903,91.6015625,261.1328125,32.8125,1.0,3.01922607421875,2.0784811973571777,1.0,636.8548427841798,3.7879761999938637,318545.0,37903.0,1.1446682332408982,1.1145839132276727,10820.99010899295,73.1824037557131,1.0,139.0,147.0,1.656257230594753,1.6115015874171892,1.5847657523956526,0.7118422576371475,0.11898789809916967,1.0,1.0,1.0,91.6015625,261.1328125,32.8125,2173.0,1.182035340338433,1.1343108208650736,443.37467504308347,,5.0,11.0,8.0,1.3183087674405864,1.20135931540417,1.1400624263047237,1.2741585374510094,0.17556758503676173,12377.0,6.312054299982265,318545.0,0.11898789809916967,37903.0,318545.0,12348.92026667036,0.03876664291283919,10617.0,481.0,203.0,152.0,1.3446383881530088,0.9811114665424301,1.4932040235261803,1.086433441582471,1.0879637607070536,303.0,1.8221666470392972,1.0,0.17556758503676173,2173.0,12377.0,644.7544007200504,0.05209294665266627,551.0,48.0,17.0,27.0,1.0466021669547165,0.9929564280494002,1.2874152542325308,1.0857977074394811,1.082333319732623,23.0,1.918548672063205,1.0,91.6015625,261.1328125,32.8125,1.0,1.656257230594753,1.3446383881530088,1.3183087674405864,1.0466021669547165,1.1145839132276727,1.0879637607070536,1.1343108208650736,1.082333319732623,0.11898789809916967,0.11898789809916967,0.17556758503676173,0.17556758503676173,10820.99010899295,12348.92026667036,443.37467504308347,644.7544007200504
stare,im0291,test,im0291,,p5_gt_e2,5,21418,281.640625,302.1484375,51.163215012793835,1.0,1.9190698862075806,2.567901372909546,0.0,639.5401876599229,3.5086333000217564,321237.0,21418.0,1.0883807750454344,1.0919181313811552,5350.763127821763,70.6075506927467,2.0,36.0,39.0,1.5339156563657,1.4984724675944072,1.4829926210916227,0.6443778832032216,0.06667351519283271,1.0,1.0,1.0,281.640625,302.1484375,51.163215012793835,3707.0,1.079532220509609,1.0788198072596327,806.097546470558,180.0,6.0,11.0,3.0,1.306582475743346,1.2550518988684731,1.2402936058655183,0.7776903422775037,0.09014639365789602,41122.0,6.375317600031849,321237.0,0.06667351519283271,21418.0,321237.0,5915.936792738068,0.018416112691682678,5054.0,109.0,43.0,39.0,1.1883289966863173,0.9899060991772133,1.367291159908212,1.0749111491384313,1.0726000167897443,82.0,2.0933146069002926,1.0,0.09014639365789602,3707.0,41122.0,995.0214280248094,0.02419681503878239,881.0,17.0,3.0,22.0,1.0071464603040903,0.9941314613918742,1.206643551346602,1.073188256974896,1.0743198067474338,16.0,2.1093055536740595,1.0,281.640625,302.1484375,51.163215012793835,1.0,1.5339156563657,1.1883289966863173,1.306582475743346,1.0071464603040903,1.0919181313811552,1.0726000167897443,1.0788198072596327,1.0743198067474338,0.06667351519283271,0.06667351519283271,0.09014639365789602,0.09014639365789602,5350.763127821763,5915.936792738068,806.097546470558,995.0214280248094
stare,im0319,test,im0319,,p5_gt_e2,5,18245,359.5703125,157.2265625,51.18741823244858,1.0,1.513532042503357,2.563786029815674,0.0,639.8427279056073,3.155842100037262,321541.0,18245.0,1.1209309966493621,1.1100795518717546,2552.785063460849,95.48552743378966,1.0,19.0,20.0,1.5036426674002377,1.4684779001328687,1.4515914173937732,0.6359638730546366,0.056742375000388756,1.0,1.0,1.0,359.5703125,157.2265625,51.18741823244858,1715.0,1.1072818840512233,1.0991041445655683,536.7888886054566,75.23156754741504,2.0,7.0,6.0,1.2689900231627762,1.1869213318791054,1.1408326127344877,0.9284798054059096,0.04166362995894371,41163.0,6.461804100021254,321541.0,0.056742375000388756,18245.0,321541.0,5428.111324206153,0.016881552661110567,4669.0,118.0,41.0,43.0,1.1504788577332599,0.9880923582704956,1.3180865817676481,1.1010644700773684,1.1271272511548125,70.0,1.9152469253063282,1.0,0.04166362995894371,1715.0,41163.0,701.3574311003803,0.017038540220595685,626.0,23.0,7.0,19.0,0.9455736945021308,0.9990367874343652,1.0940577037601904,1.071500420243275,1.0811153932241575,17.0,1.4553206571956283,1.0,359.5703125,157.2265625,51.18741823244858,1.0,1.5036426674002377,1.1504788577332599,1.2689900231627762,0.9455736945021308,1.1100795518717546,1.1271272511548125,1.0991041445655683,1.0811153932241575,0.056742375000388756,0.056742375000388756,0.04166362995894371,0.04166362995894371,2552.785063460849,5428.111324206153,536.7888886054566,701.3574311003803
stare,im0324,test,im0324,,p5_gt_e2,5,28261,474.4140625,103.90625,83.3984375,0.0,1.9550524950027466,1.221909999847412,1.0,644.414171162043,3.614373299991712,326152.0,28261.0,1.1135640885159717,1.0953711953375427,5045.9082220383225,124.32431224040592,3.0,38.0,33.0,1.5159361486066658,1.4793190645080565,1.4634712056724541,0.6739312982111818,0.08664978292329957,1.0,1.0,1.0,474.4140625,103.90625,83.3984375,8232.0,1.0954041622524717,1.0897928638358283,1138.7686860699232,98.58296915518187,1.0,13.0,12.0,1.3691274534052453,1.3190532728205215,1.2962199683087192,0.7389351249857898,0.14574296691039781,56483.0,6.326014399994165,326152.0,0.08664978292329957,28261.0,326152.0,6026.427124746189,0.018477357565632554,5192.0,120.0,52.0,45.0,1.1684230313533257,0.9879032433747775,1.3917388949722145,1.0876337554167992,1.0874651428662212,83.0,2.6429650158858133,1.0,0.14574296691039781,8232.0,56483.0,1500.1311678041868,0.026558985319550782,1265.0,46.0,20.0,17.0,1.092175278066473,0.9943855385969024,1.3704615923378638,1.0752137072304724,1.0792181457321925,30.0,3.2858046972837673,1.0,474.4140625,103.90625,83.3984375,0.0,1.5159361486066658,1.1684230313533257,1.3691274534052453,1.092175278066473,1.0953711953375427,1.0874651428662212,1.0897928638358283,1.0792181457321925,0.08664978292329957,0.08664978292329957,0.14574296691039781,0.14574296691039781,5045.9082220383225,6026.427124746189,1138.7686860699232,1500.1311678041868
