dataset,config,seed,checkpoint,n,mean_dice,mean_cldice,meta_mean_dice,meta_mean_cldice,ckpt_epoch,ckpt,d_dice,d_dice_lo,d_dice_hi,d_cldice,d_cldice_lo,d_cldice_hi,px_path,meta_path
fives,baseline,0,last,200,0.9028631333611883,0.9077956039712134,0.9028631333611883,0.9077956039712134,144,E:\Programming\research_ws\medical1\exp\runs\seg\fives\seed0\best.pt,,,,,,,runs/pivot/fives/seed0/baseline/pred/pixel_metrics.csv,runs/pivot/fives/seed0/baseline/pred/infer_meta.json
fives,baseline,1,last,200,0.9025493195288451,0.9071264039417732,0.9025493195288451,0.9071264039417732,148,E:\Programming\research_ws\medical1\exp\runs\seg\fives\seed1\best.pt,,,,,,,runs/pivot/fives/seed1/baseline/pred/pixel_metrics.csv,runs/pivot/fives/seed1/baseline/pred/infer_meta.json
fives,baseline,2,last,200,0.9009495067739901,0.9050253270823694,0.9009495067739901,0.9050253270823694,139,E:\Programming\research_ws\medical1\exp\runs\seg\fives\seed2\best.pt,,,,,,,runs/pivot/fives/seed2/baseline/pred/pixel_metrics.csv,runs/pivot/fives/seed2/baseline/pred/infer_meta.json
fives,baseline,3,last,200,0.8995105438823368,0.9037660151689668,0.8995105438823368,0.9037660151689668,125,E:\Programming\research_ws\medical1\exp\runs\seg\fives\seed3\best.pt,,,,,,,runs/pivot/fives/seed3/baseline/pred/pixel_metrics.csv,runs/pivot/fives/seed3/baseline/pred/infer_meta.json
fives,baseline,4,last,200,0.901140937412062,0.9064660565907106,0.901140937412062,0.9064660565907106,146,E:\Programming\research_ws\medical1\exp\runs\seg\fives\seed4\best.pt,,,,,,,runs/pivot/fives/seed4/baseline/pred/pixel_metrics.csv,runs/pivot/fives/seed4/baseline/pred/infer_meta.json
fives,baseline,5,last,200,0.9020542096900812,0.9073127201656331,0.9020542096900812,0.9073127201656329,138,E:\Programming\research_ws\medical1\exp\runs\seg\fives\seed5\best.pt,,,,,,,runs/pivot/fives/seed5/baseline/pred/pixel_metrics.csv,runs/pivot/fives/seed5/baseline/pred/infer_meta.json
fives,continued,0,last,200,0.9028495342021787,0.9101921050737631,0.9028495342021787,0.9101921050737632,49,E:\Programming\research_ws\medical1\exp\runs\pivot\fives\seed0\continued\last.pt,-1.3599159009474587e-05,-0.00038486488564297726,0.0003874165012330893,0.002396501102549772,0.0019483386227766208,0.0029099999912213783,runs/pivot/fives/seed0/continued/pred/pixel_metrics.csv,runs/pivot/fives/seed0/continued/pred/infer_meta.json
fives,continued,0,fid,200,0.9027046441631722,0.9098947253064292,0.9027046441631721,0.9098947253064292,43,E:\Programming\research_ws\medical1\exp\runs\pivot\fives\seed0\continued\best_fid.pt,-0.00015848919801609977,-0.0005339163601459512,0.00026401953991764677,0.0020991213352159433,0.0016703431096581271,0.0025454989253962746,runs/pivot/fives/seed0/continued/pred_fid/pixel_metrics.csv,runs/pivot/fives/seed0/continued/pred_fid/infer_meta.json
fives,continued,1,last,200,0.9036543714191007,0.9101911320582158,0.9036543714191007,0.9101911320582158,49,E:\Programming\research_ws\medical1\exp\runs\pivot\fives\seed1\continued\last.pt,0.0011050518902557258,0.00038968629969770934,0.0020895389340194284,0.003064728116442554,0.002302878065970169,0.004020066982027046,runs/pivot/fives/seed1/continued/pred/pixel_metrics.csv,runs/pivot/fives/seed1/continued/pred/infer_meta.json
fives,continued,1,fid,200,0.9026584757084268,0.9088439286552966,0.9026584757084269,0.9088439286552966,17,E:\Programming\research_ws\medical1\exp\runs\pivot\fives\seed1\continued\best_fid.pt,0.00010915617958189446,-0.000501543024989125,0.0007801110974328356,0.0017175247135234788,0.0011029843585973803,0.0023749184023181408,runs/pivot/fives/seed1/continued/pred_fid/pixel_metrics.csv,runs/pivot/fives/seed1/continued/pred_fid/infer_meta.json
fives,continued,2,last,200,0.9013407771319139,0.9089870090044494,0.9013407771319137,0.9089870090044492,49,E:\Programming\research_ws\medical1\exp\runs\pivot\fives\seed2\continued\last.pt,0.00039127035792382555,-0.0005610364314276861,0.0015116542407415997,0.003961681922079877,0.002857389457374518,0.0052692601342910475,runs/pivot/fives/seed2/continued/pred/pixel_metrics.csv,runs/pivot/fives/seed2/continued/pred/infer_meta.json
fives,continued,2,fid,200,0.8993667267179094,0.9068182437540577,0.8993667267179094,0.9068182437540578,9,E:\Programming\research_ws\medical1\exp\runs\pivot\fives\seed2\continued\best_fid.pt,-0.0015827800560805987,-0.0025121757848689925,-0.0005706579580554362,0.0017929166716883294,0.0008033948618959144,0.002830211901429456,runs/pivot/fives/seed2/continued/pred_fid/pixel_metrics.csv,runs/pivot/fives/seed2/continued/pred_fid/infer_meta.json
fives,continued,3,last,200,0.9027377291538977,0.9099692966980634,0.9027377291538977,0.9099692966980634,49,E:\Programming\research_ws\medical1\exp\runs\pivot\fives\seed3\continued\last.pt,0.0032271852715609907,0.002447067068619898,0.004070039082675407,0.006203281529096538,0.005144169962327877,0.007392710523256368,runs/pivot/fives/seed3/continued/pred/pixel_metrics.csv,runs/pivot/fives/seed3/continued/pred/infer_meta.json
fives,continued,3,fid,200,0.900093440844326,0.9078448749213848,0.900093440844326,0.9078448749213848,3,E:\Programming\research_ws\medical1\exp\runs\pivot\fives\seed3\continued\best_fid.pt,0.0005828969619892976,1.367032140164425e-05,0.0012088352798907268,0.00407885975241796,0.003472654058127701,0.004731414330560531,runs/pivot/fives/seed3/continued/pred_fid/pixel_metrics.csv,runs/pivot/fives/seed3/continued/pred_fid/infer_meta.json
fives,continued,4,last,200,0.9023463241417722,0.9093735074761724,0.9023463241417722,0.9093735074761724,49,E:\Programming\research_ws\medical1\exp\runs\pivot\fives\seed4\continued\last.pt,0.0012053867297100733,0.0004071658628406907,0.002189149699585979,0.0029074508854618746,0.0020451021561569984,0.003979233715112088,runs/pivot/fives/seed4/continued/pred/pixel_metrics.csv,runs/pivot/fives/seed4/continued/pred/infer_meta.json
fives,continued,4,fid,200,0.9020121463350168,0.9074155494999036,0.9020121463350168,0.9074155494999038,7,E:\Programming\research_ws\medical1\exp\runs\pivot\fives\seed4\continued\best_fid.pt,0.0008712089229546472,4.513682864483427e-05,0.0018798688664206616,0.0009494929091931028,-7.449564153899618e-06,0.00200434219886535,runs/pivot/fives/seed4/continued/pred_fid/pixel_metrics.csv,runs/pivot/fives/seed4/continued/pred_fid/infer_meta.json
fives,continued,5,last,200,0.9034051963047122,0.9111936032616881,0.9034051963047122,0.9111936032616881,49,E:\Programming\research_ws\medical1\exp\runs\pivot\fives\seed5\continued\last.pt,0.001350986614631034,0.001026597931736069,0.0017189617159708967,0.003880883096054821,0.0033203120384377766,0.004479833789417128,runs/pivot/fives/seed5/continued/pred/pixel_metrics.csv,runs/pivot/fives/seed5/continued/pred/infer_meta.json
fives,continued,5,fid,200,0.9024002310223029,0.9095657991807269,0.9024002310223029,0.9095657991807269,23,E:\Programming\research_ws\medical1\exp\runs\pivot\fives\seed5\continued\best_fid.pt,0.0003460213322217377,-0.000265926423127791,0.0009501646788146009,0.0022530790150938392,0.0014546849705084832,0.003079420581012325,runs/pivot/fives/seed5/continued/pred_fid/pixel_metrics.csv,runs/pivot/fives/seed5/continued/pred_fid/infer_meta.json
fives,reliseg,0,last,200,0.9014170071997117,0.907947017310534,0.9014170071997117,0.907947017310534,49,E:\Programming\research_ws\medical1\exp\runs\pivot\fives\seed0\reliseg\last.pt,-0.0014461261614766403,-0.001976452323991978,-0.0008450177450043129,0.00015141333932050015,-0.0004667186599766108,0.0007699902339933778,runs/pivot/fives/seed0/reliseg/pred/pixel_metrics.csv,runs/pivot/fives/seed0/reliseg/pred/infer_meta.json
fives,reliseg,0,fid,200,0.900193696869368,0.9052107959319031,0.900193696869368,0.9052107959319031,14,E:\Programming\research_ws\medical1\exp\runs\pivot\fives\seed0\reliseg\best_fid.pt,-0.002669436491820164,-0.003287166459621507,-0.002132153947740951,-0.0025848080393102535,-0.003337051888672855,-0.0018372374586776616,runs/pivot/fives/seed0/reliseg/pred_fid/pixel_metrics.csv,runs/pivot/fives/seed0/reliseg/pred_fid/infer_meta.json
fives,reliseg,1,last,200,0.9011295843577067,0.9079829108031748,0.9011295843577067,0.9079829108031748,49,E:\Programming\research_ws\medical1\exp\runs\pivot\fives\seed1\reliseg\last.pt,-0.0014197351711381964,-0.0020500443143011584,-0.0006775374875902884,0.0008565068614016641,8.41118027983321e-05,0.0016700037128425595,runs/pivot/fives/seed1/reliseg/pred/pixel_metrics.csv,runs/pivot/fives/seed1/reliseg/pred/infer_meta.json
fives,reliseg,1,fid,200,0.9012655442239311,0.9074228879239442,0.9012655442239311,0.9074228879239442,18,E:\Programming\research_ws\medical1\exp\runs\pivot\fives\seed1\reliseg\best_fid.pt,-0.0012837753049139058,-0.002223014992175473,-6.24345348307006e-05,0.00029648398217091686,-0.000720247806511416,0.001536514068284589,runs/pivot/fives/seed1/reliseg/pred_fid/pixel_metrics.csv,runs/pivot/fives/seed1/reliseg/pred_fid/infer_meta.json
fives,reliseg,2,last,200,0.9000137930865936,0.9064954679824555,0.9000137930865936,0.9064954679824555,49,E:\Programming\research_ws\medical1\exp\runs\pivot\fives\seed2\reliseg\last.pt,-0.0009357136873966696,-0.001844776922527347,0.00015104542914235733,0.0014701409000860768,0.00035062133699409785,0.0029211779659983933,runs/pivot/fives/seed2/reliseg/pred/pixel_metrics.csv,runs/pivot/fives/seed2/reliseg/pred/infer_meta.json
fives,reliseg,2,fid,200,0.899091701054893,0.9038385986507299,0.899091701054893,0.9038385986507299,8,E:\Programming\research_ws\medical1\exp\runs\pivot\fives\seed2\reliseg\best_fid.pt,-0.0018578057190970882,-0.002749488957283396,-0.0007786377525035904,-0.0011867284316395294,-0.0023963660839080524,0.00024500856962246536,runs/pivot/fives/seed2/reliseg/pred_fid/pixel_metrics.csv,runs/pivot/fives/seed2/reliseg/pred_fid/infer_meta.json
fives,reliseg,3,last,200,0.9008572067462248,0.9072892766543877,0.9008572067462248,0.9072892766543877,49,E:\Programming\research_ws\medical1\exp\runs\pivot\fives\seed3\reliseg\last.pt,0.001346662863888054,0.0003864506931994439,0.0024363997588870505,0.0035232614854209953,0.002306564857567388,0.004921163802192923,runs/pivot/fives/seed3/reliseg/pred/pixel_metrics.csv,runs/pivot/fives/seed3/reliseg/pred/infer_meta.json
fives,reliseg,3,fid,200,0.8994715100542058,0.9054533917446852,0.8994715100542058,0.9054533917446852,19,E:\Programming\research_ws\medical1\exp\runs\pivot\fives\seed3\reliseg\best_fid.pt,-3.903382813093704e-05,-0.0007036896801950603,0.0006608990844704333,0.001687376575718404,0.0007927900529314656,0.0026556116174947927,runs/pivot/fives/seed3/reliseg/pred_fid/pixel_metrics.csv,runs/pivot/fives/seed3/reliseg/pred_fid/infer_meta.json
fives,reliseg,4,last,200,0.90074007460135,0.9068107432140848,0.90074007460135,0.9068107432140848,49,E:\Programming\research_ws\medical1\exp\runs\pivot\fives\seed4\reliseg\last.pt,-0.00040086281071211684,-0.0011740785973613577,0.0005778497343194768,0.00034468662337436436,-0.0006257552323818221,0.0014487915090140985,runs/pivot/fives/seed4/reliseg/pred/pixel_metrics.csv,runs/pivot/fives/seed4/reliseg/pred/infer_meta.json
fives,reliseg,4,fid,200,0.9004359853376736,0.9058696857488714,0.9004359853376737,0.9058696857488714,25,E:\Programming\research_ws\medical1\exp\runs\pivot\fives\seed4\reliseg\best_fid.pt,-0.000704952074388491,-0.0012072211405302754,-0.00012447989986607,-0.0005963708418392232,-0.0011763924620782286,-4.97292741631959e-06,runs/pivot/fives/seed4/reliseg/pred_fid/pixel_metrics.csv,runs/pivot/fives/seed4/reliseg/pred_fid/infer_meta.json
fives,reliseg,5,last,200,0.9017931913056845,0.9084332849130792,0.9017931913056845,0.9084332849130792,49,E:\Programming\research_ws\medical1\exp\runs\pivot\fives\seed5\reliseg\last.pt,-0.0002610183843966779,-0.0007478125141038405,0.00019820970499154664,0.001120564747446076,0.0004903500641797798,0.001751150595910989,runs/pivot/fives/seed5/reliseg/pred/pixel_metrics.csv,runs/pivot/fives/seed5/reliseg/pred/infer_meta.json
fives,reliseg,5,fid,200,0.8999282528317147,0.9061940768757557,0.8999282528317147,0.9061940768757557,17,E:\Programming\research_ws\medical1\exp\runs\pivot\fives\seed5\reliseg\best_fid.pt,-0.002125956858366547,-0.0025533113011232313,-0.0016822421196137278,-0.0011186432898772883,-0.0017423536938465437,-0.00048784034571324494,runs/pivot/fives/seed5/reliseg/pred_fid/pixel_metrics.csv,runs/pivot/fives/seed5/reliseg/pred_fid/infer_meta.json
fives,reliseg_nocl,0,last,200,0.9016743865742339,0.9040262838017541,0.9016743865742339,0.904026283801754,49,E:\Programming\research_ws\medical1\exp\runs\pivot\fives\seed0\reliseg_nocl\last.pt,-0.0011887467869543275,-0.0016835094905683567,-0.0007617600553222227,-0.0037693201694592804,-0.0044043309813060335,-0.003145156038047328,runs/pivot/fives/seed0/reliseg_nocl/pred/pixel_metrics.csv,runs/pivot/fives/seed0/reliseg_nocl/pred/infer_meta.json
fives,reliseg_nocl,0,fid,200,0.9003838117851819,0.9029239099823647,0.9003838117851819,0.9029239099823647,29,E:\Programming\research_ws\medical1\exp\runs\pivot\fives\seed0\reliseg_nocl\best_fid.pt,-0.0024793215760062406,-0.0029052186216112184,-0.002063702459950028,-0.004871693988848669,-0.0054902221083596965,-0.004231131765838315,runs/pivot/fives/seed0/reliseg_nocl/pred_fid/pixel_metrics.csv,runs/pivot/fives/seed0/reliseg_nocl/pred_fid/infer_meta.json
fives,reliseg_nocl,1,last,200,0.9016356615115794,0.9048067291960706,0.9016356615115794,0.9048067291960706,49,E:\Programming\research_ws\medical1\exp\runs\pivot\fives\seed1\reliseg_nocl\last.pt,-0.0009136580172657016,-0.0013275870300932652,-0.0005170369127411954,-0.0023196747457026644,-0.0028856522159365484,-0.001746964541076444,runs/pivot/fives/seed1/reliseg_nocl/pred/pixel_metrics.csv,runs/pivot/fives/seed1/reliseg_nocl/pred/infer_meta.json
fives,reliseg_nocl,1,fid,200,0.901075294525109,0.9037155906066833,0.901075294525109,0.9037155906066833,22,E:\Programming\research_ws\medical1\exp\runs\pivot\fives\seed1\reliseg_nocl\best_fid.pt,-0.0014740250037359758,-0.0022297382435970798,-0.0008077268136637085,-0.0034108133350898573,-0.004280507531617099,-0.002588730656319855,runs/pivot/fives/seed1/reliseg_nocl/pred_fid/pixel_metrics.csv,runs/pivot/fives/seed1/reliseg_nocl/pred_fid/infer_meta.json
fives,reliseg_nocl,2,last,200,0.9000844189956126,0.9027612051933639,0.9000844189956126,0.9027612051933639,49,E:\Programming\research_ws\medical1\exp\runs\pivot\fives\seed2\reliseg_nocl\last.pt,-0.0008650877783773948,-0.0014647255884600344,-0.00015354879442256139,-0.0022641218890055216,-0.003117399128494251,-0.001288085753514014,runs/pivot/fives/seed2/reliseg_nocl/pred/pixel_metrics.csv,runs/pivot/fives/seed2/reliseg_nocl/pred/infer_meta.json
fives,reliseg_nocl,2,fid,200,0.8982283375127256,0.9011862397272401,0.8982283375127256,0.9011862397272401,24,E:\Programming\research_ws\medical1\exp\runs\pivot\fives\seed2\reliseg_nocl\best_fid.pt,-0.002721169261264432,-0.003457910230728667,-0.002063085204202406,-0.0038390873551292287,-0.004831091141006689,-0.0028778927387877254,runs/pivot/fives/seed2/reliseg_nocl/pred_fid/pixel_metrics.csv,runs/pivot/fives/seed2/reliseg_nocl/pred_fid/infer_meta.json
fives,cfloss,0,last,200,0.903215036691524,0.9061882015381281,0.903215036691524,0.9061882015381281,49,E:\Programming\research_ws\medical1\exp\runs\pivot\fives\seed0\cfloss\last.pt,0.0003519033303358384,-0.0008260101978583013,0.0014164683012659138,-0.0016074024330853865,-0.00284031816354215,-0.0004928172395206794,runs/pivot/fives/seed0/cfloss/pred/pixel_metrics.csv,runs/pivot/fives/seed0/cfloss/pred/infer_meta.json
fives,cfloss,0,fid,200,0.9022161929563591,0.9047982146146425,0.902216192956359,0.9047982146146425,31,E:\Programming\research_ws\medical1\exp\runs\pivot\fives\seed0\cfloss\best_fid.pt,-0.0006469404048290881,-0.001943691369702309,0.0005421310448393297,-0.002997389356570911,-0.00429595279631448,-0.0017695474862870172,runs/pivot/fives/seed0/cfloss/pred_fid/pixel_metrics.csv,runs/pivot/fives/seed0/cfloss/pred_fid/infer_meta.json
fives,cfloss,1,last,200,0.9032409951720528,0.9065096930030261,0.9032409951720528,0.9065096930030261,49,E:\Programming\research_ws\medical1\exp\runs\pivot\fives\seed1\cfloss\last.pt,0.0006916756432078688,-9.253409577956873e-05,0.0013897334506893318,-0.0006167109387471548,-0.0014600556268530927,0.00019041567475834624,runs/pivot/fives/seed1/cfloss/pred/pixel_metrics.csv,runs/pivot/fives/seed1/cfloss/pred/infer_meta.json
fives,cfloss,1,fid,200,0.9014479975613908,0.9044422767182135,0.9014479975613908,0.9044422767182135,11,E:\Programming\research_ws\medical1\exp\runs\pivot\fives\seed1\cfloss\best_fid.pt,-0.0011013219674541519,-0.002560622830289093,0.0001830616421650392,-0.0026841272235595924,-0.004149194491500034,-0.0012618246557717422,runs/pivot/fives/seed1/cfloss/pred_fid/pixel_metrics.csv,runs/pivot/fives/seed1/cfloss/pred_fid/infer_meta.json
fives,cfloss,2,last,200,0.9021979942686725,0.9052110400209149,0.9021979942686725,0.9052110400209149,49,E:\Programming\research_ws\medical1\exp\runs\pivot\fives\seed2\cfloss\last.pt,0.0012484874946825388,0.0007538840394682802,0.0017266430721421284,0.00018571293854553444,-0.00039743182408995747,0.0007658285642766843,runs/pivot/fives/seed2/cfloss/pred/pixel_metrics.csv,runs/pivot/fives/seed2/cfloss/pred/infer_meta.json
fives,cfloss,2,fid,200,0.902173127120067,0.9050462569729233,0.9021731271200671,0.9050462569729233,48,E:\Programming\research_ws\medical1\exp\runs\pivot\fives\seed2\cfloss\best_fid.pt,0.0012236203460771339,0.0007034421446089278,0.0017147812824854787,2.0929890553967567e-05,-0.0005998235530320612,0.0006102747394812035,runs/pivot/fives/seed2/cfloss/pred_fid/pixel_metrics.csv,runs/pivot/fives/seed2/cfloss/pred_fid/infer_meta.json
hrf,baseline,0,last,30,0.8139418046898652,0.8250238626320816,0.8139418046898652,0.8250238626320816,61,E:\Programming\research_ws\medical1\exp\runs\seg\hrf\seed0\best.pt,,,,,,,runs/pivot/hrf/seed0/baseline/pred/pixel_metrics.csv,runs/pivot/hrf/seed0/baseline/pred/infer_meta.json
hrf,baseline,1,last,30,0.8131558465243821,0.8196635500388356,0.8131558465243821,0.8196635500388356,83,E:\Programming\research_ws\medical1\exp\runs\seg\hrf\seed1\best.pt,,,,,,,runs/pivot/hrf/seed1/baseline/pred/pixel_metrics.csv,runs/pivot/hrf/seed1/baseline/pred/infer_meta.json
hrf,baseline,2,last,30,0.8138454912555628,0.8226024578637862,0.8138454912555628,0.8226024578637862,63,E:\Programming\research_ws\medical1\exp\runs\seg\hrf\seed2\best.pt,,,,,,,runs/pivot/hrf/seed2/baseline/pred/pixel_metrics.csv,runs/pivot/hrf/seed2/baseline/pred/infer_meta.json
hrf,continued,0,last,30,0.8133895233013794,0.8348687443168015,0.8133895233013794,0.8348687443168015,49,E:\Programming\research_ws\medical1\exp\runs\pivot\hrf\seed0\continued\last.pt,-0.0005522813884860534,-0.002697388936746598,0.0013831342939742348,0.009844881684719793,0.007855159946068167,0.011592351858548048,runs/pivot/hrf/seed0/continued/pred/pixel_metrics.csv,runs/pivot/hrf/seed0/continued/pred/infer_meta.json
hrf,continued,0,fid,30,0.8126325111070839,0.8341562151754811,0.8126325111070839,0.8341562151754811,0,E:\Programming\research_ws\medical1\exp\runs\pivot\hrf\seed0\continued\best_fid.pt,-0.001309293582781501,-0.002434022489187047,3.467333826510656e-05,0.00913235254339958,0.007385466514707138,0.010846782397371335,runs/pivot/hrf/seed0/continued/pred_fid/pixel_metrics.csv,runs/pivot/hrf/seed0/continued/pred_fid/infer_meta.json
hrf,continued,1,last,30,0.8118823931836417,0.832127673122305,0.8118823931836417,0.832127673122305,49,E:\Programming\research_ws\medical1\exp\runs\pivot\hrf\seed1\continued\last.pt,-0.0012734533407404269,-0.0027204578055917638,0.00035610955697362164,0.012464123083469189,0.010308888624656128,0.014576891262014632,runs/pivot/hrf/seed1/continued/pred/pixel_metrics.csv,runs/pivot/hrf/seed1/continued/pred/infer_meta.json
hrf,continued,1,fid,30,0.8125543677443101,0.8313722132734445,0.8125543677443101,0.8313722132734445,1,E:\Programming\research_ws\medical1\exp\runs\pivot\hrf\seed1\continued\best_fid.pt,-0.0006014787800720918,-0.002259326801833722,0.001295912823378871,0.01170866323460867,0.009487674195618922,0.013829258111440493,runs/pivot/hrf/seed1/continued/pred_fid/pixel_metrics.csv,runs/pivot/hrf/seed1/continued/pred_fid/infer_meta.json
hrf,continued,2,last,30,0.8122752808284546,0.8321080659507326,0.8122752808284546,0.8321080659507326,49,E:\Programming\research_ws\medical1\exp\runs\pivot\hrf\seed2\continued\last.pt,-0.0015702104271083169,-0.0028366852186253537,-0.0002227821762294774,0.00950560808694643,0.007732498666209166,0.011221049537691246,runs/pivot/hrf/seed2/continued/pred/pixel_metrics.csv,runs/pivot/hrf/seed2/continued/pred/infer_meta.json
hrf,continued,2,fid,30,0.8118654541558646,0.827167398820966,0.8118654541558646,0.827167398820966,0,E:\Programming\research_ws\medical1\exp\runs\pivot\hrf\seed2\continued\best_fid.pt,-0.001980037099698177,-0.0033300938077465356,-0.000619234926087686,0.004564940957179938,0.0032825567363121756,0.005869950987323615,runs/pivot/hrf/seed2/continued/pred_fid/pixel_metrics.csv,runs/pivot/hrf/seed2/continued/pred_fid/infer_meta.json
hrf,reliseg,0,last,30,0.8080486868795567,0.8212567507460509,0.8080486868795567,0.8212567507460509,49,E:\Programming\research_ws\medical1\exp\runs\pivot\hrf\seed0\reliseg\last.pt,-0.005893117810308764,-0.00960909145497428,-0.0023181414401638187,-0.0037671118860306235,-0.005324575262673034,-0.0022176034456398673,runs/pivot/hrf/seed0/reliseg/pred/pixel_metrics.csv,runs/pivot/hrf/seed0/reliseg/pred/infer_meta.json
hrf,reliseg,0,fid,30,0.8091045443951913,0.8237824520696014,0.8091045443951913,0.8237824520696014,19,E:\Programming\research_ws\medical1\exp\runs\pivot\hrf\seed0\reliseg\best_fid.pt,-0.004837260294674091,-0.006466646843010346,-0.0032362873979651964,-0.0012414105624800238,-0.0034934832266769896,0.0010159314131784564,runs/pivot/hrf/seed0/reliseg/pred_fid/pixel_metrics.csv,runs/pivot/hrf/seed0/reliseg/pred_fid/infer_meta.json
hrf,reliseg,1,last,30,0.8067166702571982,0.8144662718666892,0.8067166702571982,0.8144662718666892,49,E:\Programming\research_ws\medical1\exp\runs\pivot\hrf\seed1\reliseg\last.pt,-0.006439176267184051,-0.008405710911619124,-0.00453702161349837,-0.005197278172146532,-0.009451019189260047,-0.0010444685623790038,runs/pivot/hrf/seed1/reliseg/pred/pixel_metrics.csv,runs/pivot/hrf/seed1/reliseg/pred/infer_meta.json
hrf,reliseg,1,fid,30,0.8099390114541601,0.8186820947541803,0.8099390114541601,0.8186820947541803,15,E:\Programming\research_ws\medical1\exp\runs\pivot\hrf\seed1\reliseg\best_fid.pt,-0.0032168350702220755,-0.004847770404468413,-0.0014401668111351925,-0.000981455284655249,-0.0058649251079072985,0.004034291052253902,runs/pivot/hrf/seed1/reliseg/pred_fid/pixel_metrics.csv,runs/pivot/hrf/seed1/reliseg/pred_fid/infer_meta.json
hrf,reliseg,2,last,30,0.807789504565297,0.817241709407427,0.807789504565297,0.817241709407427,49,E:\Programming\research_ws\medical1\exp\runs\pivot\hrf\seed2\reliseg\last.pt,-0.00605598669026598,-0.008650179825398651,-0.0036144698449003987,-0.005360748456359029,-0.008632652705371507,-0.002077431071326216,runs/pivot/hrf/seed2/reliseg/pred/pixel_metrics.csv,runs/pivot/hrf/seed2/reliseg/pred/infer_meta.json
hrf,reliseg,2,fid,30,0.8094721971682138,0.8213261359328631,0.8094721971682138,0.8213261359328633,13,E:\Programming\research_ws\medical1\exp\runs\pivot\hrf\seed2\reliseg\best_fid.pt,-0.004373294087349015,-0.006035065885227366,-0.0028225360371031496,-0.001276321930922897,-0.004921582996551071,0.0024438920038650984,runs/pivot/hrf/seed2/reliseg/pred_fid/pixel_metrics.csv,runs/pivot/hrf/seed2/reliseg/pred_fid/infer_meta.json
hrf,reliseg_nocl,0,last,30,0.8079411589116791,0.8067559258585243,0.8079411589116791,0.8067559258585243,49,E:\Programming\research_ws\medical1\exp\runs\pivot\hrf\seed0\reliseg_nocl\last.pt,-0.006000645778186238,-0.00984620520934402,-0.0022099151054914014,-0.018267936773557446,-0.020426640716649933,-0.016243007797042918,runs/pivot/hrf/seed0/reliseg_nocl/pred/pixel_metrics.csv,runs/pivot/hrf/seed0/reliseg_nocl/pred/infer_meta.json
hrf,reliseg_nocl,0,fid,30,0.8077261845992785,0.8045060809695602,0.8077261845992785,0.8045060809695602,1,E:\Programming\research_ws\medical1\exp\runs\pivot\hrf\seed0\reliseg_nocl\best_fid.pt,-0.006215620090587111,-0.00783663412116524,-0.004632553389535869,-0.0205177816625215,-0.02606133841277671,-0.015087648839588052,runs/pivot/hrf/seed0/reliseg_nocl/pred_fid/pixel_metrics.csv,runs/pivot/hrf/seed0/reliseg_nocl/pred_fid/infer_meta.json
hrf,reliseg_nocl,1,last,30,0.8069327000450881,0.8014158592152337,0.8069327000450881,0.8014158592152337,49,E:\Programming\research_ws\medical1\exp\runs\pivot\hrf\seed1\reliseg_nocl\last.pt,-0.00622314647929415,-0.008764140171318862,-0.0037574941941621396,-0.018247690823602093,-0.022899178476973224,-0.013464079145977194,runs/pivot/hrf/seed1/reliseg_nocl/pred/pixel_metrics.csv,runs/pivot/hrf/seed1/reliseg_nocl/pred/infer_meta.json
hrf,reliseg_nocl,1,fid,30,0.8103519457739683,0.8074210107583638,0.8103519457739683,0.8074210107583638,8,E:\Programming\research_ws\medical1\exp\runs\pivot\hrf\seed1\reliseg_nocl\best_fid.pt,-0.002803900750414005,-0.004357112102535128,-0.001341802039818178,-0.01224253928047192,-0.016734617815753194,-0.007931772006512421,runs/pivot/hrf/seed1/reliseg_nocl/pred_fid/pixel_metrics.csv,runs/pivot/hrf/seed1/reliseg_nocl/pred_fid/infer_meta.json
hrf,reliseg_nocl,2,last,30,0.8078369911276507,0.8056922737656883,0.8078369911276507,0.8056922737656883,49,E:\Programming\research_ws\medical1\exp\runs\pivot\hrf\seed2\reliseg_nocl\last.pt,-0.006008500127912105,-0.009507695435048173,-0.00280387882476181,-0.016910184098097903,-0.02063350418838441,-0.013236861225964259,runs/pivot/hrf/seed2/reliseg_nocl/pred/pixel_metrics.csv,runs/pivot/hrf/seed2/reliseg_nocl/pred/infer_meta.json
hrf,reliseg_nocl,2,fid,30,0.8101526369866091,0.8077051274003282,0.8101526369866091,0.8077051274003282,10,E:\Programming\research_ws\medical1\exp\runs\pivot\hrf\seed2\reliseg_nocl\best_fid.pt,-0.003692854268953875,-0.005682741963108982,-0.0018424178163021026,-0.014897330463458128,-0.019307168638798566,-0.010203645992934796,runs/pivot/hrf/seed2/reliseg_nocl/pred_fid/pixel_metrics.csv,runs/pivot/hrf/seed2/reliseg_nocl/pred_fid/infer_meta.json
hrf,cfloss,0,last,30,0.8084840058198404,0.7996341985836466,0.8084840058198404,0.7996341985836466,49,E:\Programming\research_ws\medical1\exp\runs\pivot\hrf\seed0\cfloss\last.pt,-0.005457798870024966,-0.011756475964295311,0.00073992971597762,-0.025389664048434877,-0.0318491004332769,-0.018649073574384663,runs/pivot/hrf/seed0/cfloss/pred/pixel_metrics.csv,runs/pivot/hrf/seed0/cfloss/pred/infer_meta.json
hrf,cfloss,0,fid,30,0.8139418046898652,0.8250238626320816,0.8139418046898652,0.8250238626320816,-1,E:\Programming\research_ws\medical1\exp\runs\pivot\hrf\seed0\cfloss\best_fid.pt,0.0,0.0,0.0,0.0,0.0,0.0,runs/pivot/hrf/seed0/cfloss/pred_fid/pixel_metrics.csv,runs/pivot/hrf/seed0/cfloss/pred_fid/infer_meta.json
hrf,cfloss,1,last,30,0.8060523764719731,0.7965733142460596,0.8060523764719731,0.7965733142460596,49,E:\Programming\research_ws\medical1\exp\runs\pivot\hrf\seed1\cfloss\last.pt,-0.007103470052409004,-0.011929103363476913,-0.002481178134246907,-0.023090235792776158,-0.029857154849769377,-0.016323321617286172,runs/pivot/hrf/seed1/cfloss/pred/pixel_metrics.csv,runs/pivot/hrf/seed1/cfloss/pred/infer_meta.json
hrf,cfloss,1,fid,30,0.8131558465243821,0.8196635500388356,0.8131558465243821,0.8196635500388356,-1,E:\Programming\research_ws\medical1\exp\runs\pivot\hrf\seed1\cfloss\best_fid.pt,0.0,0.0,0.0,0.0,0.0,0.0,runs/pivot/hrf/seed1/cfloss/pred_fid/pixel_metrics.csv,runs/pivot/hrf/seed1/cfloss/pred_fid/infer_meta.json
hrf,cfloss,2,last,30,0.8086110018575927,0.8012310031612739,0.8086110018575927,0.8012310031612739,49,E:\Programming\research_ws\medical1\exp\runs\pivot\hrf\seed2\cfloss\last.pt,-0.005234489397970081,-0.009668925544005473,-0.0009122234956316564,-0.021371454702512314,-0.026935213750701372,-0.01571776394745702,runs/pivot/hrf/seed2/cfloss/pred/pixel_metrics.csv,runs/pivot/hrf/seed2/cfloss/pred/infer_meta.json
hrf,cfloss,2,fid,30,0.8138454912555628,0.8226024578637862,0.8138454912555628,0.8226024578637862,-1,E:\Programming\research_ws\medical1\exp\runs\pivot\hrf\seed2\cfloss\best_fid.pt,0.0,0.0,0.0,0.0,0.0,0.0,runs/pivot/hrf/seed2/cfloss/pred_fid/pixel_metrics.csv,runs/pivot/hrf/seed2/cfloss/pred_fid/infer_meta.json
hrf,abl_no_density,0,last,30,0.8078357392543332,0.8330989818452499,0.8078357392543332,0.8330989818452499,49,E:\Programming\research_ws\medical1\exp\runs\pivot\hrf\seed0\abl_no_density\last.pt,-0.00610606543553233,-0.0077499175113364275,-0.004500243144217165,0.00807511921316829,0.0046342256065730145,0.011200006546512575,runs/pivot/hrf/seed0/abl_no_density/pred/pixel_metrics.csv,runs/pivot/hrf/seed0/abl_no_density/pred/infer_meta.json
hrf,abl_no_density,0,fid,30,0.8090165138377555,0.8323363937007475,0.8090165138377555,0.8323363937007475,26,E:\Programming\research_ws\medical1\exp\runs\pivot\hrf\seed0\abl_no_density\best_fid.pt,-0.004925290852109876,-0.006494067779717499,-0.0033180902447945315,0.007312531068665784,0.004486333008496395,0.009910962133186055,runs/pivot/hrf/seed0/abl_no_density/pred_fid/pixel_metrics.csv,runs/pivot/hrf/seed0/abl_no_density/pred_fid/infer_meta.json
hrf,abl_no_length,0,last,30,0.8134769330519976,0.8266220828338143,0.8134769330519976,0.8266220828338143,49,E:\Programming\research_ws\medical1\exp\runs\pivot\hrf\seed0\abl_no_length\last.pt,-0.00046487163786774756,-0.0044726669260188225,0.003322039268539547,0.0015982202017328251,-0.0005545950072080837,0.0035137923811751357,runs/pivot/hrf/seed0/abl_no_length/pred/pixel_metrics.csv,runs/pivot/hrf/seed0/abl_no_length/pred/infer_meta.json
hrf,abl_no_length,0,fid,30,0.8139418046898652,0.8250238626320816,0.8139418046898652,0.8250238626320816,-1,E:\Programming\research_ws\medical1\exp\runs\pivot\hrf\seed0\abl_no_length\best_fid.pt,0.0,0.0,0.0,0.0,0.0,0.0,runs/pivot/hrf/seed0/abl_no_length/pred_fid/pixel_metrics.csv,runs/pivot/hrf/seed0/abl_no_length/pred_fid/infer_meta.json
hrf,abl_no_fd,0,last,30,0.8080629401872674,0.8207146878613857,0.8080629401872674,0.8207146878613857,49,E:\Programming\research_ws\medical1\exp\runs\pivot\hrf\seed0\abl_no_fd\last.pt,-0.005878864502597747,-0.00975127198564144,-0.002221604842278683,-0.004309174770695986,-0.005774030108020193,-0.002877154741970234,runs/pivot/hrf/seed0/abl_no_fd/pred/pixel_metrics.csv,runs/pivot/hrf/seed0/abl_no_fd/pred/infer_meta.json
hrf,abl_no_fd,0,fid,30,0.8094957211771081,0.8228838885103194,0.8094957211771081,0.8228838885103194,25,E:\Programming\research_ws\medical1\exp\runs\pivot\hrf\seed0\abl_no_fd\best_fid.pt,-0.004446083512757408,-0.007254663220046813,-0.0016389166445474914,-0.002139974121762474,-0.003593770791772108,-0.0007005911229856406,runs/pivot/hrf/seed0/abl_no_fd/pred_fid/pixel_metrics.csv,runs/pivot/hrf/seed0/abl_no_fd/pred_fid/infer_meta.json
hrf,abl_density_only,0,last,30,0.81368089301923,0.8263948492710876,0.81368089301923,0.8263948492710876,49,E:\Programming\research_ws\medical1\exp\runs\pivot\hrf\seed0\abl_density_only\last.pt,-0.0002609116706353813,-0.00401447384331928,0.0032862352002680814,0.0013709866390060035,-0.0013099695130912423,0.0038431437907418295,runs/pivot/hrf/seed0/abl_density_only/pred/pixel_metrics.csv,runs/pivot/hrf/seed0/abl_density_only/pred/infer_meta.json
hrf,abl_density_only,0,fid,30,0.8126444347108162,0.8309064375966492,0.8126444347108162,0.8309064375966492,1,E:\Programming\research_ws\medical1\exp\runs\pivot\hrf\seed0\abl_density_only\best_fid.pt,-0.0012973699790490788,-0.00251719509886093,-8.735371423870718e-06,0.005882574964567514,0.004294818389669713,0.007451336569144829,runs/pivot/hrf/seed0/abl_density_only/pred_fid/pixel_metrics.csv,runs/pivot/hrf/seed0/abl_density_only/pred_fid/infer_meta.json
hrf,abl_length_only,0,last,30,0.8078009256781229,0.8352057760781214,0.8078009256781229,0.8352057760781214,49,E:\Programming\research_ws\medical1\exp\runs\pivot\hrf\seed0\abl_length_only\last.pt,-0.006140879011742598,-0.007929263594084971,-0.00439286665731603,0.010181913446039718,0.006931992760634556,0.013205848491373628,runs/pivot/hrf/seed0/abl_length_only/pred/pixel_metrics.csv,runs/pivot/hrf/seed0/abl_length_only/pred/infer_meta.json
hrf,abl_length_only,0,fid,30,0.8076636487876125,0.8351808919296531,0.8076636487876125,0.8351808919296531,48,E:\Programming\research_ws\medical1\exp\runs\pivot\hrf\seed0\abl_length_only\best_fid.pt,-0.006278155902252795,-0.00807553170038802,-0.004511624170179575,0.010157029297571403,0.006966770606761815,0.0131408479947249,runs/pivot/hrf/seed0/abl_length_only/pred_fid/pixel_metrics.csv,runs/pivot/hrf/seed0/abl_length_only/pred_fid/infer_meta.json
hrf,abl_fd_only,0,last,30,0.8132428169064897,0.8364463804863124,0.8132428169064897,0.8364463804863121,49,E:\Programming\research_ws\medical1\exp\runs\pivot\hrf\seed0\abl_fd_only\last.pt,-0.0006989877833757707,-0.002436841047067762,0.0008857755365278121,0.011422517854230667,0.009708925075270465,0.013033561516097844,runs/pivot/hrf/seed0/abl_fd_only/pred/pixel_metrics.csv,runs/pivot/hrf/seed0/abl_fd_only/pred/infer_meta.json
hrf,abl_fd_only,0,fid,30,0.8138211631363481,0.8326437359259476,0.8138211631363481,0.8326437359259476,0,E:\Programming\research_ws\medical1\exp\runs\pivot\hrf\seed0\abl_fd_only\best_fid.pt,-0.00012064155351716824,-0.0015231901115079032,0.001315946482286222,0.007619873293866097,0.006208876516609213,0.009164190868988745,runs/pivot/hrf/seed0/abl_fd_only/pred_fid/pixel_metrics.csv,runs/pivot/hrf/seed0/abl_fd_only/pred_fid/infer_meta.json
hrf,abl_fixed_ladder,0,last,30,0.8084996717085484,0.822429210874828,0.8084996717085484,0.822429210874828,49,E:\Programming\research_ws\medical1\exp\runs\pivot\hrf\seed0\abl_fixed_ladder\last.pt,-0.005442132981317101,-0.009058320486802777,-0.0019366511700092924,-0.002594651757253678,-0.00400671731407322,-0.0012215153434350704,runs/pivot/hrf/seed0/abl_fixed_ladder/pred/pixel_metrics.csv,runs/pivot/hrf/seed0/abl_fixed_ladder/pred/infer_meta.json
hrf,abl_fixed_ladder,0,fid,30,0.8095103159765892,0.8232422823789876,0.8095103159765892,0.8232422823789876,21,E:\Programming\research_ws\medical1\exp\runs\pivot\hrf\seed0\abl_fixed_ladder\best_fid.pt,-0.004431488713276314,-0.007192387162325914,-0.0017260612297738125,-0.0017815802530941763,-0.003078559695183678,-0.0004536460780314802,runs/pivot/hrf/seed0/abl_fixed_ladder/pred_fid/pixel_metrics.csv,runs/pivot/hrf/seed0/abl_fixed_ladder/pred_fid/infer_meta.json
hrf,abl_cf_on_base,0,last,30,0.8138903154551365,0.8311869720102891,0.8138903154551365,0.8311869720102888,49,E:\Programming\research_ws\medical1\exp\runs\pivot\hrf\seed0\abl_cf_on_base\last.pt,-5.1489234728966754e-05,-0.0027644356473536984,0.0024638458783382807,0.0061631093782073655,0.0038568681299635983,0.008113159713002107,runs/pivot/hrf/seed0/abl_cf_on_base/pred/pixel_metrics.csv,runs/pivot/hrf/seed0/abl_cf_on_base/pred/infer_meta.json
hrf,abl_cf_on_base,0,fid,30,0.8143380109612316,0.8331034482653823,0.8143380109612316,0.8331034482653823,1,E:\Programming\research_ws\medical1\exp\runs\pivot\hrf\seed0\abl_cf_on_base\best_fid.pt,0.00039620627136636907,-0.0002701839790852081,0.0011007098334340152,0.008079585633300563,0.006920827993139371,0.00934739090023497,runs/pivot/hrf/seed0/abl_cf_on_base/pred_fid/pixel_metrics.csv,runs/pivot/hrf/seed0/abl_cf_on_base/pred_fid/infer_meta.json
hrf,abl_cf_matched,0,last,30,0.8138918471647695,0.8256709796753046,0.8138918471647695,0.8256709796753046,49,E:\Programming\research_ws\medical1\exp\runs\pivot\hrf\seed0\abl_cf_matched\last.pt,-4.995752509612631e-05,-0.003467791248204556,0.003125977005542727,0.000647117043222926,-0.002389564910989145,0.0033457759167363327,runs/pivot/hrf/seed0/abl_cf_matched/pred/pixel_metrics.csv,runs/pivot/hrf/seed0/abl_cf_matched/pred/infer_meta.json
hrf,abl_cf_matched,0,fid,30,0.8140501820353022,0.8259698118883009,0.8140501820353022,0.8259698118883009,0,E:\Programming\research_ws\medical1\exp\runs\pivot\hrf\seed0\abl_cf_matched\best_fid.pt,0.0001083773454366647,-0.0014369852787380981,0.0016907015583974094,0.0009459492562192658,-0.0005485325600805834,0.0023923529257300815,runs/pivot/hrf/seed0/abl_cf_matched/pred_fid/pixel_metrics.csv,runs/pivot/hrf/seed0/abl_cf_matched/pred_fid/infer_meta.json
