dataset,target,config,reference,seed,checkpoint,biomarker,pipeline,n,n_boot,d_r,lo,hi,d_bias_sigma,seed_lo,seed_hi,n_seeds,n_seeds_positive,direction_consistent,pred_path,gt_path,sigma_source
fives,chasedb1,cfloss,baseline,"pooled(0,1,2)",last,FD,pvbm,8,2000,0.007045337718398918,-0.01867809209967348,0.06815069504105047,-0.05691689932450298,-0.025370411317489492,0.039461086754287326,3,2,no,"runs/pivot/fives/seed{0,1,2}/cfloss/pred_chasedb1/bio.csv",results/pivot/e2_gt_chasedb1.csv,results/gateA_biomarker_scales_train.csv
fives,chasedb1,continued,baseline,"pooled(0,1,2)",last,FD,pvbm,8,2000,-0.004599876981032369,-0.04401012190889521,0.033315804869925685,-0.019667149867479833,-0.07073618947278515,0.06153643551072041,3,1,no,"runs/pivot/fives/seed{0,1,2}/continued/pred_chasedb1/bio.csv",results/pivot/e2_gt_chasedb1.csv,results/gateA_biomarker_scales_train.csv
fives,chasedb1,reliseg,baseline,"pooled(0,1,2)",last,FD,pvbm,8,2000,-0.0053962821657870625,-0.026480679584673,0.042655154895293944,0.05006465682708592,-0.11437842612146287,0.10358586178988874,3,1,no,"runs/pivot/fives/seed{0,1,2}/reliseg/pred_chasedb1/bio.csv",results/pivot/e2_gt_chasedb1.csv,results/gateA_biomarker_scales_train.csv
fives,chasedb1,reliseg_nocl,baseline,"pooled(0,1,2)",last,FD,pvbm,8,2000,-0.026267749569525673,-0.16415560257064082,-0.0022324716380552304,0.1425735555323318,-0.06286858397985486,0.010333084840803506,3,0,yes,"runs/pivot/fives/seed{0,1,2}/reliseg_nocl/pred_chasedb1/bio.csv",results/pivot/e2_gt_chasedb1.csv,results/gateA_biomarker_scales_train.csv
fives,chasedb1,cfloss,continued,"pooled(0,1,2)",last,FD,pvbm,8,2000,0.011645214699431286,-0.01931249309278063,0.07924121650781348,-0.03724974945702316,-0.0498455070680278,0.07313593646689037,3,1,no,"runs/pivot/fives/seed{0,1,2}/cfloss/pred_chasedb1/bio.csv",results/pivot/e2_gt_chasedb1.csv,results/gateA_biomarker_scales_train.csv
fives,chasedb1,reliseg,continued,"pooled(0,1,2)",last,FD,pvbm,8,2000,-0.000796405184754693,-0.013987146764748491,0.050614530004414515,0.06973180669456576,-0.043661511097695255,0.04206870072818587,3,1,no,"runs/pivot/fives/seed{0,1,2}/reliseg/pred_chasedb1/bio.csv",results/pivot/e2_gt_chasedb1.csv,results/gateA_biomarker_scales_train.csv
fives,chasedb1,reliseg_nocl,continued,"pooled(0,1,2)",last,FD,pvbm,8,2000,-0.021667872588493304,-0.18482832442545946,0.023461544402503868,0.16224070539981164,-0.11536863488802278,0.07203288971103618,3,1,no,"runs/pivot/fives/seed{0,1,2}/reliseg_nocl/pred_chasedb1/bio.csv",results/pivot/e2_gt_chasedb1.csv,results/gateA_biomarker_scales_train.csv
fives,chasedb1,cfloss,baseline,"pooled(0,1,2)",last,FD,skan,8,2000,0.013867262879519707,-0.04366046857495523,0.05738490698359886,0.043753486999050795,0.0052771172706384765,0.022457408488400936,3,3,yes,"runs/pivot/fives/seed{0,1,2}/cfloss/pred_chasedb1/bio.csv",results/pivot/e2_gt_chasedb1.csv,results/gateA_biomarker_scales_train.csv
fives,chasedb1,continued,baseline,"pooled(0,1,2)",last,FD,skan,8,2000,-0.00022449528930978957,-0.049358372288634815,0.026853744172310907,-0.033623799987177995,-0.04784439182602609,0.04739540124740651,3,1,no,"runs/pivot/fives/seed{0,1,2}/continued/pred_chasedb1/bio.csv",results/pivot/e2_gt_chasedb1.csv,results/gateA_biomarker_scales_train.csv
fives,chasedb1,reliseg,baseline,"pooled(0,1,2)",last,FD,skan,8,2000,0.002345110567071281,-0.04107135696426498,0.054186766493959856,0.061548374357665546,-0.03827619187934187,0.04296641301348444,3,2,no,"runs/pivot/fives/seed{0,1,2}/reliseg/pred_chasedb1/bio.csv",results/pivot/e2_gt_chasedb1.csv,results/gateA_biomarker_scales_train.csv
fives,chasedb1,reliseg_nocl,baseline,"pooled(0,1,2)",last,FD,skan,8,2000,-0.01445556440494337,-0.13010657509781828,0.024351962216745664,0.13711451220630513,-0.08280784985238782,0.053896721042501074,3,1,no,"runs/pivot/fives/seed{0,1,2}/reliseg_nocl/pred_chasedb1/bio.csv",results/pivot/e2_gt_chasedb1.csv,results/gateA_biomarker_scales_train.csv
fives,chasedb1,cfloss,continued,"pooled(0,1,2)",last,FD,skan,8,2000,0.014091758168829497,-0.008507685689816476,0.05276257715280808,0.0773772869862288,-0.03564256016203801,0.063826076499697,3,2,no,"runs/pivot/fives/seed{0,1,2}/cfloss/pred_chasedb1/bio.csv",results/pivot/e2_gt_chasedb1.csv,results/gateA_biomarker_scales_train.csv
fives,chasedb1,reliseg,continued,"pooled(0,1,2)",last,FD,skan,8,2000,0.0025696058563810706,-0.02004357372972032,0.061191388981473235,0.09517217434484354,-0.004438017769394878,0.00957722948215702,3,2,no,"runs/pivot/fives/seed{0,1,2}/reliseg/pred_chasedb1/bio.csv",results/pivot/e2_gt_chasedb1.csv,results/gateA_biomarker_scales_train.csv
fives,chasedb1,reliseg_nocl,continued,"pooled(0,1,2)",last,FD,skan,8,2000,-0.01423106911563358,-0.11506699471387904,0.04351004365499608,0.17073831219348312,-0.10590949648472156,0.07744735825345439,3,1,no,"runs/pivot/fives/seed{0,1,2}/reliseg_nocl/pred_chasedb1/bio.csv",results/pivot/e2_gt_chasedb1.csv,results/gateA_biomarker_scales_train.csv
fives,chasedb1,cfloss,baseline,"pooled(0,1,2)",last,tortuosity,pvbm,8,2000,-0.047997845275974234,-0.2951682008388307,0.37207226932862214,0.005197708682367315,-0.7813644829430877,0.6853687923911391,3,2,no,"runs/pivot/fives/seed{0,1,2}/cfloss/pred_chasedb1/bio.csv",results/pivot/e2_gt_chasedb1.csv,results/gateA_biomarker_scales_train.csv
fives,chasedb1,continued,baseline,"pooled(0,1,2)",last,tortuosity,pvbm,8,2000,0.162301295862296,-0.09567999585201692,0.48797498833678976,-0.14359382390181474,-0.03913510079968968,0.3637376925242817,3,3,yes,"runs/pivot/fives/seed{0,1,2}/continued/pred_chasedb1/bio.csv",results/pivot/e2_gt_chasedb1.csv,results/gateA_biomarker_scales_train.csv
fives,chasedb1,reliseg,baseline,"pooled(0,1,2)",last,tortuosity,pvbm,8,2000,0.07245719915106254,-0.22877685236681208,0.4174781018299837,0.14262779445863635,-0.5472423712501986,0.6921567695523236,3,2,no,"runs/pivot/fives/seed{0,1,2}/reliseg/pred_chasedb1/bio.csv",results/pivot/e2_gt_chasedb1.csv,results/gateA_biomarker_scales_train.csv
fives,chasedb1,reliseg_nocl,baseline,"pooled(0,1,2)",last,tortuosity,pvbm,8,2000,-0.06051542399446652,-0.2507379036587617,0.13351404320022195,0.07158343651868936,-0.5466887856734848,0.42565793768455173,3,2,no,"runs/pivot/fives/seed{0,1,2}/reliseg_nocl/pred_chasedb1/bio.csv",results/pivot/e2_gt_chasedb1.csv,results/gateA_biomarker_scales_train.csv
fives,chasedb1,cfloss,continued,"pooled(0,1,2)",last,tortuosity,pvbm,8,2000,-0.2102991411382702,-0.29948931113822547,0.00295779146629427,0.14879153258418207,-0.7825258387232745,0.36192755644673413,3,0,yes,"runs/pivot/fives/seed{0,1,2}/cfloss/pred_chasedb1/bio.csv",results/pivot/e2_gt_chasedb1.csv,results/gateA_biomarker_scales_train.csv
fives,chasedb1,reliseg,continued,"pooled(0,1,2)",last,tortuosity,pvbm,8,2000,-0.08984409671123345,-0.5169170357987899,0.11377608546373293,0.28622161836045107,-0.9108122690253115,0.7311240756028448,3,2,no,"runs/pivot/fives/seed{0,1,2}/reliseg/pred_chasedb1/bio.csv",results/pivot/e2_gt_chasedb1.csv,results/gateA_biomarker_scales_train.csv
fives,chasedb1,reliseg_nocl,continued,"pooled(0,1,2)",last,tortuosity,pvbm,8,2000,-0.22281671985676252,-0.5243316475295536,0.006959944230657844,0.21517726042050409,-0.5740572894382912,0.12842384972476614,3,0,yes,"runs/pivot/fives/seed{0,1,2}/reliseg_nocl/pred_chasedb1/bio.csv",results/pivot/e2_gt_chasedb1.csv,results/gateA_biomarker_scales_train.csv
fives,chasedb1,cfloss,baseline,"pooled(0,1,2)",last,tortuosity,skan,8,2000,0.14970703466223126,-0.19373229699827402,0.4816468354693845,-0.022338778393642695,-0.8631222067962255,1.162536276120688,3,1,no,"runs/pivot/fives/seed{0,1,2}/cfloss/pred_chasedb1/bio.csv",results/pivot/e2_gt_chasedb1.csv,results/gateA_biomarker_scales_train.csv
fives,chasedb1,continued,baseline,"pooled(0,1,2)",last,tortuosity,skan,8,2000,0.025858558624547546,-0.08842812745686451,0.18107122561268257,-0.009614700111732896,-0.2394525248582508,0.2911696421073459,3,1,no,"runs/pivot/fives/seed{0,1,2}/continued/pred_chasedb1/bio.csv",results/pivot/e2_gt_chasedb1.csv,results/gateA_biomarker_scales_train.csv
fives,chasedb1,reliseg,baseline,"pooled(0,1,2)",last,tortuosity,skan,8,2000,-0.006242037329767279,-0.1108600307394869,0.11983187100715378,0.07829939800578349,-0.22846648146020732,0.21598240680067277,3,1,no,"runs/pivot/fives/seed{0,1,2}/reliseg/pred_chasedb1/bio.csv",results/pivot/e2_gt_chasedb1.csv,results/gateA_biomarker_scales_train.csv
fives,chasedb1,reliseg_nocl,baseline,"pooled(0,1,2)",last,tortuosity,skan,8,2000,0.2463407327131929,-0.19139655963543406,0.48991797102619583,-0.16056219374457062,-0.6595387368415309,1.1522202022679167,3,3,yes,"runs/pivot/fives/seed{0,1,2}/reliseg_nocl/pred_chasedb1/bio.csv",results/pivot/e2_gt_chasedb1.csv,results/gateA_biomarker_scales_train.csv
fives,chasedb1,cfloss,continued,"pooled(0,1,2)",last,tortuosity,skan,8,2000,0.12384847603768366,-0.2011366150951734,0.3907668282674644,-0.0127240782819098,-1.0584225846573199,1.3061195367326872,3,1,no,"runs/pivot/fives/seed{0,1,2}/cfloss/pred_chasedb1/bio.csv",results/pivot/e2_gt_chasedb1.csv,results/gateA_biomarker_scales_train.csv
fives,chasedb1,reliseg,continued,"pooled(0,1,2)",last,tortuosity,skan,8,2000,-0.032100595954314824,-0.22854533032148946,0.137260433801745,0.08791409811751638,-0.38006812712797355,0.31586693521934395,3,1,no,"runs/pivot/fives/seed{0,1,2}/reliseg/pred_chasedb1/bio.csv",results/pivot/e2_gt_chasedb1.csv,results/gateA_biomarker_scales_train.csv
fives,chasedb1,reliseg_nocl,continued,"pooled(0,1,2)",last,tortuosity,skan,8,2000,0.22048217408864534,-0.19164927171831356,0.436149444802272,-0.15094749363283774,-0.8516389378380207,1.2926032860153114,3,2,no,"runs/pivot/fives/seed{0,1,2}/reliseg_nocl/pred_chasedb1/bio.csv",results/pivot/e2_gt_chasedb1.csv,results/gateA_biomarker_scales_train.csv
fives,chasedb1,cfloss,baseline,"pooled(0,1,2)",last,density,pvbm,8,2000,0.006595070202459678,-0.014131421050169023,0.03306702365850778,-0.12024595583850761,-0.0008600620694364557,0.014050202474355813,3,3,yes,"runs/pivot/fives/seed{0,1,2}/cfloss/pred_chasedb1/bio.csv",results/pivot/e2_gt_chasedb1.csv,results/gateA_biomarker_scales_train.csv
fives,chasedb1,continued,baseline,"pooled(0,1,2)",last,density,pvbm,8,2000,0.006254471125760793,-0.004879871125276988,0.022650581264302423,0.20007763130724024,-0.006304884373782907,0.01881382662530449,3,3,yes,"runs/pivot/fives/seed{0,1,2}/continued/pred_chasedb1/bio.csv",results/pivot/e2_gt_chasedb1.csv,results/gateA_biomarker_scales_train.csv
fives,chasedb1,reliseg,baseline,"pooled(0,1,2)",last,density,pvbm,8,2000,0.004265327973679327,-0.0020815090931986173,0.010749832708635368,0.2604481690552844,-0.005154914711921599,0.013685570659280253,3,3,yes,"runs/pivot/fives/seed{0,1,2}/reliseg/pred_chasedb1/bio.csv",results/pivot/e2_gt_chasedb1.csv,results/gateA_biomarker_scales_train.csv
fives,chasedb1,reliseg_nocl,baseline,"pooled(0,1,2)",last,density,pvbm,8,2000,-0.0021677685325775706,-0.01824901535871923,0.004071746495051369,0.233432049102424,-0.028109564198577408,0.02377402713342227,3,2,no,"runs/pivot/fives/seed{0,1,2}/reliseg_nocl/pred_chasedb1/bio.csv",results/pivot/e2_gt_chasedb1.csv,results/gateA_biomarker_scales_train.csv
fives,chasedb1,cfloss,continued,"pooled(0,1,2)",last,density,pvbm,8,2000,0.00034059907669888495,-0.011259462639524475,0.010705449029749658,-0.3203235871457479,-0.010608699973936512,0.011289898127334283,3,2,no,"runs/pivot/fives/seed{0,1,2}/cfloss/pred_chasedb1/bio.csv",results/pivot/e2_gt_chasedb1.csv,results/gateA_biomarker_scales_train.csv
fives,chasedb1,reliseg,continued,"pooled(0,1,2)",last,density,pvbm,8,2000,-0.0019891431520814664,-0.01655753669813799,0.004596021301674214,0.06037053774804413,-0.007679925331891499,0.003701639027728566,3,1,no,"runs/pivot/fives/seed{0,1,2}/reliseg/pred_chasedb1/bio.csv",results/pivot/e2_gt_chasedb1.csv,results/gateA_biomarker_scales_train.csv
fives,chasedb1,reliseg_nocl,continued,"pooled(0,1,2)",last,density,pvbm,8,2000,-0.008422239658338363,-0.03969891130922963,0.008047713539924643,0.03335441779518374,-0.023360994727808275,0.006516515411131548,3,0,yes,"runs/pivot/fives/seed{0,1,2}/reliseg_nocl/pred_chasedb1/bio.csv",results/pivot/e2_gt_chasedb1.csv,results/gateA_biomarker_scales_train.csv
fives,chasedb1,cfloss,baseline,"pooled(0,1,2)",last,density,skan,8,2000,0.006595070202459678,-0.014131421050169023,0.03306702365850778,-0.12024595583850761,-0.0008600620694364557,0.014050202474355813,3,3,yes,"runs/pivot/fives/seed{0,1,2}/cfloss/pred_chasedb1/bio.csv",results/pivot/e2_gt_chasedb1.csv,results/gateA_biomarker_scales_train.csv
fives,chasedb1,continued,baseline,"pooled(0,1,2)",last,density,skan,8,2000,0.006254471125760793,-0.004879871125276988,0.022650581264302423,0.20007763130724024,-0.006304884373782907,0.01881382662530449,3,3,yes,"runs/pivot/fives/seed{0,1,2}/continued/pred_chasedb1/bio.csv",results/pivot/e2_gt_chasedb1.csv,results/gateA_biomarker_scales_train.csv
fives,chasedb1,reliseg,baseline,"pooled(0,1,2)",last,density,skan,8,2000,0.004265327973679327,-0.0020815090931986173,0.010749832708635368,0.2604481690552844,-0.005154914711921599,0.013685570659280253,3,3,yes,"runs/pivot/fives/seed{0,1,2}/reliseg/pred_chasedb1/bio.csv",results/pivot/e2_gt_chasedb1.csv,results/gateA_biomarker_scales_train.csv
fives,chasedb1,reliseg_nocl,baseline,"pooled(0,1,2)",last,density,skan,8,2000,-0.0021677685325775706,-0.01824901535871923,0.004071746495051369,0.233432049102424,-0.028109564198577408,0.02377402713342227,3,2,no,"runs/pivot/fives/seed{0,1,2}/reliseg_nocl/pred_chasedb1/bio.csv",results/pivot/e2_gt_chasedb1.csv,results/gateA_biomarker_scales_train.csv
fives,chasedb1,cfloss,continued,"pooled(0,1,2)",last,density,skan,8,2000,0.00034059907669888495,-0.011259462639524475,0.010705449029749658,-0.3203235871457479,-0.010608699973936512,0.011289898127334283,3,2,no,"runs/pivot/fives/seed{0,1,2}/cfloss/pred_chasedb1/bio.csv",results/pivot/e2_gt_chasedb1.csv,results/gateA_biomarker_scales_train.csv
fives,chasedb1,reliseg,continued,"pooled(0,1,2)",last,density,skan,8,2000,-0.0019891431520814664,-0.01655753669813799,0.004596021301674214,0.06037053774804413,-0.007679925331891499,0.003701639027728566,3,1,no,"runs/pivot/fives/seed{0,1,2}/reliseg/pred_chasedb1/bio.csv",results/pivot/e2_gt_chasedb1.csv,results/gateA_biomarker_scales_train.csv
fives,chasedb1,reliseg_nocl,continued,"pooled(0,1,2)",last,density,skan,8,2000,-0.008422239658338363,-0.03969891130922963,0.008047713539924643,0.03335441779518374,-0.023360994727808275,0.006516515411131548,3,0,yes,"runs/pivot/fives/seed{0,1,2}/reliseg_nocl/pred_chasedb1/bio.csv",results/pivot/e2_gt_chasedb1.csv,results/gateA_biomarker_scales_train.csv
fives,chasedb1,cfloss,baseline,"pooled(0,1,2)",last,total_length,pvbm,8,2000,-0.0020052984486673697,-0.022415029547733813,0.013679117075422279,-0.01415405844560332,-0.022734299917798014,0.018723703020463275,3,1,no,"runs/pivot/fives/seed{0,1,2}/cfloss/pred_chasedb1/bio.csv",results/pivot/e2_gt_chasedb1.csv,results/gateA_biomarker_scales_train.csv
fives,chasedb1,continued,baseline,"pooled(0,1,2)",last,total_length,pvbm,8,2000,-0.012101659429526568,-0.04655033930178868,-0.0018496601210357287,-0.009043193779172287,-0.033176211889890145,0.00897289303083701,3,0,yes,"runs/pivot/fives/seed{0,1,2}/continued/pred_chasedb1/bio.csv",results/pivot/e2_gt_chasedb1.csv,results/gateA_biomarker_scales_train.csv
fives,chasedb1,reliseg,baseline,"pooled(0,1,2)",last,total_length,pvbm,8,2000,0.0048442655175903555,-0.007265235545469774,0.021819771841260535,0.0815126136888978,-0.014285417761926753,0.023973948797107465,3,2,no,"runs/pivot/fives/seed{0,1,2}/reliseg/pred_chasedb1/bio.csv",results/pivot/e2_gt_chasedb1.csv,results/gateA_biomarker_scales_train.csv
fives,chasedb1,reliseg_nocl,baseline,"pooled(0,1,2)",last,total_length,pvbm,8,2000,-0.003259016558253521,-0.03320060308203832,0.01692930713343048,0.1276050559105567,-0.01854414208893815,0.012026108972431108,3,1,no,"runs/pivot/fives/seed{0,1,2}/reliseg_nocl/pred_chasedb1/bio.csv",results/pivot/e2_gt_chasedb1.csv,results/gateA_biomarker_scales_train.csv
fives,chasedb1,cfloss,continued,"pooled(0,1,2)",last,total_length,pvbm,8,2000,0.010096360980859198,-0.003828072823906294,0.05102852379860708,-0.0051108646664310324,-0.030237528239587377,0.050430250201305774,3,2,no,"runs/pivot/fives/seed{0,1,2}/cfloss/pred_chasedb1/bio.csv",results/pivot/e2_gt_chasedb1.csv,results/gateA_biomarker_scales_train.csv
fives,chasedb1,reliseg,continued,"pooled(0,1,2)",last,total_length,pvbm,8,2000,0.016945924947116924,0.001559875243378599,0.06750600669376551,0.09055580746807008,-0.01136889027870484,0.045260740172938685,3,3,yes,"runs/pivot/fives/seed{0,1,2}/reliseg/pred_chasedb1/bio.csv",results/pivot/e2_gt_chasedb1.csv,results/gateA_biomarker_scales_train.csv
fives,chasedb1,reliseg_nocl,continued,"pooled(0,1,2)",last,total_length,pvbm,8,2000,0.008842642871273046,-0.00887386534086436,0.056813724800428345,0.136648249689729,-0.006422736839249366,0.02410802258179546,3,3,yes,"runs/pivot/fives/seed{0,1,2}/reliseg_nocl/pred_chasedb1/bio.csv",results/pivot/e2_gt_chasedb1.csv,results/gateA_biomarker_scales_train.csv
fives,chasedb1,cfloss,baseline,"pooled(0,1,2)",last,total_length,skan,8,2000,0.005374180553638326,-0.0027087470397561346,0.049625680695560004,-0.025993832433507006,-0.014759038309376131,0.025507399416652782,3,2,no,"runs/pivot/fives/seed{0,1,2}/cfloss/pred_chasedb1/bio.csv",results/pivot/e2_gt_chasedb1.csv,results/gateA_biomarker_scales_train.csv
fives,chasedb1,continued,baseline,"pooled(0,1,2)",last,total_length,skan,8,2000,-0.005907173108105956,-0.021620511301236274,0.009979663092580507,-0.07514403304986705,-0.029848484926037252,0.01803413870982534,3,1,no,"runs/pivot/fives/seed{0,1,2}/continued/pred_chasedb1/bio.csv",results/pivot/e2_gt_chasedb1.csv,results/gateA_biomarker_scales_train.csv
fives,chasedb1,reliseg,baseline,"pooled(0,1,2)",last,total_length,skan,8,2000,0.007631161519116247,0.0005866554488152274,0.03723074877843986,0.06274639405414241,-0.02066695418678831,0.0359292772250208,3,2,no,"runs/pivot/fives/seed{0,1,2}/reliseg/pred_chasedb1/bio.csv",results/pivot/e2_gt_chasedb1.csv,results/gateA_biomarker_scales_train.csv
fives,chasedb1,reliseg_nocl,baseline,"pooled(0,1,2)",last,total_length,skan,8,2000,-0.006386176630834961,-0.07746040646362118,0.009322133418354049,0.16859097843982482,-0.04015119193081652,0.027378838669146595,3,1,no,"runs/pivot/fives/seed{0,1,2}/reliseg_nocl/pred_chasedb1/bio.csv",results/pivot/e2_gt_chasedb1.csv,results/gateA_biomarker_scales_train.csv
fives,chasedb1,cfloss,continued,"pooled(0,1,2)",last,total_length,skan,8,2000,0.011281353661744284,0.0016696826236940723,0.049800136580241815,0.049150200616360044,-0.022566639719299605,0.045129347042788176,3,3,yes,"runs/pivot/fives/seed{0,1,2}/cfloss/pred_chasedb1/bio.csv",results/pivot/e2_gt_chasedb1.csv,results/gateA_biomarker_scales_train.csv
fives,chasedb1,reliseg,continued,"pooled(0,1,2)",last,total_length,skan,8,2000,0.013538334627222204,-0.00014478199216240532,0.04463894890565158,0.13789042710400948,-0.019713487054757103,0.04679015630920151,3,2,no,"runs/pivot/fives/seed{0,1,2}/reliseg/pred_chasedb1/bio.csv",results/pivot/e2_gt_chasedb1.csv,results/gateA_biomarker_scales_train.csv
fives,chasedb1,reliseg_nocl,continued,"pooled(0,1,2)",last,total_length,skan,8,2000,-0.0004790035227290046,-0.08095278954385847,0.02297529293767376,0.24373501148969187,-0.05559051700550149,0.05463250996004348,3,1,no,"runs/pivot/fives/seed{0,1,2}/reliseg_nocl/pred_chasedb1/bio.csv",results/pivot/e2_gt_chasedb1.csv,results/gateA_biomarker_scales_train.csv
hrf,chasedb1,cfloss,baseline,"pooled(0,1,2)",last,FD,pvbm,8,2000,0.04052271878062299,-0.2425059570145289,0.12430743079644957,-0.4487627887944945,-0.4605577590771873,0.5416031966384333,3,2,no,"runs/pivot/hrf/seed{0,1,2}/cfloss/pred_chasedb1/bio.csv",results/pivot/e2_gt_chasedb1.csv,results/gateA_biomarker_scales_train.csv
hrf,chasedb1,continued,baseline,"pooled(0,1,2)",last,FD,pvbm,8,2000,0.010272320018323492,-0.24280430363555905,0.13978280258857786,0.24791476418612082,-0.5083960361036034,0.5289406761402503,3,2,no,"runs/pivot/hrf/seed{0,1,2}/continued/pred_chasedb1/bio.csv",results/pivot/e2_gt_chasedb1.csv,results/gateA_biomarker_scales_train.csv
hrf,chasedb1,reliseg,baseline,"pooled(0,1,2)",last,FD,pvbm,8,2000,-0.012625063859629535,-0.46148920674018734,0.2711059338094808,2.2310792315444297,-0.580936600185676,0.5556864724664169,3,2,no,"runs/pivot/hrf/seed{0,1,2}/reliseg/pred_chasedb1/bio.csv",results/pivot/e2_gt_chasedb1.csv,results/gateA_biomarker_scales_train.csv
hrf,chasedb1,reliseg_nocl,baseline,"pooled(0,1,2)",last,FD,pvbm,8,2000,0.005962731573983897,-0.22630660373534486,0.16926400688952697,1.9155381177664996,-0.30032063595884173,0.31224609910680956,3,2,no,"runs/pivot/hrf/seed{0,1,2}/reliseg_nocl/pred_chasedb1/bio.csv",results/pivot/e2_gt_chasedb1.csv,results/gateA_biomarker_scales_train.csv
hrf,chasedb1,cfloss,continued,"pooled(0,1,2)",last,FD,pvbm,8,2000,0.030250398762299513,-0.10951171209970413,0.10129371914553718,-0.6966775529806153,0.012484281372031718,0.04801651615256731,3,3,yes,"runs/pivot/hrf/seed{0,1,2}/cfloss/pred_chasedb1/bio.csv",results/pivot/e2_gt_chasedb1.csv,results/gateA_biomarker_scales_train.csv
hrf,chasedb1,reliseg,continued,"pooled(0,1,2)",last,FD,pvbm,8,2000,-0.02289738387795302,-0.3879209925527213,0.24006316901691996,1.983164467358309,-0.9255890353361617,0.8797942675802556,3,1,no,"runs/pivot/hrf/seed{0,1,2}/reliseg/pred_chasedb1/bio.csv",results/pivot/e2_gt_chasedb1.csv,results/gateA_biomarker_scales_train.csv
hrf,chasedb1,reliseg_nocl,continued,"pooled(0,1,2)",last,FD,pvbm,8,2000,-0.004309588444339596,-0.17557189562049302,0.15679739264727827,1.6676233535803788,-0.586902778781082,0.5782836018924028,3,1,no,"runs/pivot/hrf/seed{0,1,2}/reliseg_nocl/pred_chasedb1/bio.csv",results/pivot/e2_gt_chasedb1.csv,results/gateA_biomarker_scales_train.csv
hrf,chasedb1,cfloss,baseline,"pooled(0,1,2)",last,FD,skan,8,2000,0.012206330404282812,-0.09117704652264262,0.12397517793489818,-0.875957828764817,-0.30234978928637896,0.3267624500949446,3,2,no,"runs/pivot/hrf/seed{0,1,2}/cfloss/pred_chasedb1/bio.csv",results/pivot/e2_gt_chasedb1.csv,results/gateA_biomarker_scales_train.csv
hrf,chasedb1,continued,baseline,"pooled(0,1,2)",last,FD,skan,8,2000,0.07670104825999616,0.0057737391076627485,0.16098828319824077,-0.32494667765136565,-0.0668872730380731,0.2202893695580654,3,3,yes,"runs/pivot/hrf/seed{0,1,2}/continued/pred_chasedb1/bio.csv",results/pivot/e2_gt_chasedb1.csv,results/gateA_biomarker_scales_train.csv
hrf,chasedb1,reliseg,baseline,"pooled(0,1,2)",last,FD,skan,8,2000,0.009551482132605376,-0.19320617736810458,0.27924444048198543,2.3427450740149593,-0.41281569177482136,0.4319186560400321,3,2,no,"runs/pivot/hrf/seed{0,1,2}/reliseg/pred_chasedb1/bio.csv",results/pivot/e2_gt_chasedb1.csv,results/gateA_biomarker_scales_train.csv
hrf,chasedb1,reliseg_nocl,baseline,"pooled(0,1,2)",last,FD,skan,8,2000,-0.02726413690153351,-0.17640469640261386,0.15825329656139145,1.9326516414003214,-0.6941141446892163,0.6395858708861493,3,2,no,"runs/pivot/hrf/seed{0,1,2}/reliseg_nocl/pred_chasedb1/bio.csv",results/pivot/e2_gt_chasedb1.csv,results/gateA_biomarker_scales_train.csv
hrf,chasedb1,cfloss,continued,"pooled(0,1,2)",last,FD,skan,8,2000,-0.06449471785571335,-0.1787212420410466,0.01940574463046469,-0.5510111511134513,-0.2429103795579653,0.1139209438465386,3,0,yes,"runs/pivot/hrf/seed{0,1,2}/cfloss/pred_chasedb1/bio.csv",results/pivot/e2_gt_chasedb1.csv,results/gateA_biomarker_scales_train.csv
hrf,chasedb1,reliseg,continued,"pooled(0,1,2)",last,FD,skan,8,2000,-0.06714956612739077,-0.2887284996583535,0.2000220516244191,2.667691751666325,-0.39316620901943045,0.25886707676464893,3,1,no,"runs/pivot/hrf/seed{0,1,2}/reliseg/pred_chasedb1/bio.csv",results/pivot/e2_gt_chasedb1.csv,results/gateA_biomarker_scales_train.csv
hrf,chasedb1,reliseg_nocl,continued,"pooled(0,1,2)",last,FD,skan,8,2000,-0.1039651851615297,-0.29661787029280273,0.08379407519399223,2.257598319051687,-0.670842100947888,0.46291173062482854,3,1,no,"runs/pivot/hrf/seed{0,1,2}/reliseg_nocl/pred_chasedb1/bio.csv",results/pivot/e2_gt_chasedb1.csv,results/gateA_biomarker_scales_train.csv
hrf,chasedb1,cfloss,baseline,"pooled(0,1,2)",last,tortuosity,pvbm,8,2000,-0.5413380821731726,-1.0366932227668162,-0.06757253932923063,-0.1903897768190189,-1.0743497127973658,-0.008326451548979374,3,0,yes,"runs/pivot/hrf/seed{0,1,2}/cfloss/pred_chasedb1/bio.csv",results/pivot/e2_gt_chasedb1.csv,results/gateA_biomarker_scales_train.csv
hrf,chasedb1,continued,baseline,"pooled(0,1,2)",last,tortuosity,pvbm,8,2000,-0.6154624876707744,-1.227822851094138,0.0012278613278977279,-0.07305238298438728,-1.2779298524815923,0.04700487714004353,3,0,yes,"runs/pivot/hrf/seed{0,1,2}/continued/pred_chasedb1/bio.csv",results/pivot/e2_gt_chasedb1.csv,results/gateA_biomarker_scales_train.csv
hrf,chasedb1,reliseg,baseline,"pooled(0,1,2)",last,tortuosity,pvbm,8,2000,-0.097776395903662,-0.45210219031453547,0.37050038783997175,1.228362492497591,-0.27522297012988883,0.07967017832256482,3,0,yes,"runs/pivot/hrf/seed{0,1,2}/reliseg/pred_chasedb1/bio.csv",results/pivot/e2_gt_chasedb1.csv,results/gateA_biomarker_scales_train.csv
hrf,chasedb1,reliseg_nocl,baseline,"pooled(0,1,2)",last,tortuosity,pvbm,8,2000,-0.25667954169778123,-0.7562355785600562,0.3292165586124726,0.5773361805146574,-0.7674934210018933,0.2541343376063309,3,0,yes,"runs/pivot/hrf/seed{0,1,2}/reliseg_nocl/pred_chasedb1/bio.csv",results/pivot/e2_gt_chasedb1.csv,results/gateA_biomarker_scales_train.csv
hrf,chasedb1,cfloss,continued,"pooled(0,1,2)",last,tortuosity,pvbm,8,2000,0.0741244054976018,-0.3343195798024889,0.3725739904782799,-0.1173373938346316,-0.5708623673679686,0.7191111783631722,3,2,no,"runs/pivot/hrf/seed{0,1,2}/cfloss/pred_chasedb1/bio.csv",results/pivot/e2_gt_chasedb1.csv,results/gateA_biomarker_scales_train.csv
hrf,chasedb1,reliseg,continued,"pooled(0,1,2)",last,tortuosity,pvbm,8,2000,0.5176860917671123,0.1519044947582998,0.8917433492274831,1.3014148754819783,-0.1900552971498054,1.2254274806840302,3,3,yes,"runs/pivot/hrf/seed{0,1,2}/reliseg/pred_chasedb1/bio.csv",results/pivot/e2_gt_chasedb1.csv,results/gateA_biomarker_scales_train.csv
hrf,chasedb1,reliseg_nocl,continued,"pooled(0,1,2)",last,tortuosity,pvbm,8,2000,0.35878294597299315,-0.030339234877444,0.8252028880784446,0.6503885634990447,-0.4238950690649497,1.141460961010936,3,3,yes,"runs/pivot/hrf/seed{0,1,2}/reliseg_nocl/pred_chasedb1/bio.csv",results/pivot/e2_gt_chasedb1.csv,results/gateA_biomarker_scales_train.csv
hrf,chasedb1,cfloss,baseline,"pooled(0,1,2)",last,tortuosity,skan,8,2000,-0.05015027658678822,-0.30136834209626173,0.24244166941847603,-0.030248430752275308,-0.8093801172376207,0.7090795640640442,3,2,no,"runs/pivot/hrf/seed{0,1,2}/cfloss/pred_chasedb1/bio.csv",results/pivot/e2_gt_chasedb1.csv,results/gateA_biomarker_scales_train.csv
hrf,chasedb1,continued,baseline,"pooled(0,1,2)",last,tortuosity,skan,8,2000,0.09722265745257636,-0.043038410260011074,0.3777400486758105,0.13881108464914224,-0.48391325304767824,0.678358567952831,3,2,no,"runs/pivot/hrf/seed{0,1,2}/continued/pred_chasedb1/bio.csv",results/pivot/e2_gt_chasedb1.csv,results/gateA_biomarker_scales_train.csv
hrf,chasedb1,reliseg,baseline,"pooled(0,1,2)",last,tortuosity,skan,8,2000,0.007976886982315893,-0.2497805858201966,0.5530690879117546,-0.04988671288085674,-0.3711377859160157,0.38709155988064753,3,1,no,"runs/pivot/hrf/seed{0,1,2}/reliseg/pred_chasedb1/bio.csv",results/pivot/e2_gt_chasedb1.csv,results/gateA_biomarker_scales_train.csv
hrf,chasedb1,reliseg_nocl,baseline,"pooled(0,1,2)",last,tortuosity,skan,8,2000,-0.05304347465754022,-0.3141723613178725,0.4926237083924977,-0.16401107005305912,-0.34888237696742835,0.2427954276523479,3,1,no,"runs/pivot/hrf/seed{0,1,2}/reliseg_nocl/pred_chasedb1/bio.csv",results/pivot/e2_gt_chasedb1.csv,results/gateA_biomarker_scales_train.csv
hrf,chasedb1,cfloss,continued,"pooled(0,1,2)",last,tortuosity,skan,8,2000,-0.14737293403936458,-0.5870861226143262,0.12366773620324574,-0.16905951540141753,-0.4491219748881369,0.15437610680940772,3,0,yes,"runs/pivot/hrf/seed{0,1,2}/cfloss/pred_chasedb1/bio.csv",results/pivot/e2_gt_chasedb1.csv,results/gateA_biomarker_scales_train.csv
hrf,chasedb1,reliseg,continued,"pooled(0,1,2)",last,tortuosity,skan,8,2000,-0.08924577047026046,-0.39652785222346426,0.30534153127835034,-0.18869779752999896,-0.32341410245575897,0.14492256151523802,3,1,no,"runs/pivot/hrf/seed{0,1,2}/reliseg/pred_chasedb1/bio.csv",results/pivot/e2_gt_chasedb1.csv,results/gateA_biomarker_scales_train.csv
hrf,chasedb1,reliseg_nocl,continued,"pooled(0,1,2)",last,tortuosity,skan,8,2000,-0.15026613211011655,-0.5158305439284998,0.2580028028133547,-0.30282215470220136,-0.43851042521296424,0.13797816099273116,3,0,yes,"runs/pivot/hrf/seed{0,1,2}/reliseg_nocl/pred_chasedb1/bio.csv",results/pivot/e2_gt_chasedb1.csv,results/gateA_biomarker_scales_train.csv
hrf,chasedb1,cfloss,baseline,"pooled(0,1,2)",last,density,pvbm,8,2000,-0.03242868266521771,-0.1698950811696512,0.10417197414717107,-0.8592877718972051,-0.319339251461477,0.2544818861310416,3,1,no,"runs/pivot/hrf/seed{0,1,2}/cfloss/pred_chasedb1/bio.csv",results/pivot/e2_gt_chasedb1.csv,results/gateA_biomarker_scales_train.csv
hrf,chasedb1,continued,baseline,"pooled(0,1,2)",last,density,pvbm,8,2000,0.03563717348189966,-0.09104754096457135,0.09352591957761687,0.3459616251838306,-0.11817665051530019,0.1894509974790995,3,2,no,"runs/pivot/hrf/seed{0,1,2}/continued/pred_chasedb1/bio.csv",results/pivot/e2_gt_chasedb1.csv,results/gateA_biomarker_scales_train.csv
hrf,chasedb1,reliseg,baseline,"pooled(0,1,2)",last,density,pvbm,8,2000,0.025337445104021708,-0.15248874736777254,0.20516547398843882,1.0683384837843402,-0.23665907768671363,0.287333967894757,3,1,no,"runs/pivot/hrf/seed{0,1,2}/reliseg/pred_chasedb1/bio.csv",results/pivot/e2_gt_chasedb1.csv,results/gateA_biomarker_scales_train.csv
hrf,chasedb1,reliseg_nocl,baseline,"pooled(0,1,2)",last,density,pvbm,8,2000,-0.01925969632839253,-0.1882457939558862,0.1186847977521801,0.3580120294312275,-0.3780635091554061,0.33954411649862104,3,2,no,"runs/pivot/hrf/seed{0,1,2}/reliseg_nocl/pred_chasedb1/bio.csv",results/pivot/e2_gt_chasedb1.csv,results/gateA_biomarker_scales_train.csv
hrf,chasedb1,cfloss,continued,"pooled(0,1,2)",last,density,pvbm,8,2000,-0.06806585614711737,-0.14240918353138102,0.05672862866642675,-1.2052493970810356,-0.22909285917820343,0.09296114688396868,3,1,no,"runs/pivot/hrf/seed{0,1,2}/cfloss/pred_chasedb1/bio.csv",results/pivot/e2_gt_chasedb1.csv,results/gateA_biomarker_scales_train.csv
hrf,chasedb1,reliseg,continued,"pooled(0,1,2)",last,density,pvbm,8,2000,-0.010299728377877954,-0.11830074426894162,0.1801075585904367,0.7223768586005095,-0.18129998541893327,0.16070052866317736,3,1,no,"runs/pivot/hrf/seed{0,1,2}/reliseg/pred_chasedb1/bio.csv",results/pivot/e2_gt_chasedb1.csv,results/gateA_biomarker_scales_train.csv
hrf,chasedb1,reliseg_nocl,continued,"pooled(0,1,2)",last,density,pvbm,8,2000,-0.0548968698102922,-0.13297208833876664,0.07654311969808048,0.01205040424739697,-0.2602097723530708,0.1504160327324864,3,1,no,"runs/pivot/hrf/seed{0,1,2}/reliseg_nocl/pred_chasedb1/bio.csv",results/pivot/e2_gt_chasedb1.csv,results/gateA_biomarker_scales_train.csv
hrf,chasedb1,cfloss,baseline,"pooled(0,1,2)",last,density,skan,8,2000,-0.03242868266521771,-0.1698950811696512,0.10417197414717107,-0.8592877718972051,-0.319339251461477,0.2544818861310416,3,1,no,"runs/pivot/hrf/seed{0,1,2}/cfloss/pred_chasedb1/bio.csv",results/pivot/e2_gt_chasedb1.csv,results/gateA_biomarker_scales_train.csv
hrf,chasedb1,continued,baseline,"pooled(0,1,2)",last,density,skan,8,2000,0.03563717348189966,-0.09104754096457135,0.09352591957761687,0.3459616251838306,-0.11817665051530019,0.1894509974790995,3,2,no,"runs/pivot/hrf/seed{0,1,2}/continued/pred_chasedb1/bio.csv",results/pivot/e2_gt_chasedb1.csv,results/gateA_biomarker_scales_train.csv
hrf,chasedb1,reliseg,baseline,"pooled(0,1,2)",last,density,skan,8,2000,0.025337445104021708,-0.15248874736777254,0.20516547398843882,1.0683384837843402,-0.23665907768671363,0.287333967894757,3,1,no,"runs/pivot/hrf/seed{0,1,2}/reliseg/pred_chasedb1/bio.csv",results/pivot/e2_gt_chasedb1.csv,results/gateA_biomarker_scales_train.csv
hrf,chasedb1,reliseg_nocl,baseline,"pooled(0,1,2)",last,density,skan,8,2000,-0.01925969632839253,-0.1882457939558862,0.1186847977521801,0.3580120294312275,-0.3780635091554061,0.33954411649862104,3,2,no,"runs/pivot/hrf/seed{0,1,2}/reliseg_nocl/pred_chasedb1/bio.csv",results/pivot/e2_gt_chasedb1.csv,results/gateA_biomarker_scales_train.csv
hrf,chasedb1,cfloss,continued,"pooled(0,1,2)",last,density,skan,8,2000,-0.06806585614711737,-0.14240918353138102,0.05672862866642675,-1.2052493970810356,-0.22909285917820343,0.09296114688396868,3,1,no,"runs/pivot/hrf/seed{0,1,2}/cfloss/pred_chasedb1/bio.csv",results/pivot/e2_gt_chasedb1.csv,results/gateA_biomarker_scales_train.csv
hrf,chasedb1,reliseg,continued,"pooled(0,1,2)",last,density,skan,8,2000,-0.010299728377877954,-0.11830074426894162,0.1801075585904367,0.7223768586005095,-0.18129998541893327,0.16070052866317736,3,1,no,"runs/pivot/hrf/seed{0,1,2}/reliseg/pred_chasedb1/bio.csv",results/pivot/e2_gt_chasedb1.csv,results/gateA_biomarker_scales_train.csv
hrf,chasedb1,reliseg_nocl,continued,"pooled(0,1,2)",last,density,skan,8,2000,-0.0548968698102922,-0.13297208833876664,0.07654311969808048,0.01205040424739697,-0.2602097723530708,0.1504160327324864,3,1,no,"runs/pivot/hrf/seed{0,1,2}/reliseg_nocl/pred_chasedb1/bio.csv",results/pivot/e2_gt_chasedb1.csv,results/gateA_biomarker_scales_train.csv
hrf,chasedb1,cfloss,baseline,"pooled(0,1,2)",last,total_length,pvbm,8,2000,0.1068614043511557,-0.09457085172845517,0.23347143530593936,-0.5491588959906054,-0.2855285054460998,0.49925131414841123,3,2,no,"runs/pivot/hrf/seed{0,1,2}/cfloss/pred_chasedb1/bio.csv",results/pivot/e2_gt_chasedb1.csv,results/gateA_biomarker_scales_train.csv
hrf,chasedb1,continued,baseline,"pooled(0,1,2)",last,total_length,pvbm,8,2000,0.10100653269451317,-0.006133824277710786,0.17415624417505227,0.014993721288026304,-0.07298589745073454,0.2749989628397609,3,3,yes,"runs/pivot/hrf/seed{0,1,2}/continued/pred_chasedb1/bio.csv",results/pivot/e2_gt_chasedb1.csv,results/gateA_biomarker_scales_train.csv
hrf,chasedb1,reliseg,baseline,"pooled(0,1,2)",last,total_length,pvbm,8,2000,0.14818648742636967,-0.10109031017103627,0.43455946283989727,0.9246241056993577,0.048700153171097424,0.2476728216816419,3,3,yes,"runs/pivot/hrf/seed{0,1,2}/reliseg/pred_chasedb1/bio.csv",results/pivot/e2_gt_chasedb1.csv,results/gateA_biomarker_scales_train.csv
hrf,chasedb1,reliseg_nocl,baseline,"pooled(0,1,2)",last,total_length,pvbm,8,2000,0.15530730353342345,-0.01727848764551538,0.34224121667499247,0.28591449139337827,-0.16069582222287496,0.4713104292897219,3,3,yes,"runs/pivot/hrf/seed{0,1,2}/reliseg_nocl/pred_chasedb1/bio.csv",results/pivot/e2_gt_chasedb1.csv,results/gateA_biomarker_scales_train.csv
hrf,chasedb1,cfloss,continued,"pooled(0,1,2)",last,total_length,pvbm,8,2000,0.00585487165664253,-0.15345447900738388,0.13465387063114062,-0.5641526172786316,-0.2561941196212906,0.2679038629345757,3,2,no,"runs/pivot/hrf/seed{0,1,2}/cfloss/pred_chasedb1/bio.csv",results/pivot/e2_gt_chasedb1.csv,results/gateA_biomarker_scales_train.csv
hrf,chasedb1,reliseg,continued,"pooled(0,1,2)",last,total_length,pvbm,8,2000,0.047179954731856516,-0.16218799486503718,0.3014976109414569,0.9096303844113315,-0.11695773066193166,0.2113176401256447,3,2,no,"runs/pivot/hrf/seed{0,1,2}/reliseg/pred_chasedb1/bio.csv",results/pivot/e2_gt_chasedb1.csv,results/gateA_biomarker_scales_train.csv
hrf,chasedb1,reliseg_nocl,continued,"pooled(0,1,2)",last,total_length,pvbm,8,2000,0.054300770838910266,-0.047828996479877095,0.20594593053285687,0.270920770105352,-0.20739765944642646,0.315999201124247,3,2,no,"runs/pivot/hrf/seed{0,1,2}/reliseg_nocl/pred_chasedb1/bio.csv",results/pivot/e2_gt_chasedb1.csv,results/gateA_biomarker_scales_train.csv
hrf,chasedb1,cfloss,baseline,"pooled(0,1,2)",last,total_length,skan,8,2000,0.032616748329432295,-0.1253969494490464,0.09592167451005768,-0.8540851662557488,-0.2888498301357081,0.35408332679457266,3,2,no,"runs/pivot/hrf/seed{0,1,2}/cfloss/pred_chasedb1/bio.csv",results/pivot/e2_gt_chasedb1.csv,results/gateA_biomarker_scales_train.csv
hrf,chasedb1,continued,baseline,"pooled(0,1,2)",last,total_length,skan,8,2000,0.09627581439274531,-0.018747867993009374,0.15253881434104705,-0.2974847472964425,-0.14080940977414186,0.3333610385596325,3,2,no,"runs/pivot/hrf/seed{0,1,2}/continued/pred_chasedb1/bio.csv",results/pivot/e2_gt_chasedb1.csv,results/gateA_biomarker_scales_train.csv
hrf,chasedb1,reliseg,baseline,"pooled(0,1,2)",last,total_length,skan,8,2000,0.001309103238710511,-0.3296249599332214,0.23536095252491968,2.1376081550651587,-0.43132015527372447,0.43393836175114553,3,2,no,"runs/pivot/hrf/seed{0,1,2}/reliseg/pred_chasedb1/bio.csv",results/pivot/e2_gt_chasedb1.csv,results/gateA_biomarker_scales_train.csv
hrf,chasedb1,reliseg_nocl,baseline,"pooled(0,1,2)",last,total_length,skan,8,2000,-0.0021540219553101794,-0.19457896752909684,0.13000948907015497,1.3117785313049484,-0.4882555154538045,0.4839474715431842,3,2,no,"runs/pivot/hrf/seed{0,1,2}/reliseg_nocl/pred_chasedb1/bio.csv",results/pivot/e2_gt_chasedb1.csv,results/gateA_biomarker_scales_train.csv
hrf,chasedb1,cfloss,continued,"pooled(0,1,2)",last,total_length,skan,8,2000,-0.06365906606331302,-0.19417290120761543,0.013824190428674577,-0.5566004189593062,-0.15849828431391294,0.03118015218728691,3,0,yes,"runs/pivot/hrf/seed{0,1,2}/cfloss/pred_chasedb1/bio.csv",results/pivot/e2_gt_chasedb1.csv,results/gateA_biomarker_scales_train.csv
hrf,chasedb1,reliseg,continued,"pooled(0,1,2)",last,total_length,skan,8,2000,-0.09496671115403481,-0.3611137876841941,0.1419964070966604,2.435092902361601,-0.31187158205442833,0.12193815974635873,3,0,yes,"runs/pivot/hrf/seed{0,1,2}/reliseg/pred_chasedb1/bio.csv",results/pivot/e2_gt_chasedb1.csv,results/gateA_biomarker_scales_train.csv
hrf,chasedb1,reliseg_nocl,continued,"pooled(0,1,2)",last,total_length,skan,8,2000,-0.09842983634805551,-0.2545070398053514,0.03227020928491355,1.609263278601391,-0.3590334279763303,0.16217375528021927,3,1,no,"runs/pivot/hrf/seed{0,1,2}/reliseg_nocl/pred_chasedb1/bio.csv",results/pivot/e2_gt_chasedb1.csv,results/gateA_biomarker_scales_train.csv
fives,stare,cfloss,baseline,"pooled(0,1,2)",last,FD,pvbm,10,2000,0.000332734266069612,-0.002063155282542421,0.0031008393089532655,-0.005664837295272562,-0.009720426937964936,0.01038589547010416,3,2,no,"runs/pivot/fives/seed{0,1,2}/cfloss/pred_stare/bio.csv",results/pivot/e2_gt_stare.csv,results/gateA_biomarker_scales_train.csv
fives,stare,continued,baseline,"pooled(0,1,2)",last,FD,pvbm,10,2000,0.003796293481770944,-0.0036280468269721746,0.013045458132801347,0.039893051649764644,-0.006872243148104367,0.014464830111646254,3,2,no,"runs/pivot/fives/seed{0,1,2}/continued/pred_stare/bio.csv",results/pivot/e2_gt_stare.csv,results/gateA_biomarker_scales_train.csv
fives,stare,reliseg,baseline,"pooled(0,1,2)",last,FD,pvbm,10,2000,0.004488361051277701,-0.0061215545221059205,0.017137865199540178,0.08599848409563532,-0.01237796861102538,0.02135469071358078,3,2,no,"runs/pivot/fives/seed{0,1,2}/reliseg/pred_stare/bio.csv",results/pivot/e2_gt_stare.csv,results/gateA_biomarker_scales_train.csv
fives,stare,reliseg_nocl,baseline,"pooled(0,1,2)",last,FD,pvbm,10,2000,-0.003103880889626135,-0.0063708582051630385,0.004343380305364274,0.09021426010683396,-0.020231737351139173,0.014023975571886902,3,2,no,"runs/pivot/fives/seed{0,1,2}/reliseg_nocl/pred_stare/bio.csv",results/pivot/e2_gt_stare.csv,results/gateA_biomarker_scales_train.csv
fives,stare,cfloss,continued,"pooled(0,1,2)",last,FD,pvbm,10,2000,-0.003463559215701332,-0.011055099758039623,0.001990603507429388,-0.045557888945037206,-0.004224762131346041,-0.002702356300056623,3,0,yes,"runs/pivot/fives/seed{0,1,2}/cfloss/pred_stare/bio.csv",results/pivot/e2_gt_stare.csv,results/gateA_biomarker_scales_train.csv
fives,stare,reliseg,continued,"pooled(0,1,2)",last,FD,pvbm,10,2000,0.0006920675695067565,-0.003643622400086389,0.008151285884769929,0.046105432445870675,-0.021466703286307925,0.022850838425321436,3,2,no,"runs/pivot/fives/seed{0,1,2}/reliseg/pred_stare/bio.csv",results/pivot/e2_gt_stare.csv,results/gateA_biomarker_scales_train.csv
fives,stare,reliseg_nocl,continued,"pooled(0,1,2)",last,FD,pvbm,10,2000,-0.006900174371397079,-0.01555824958777275,0.0005890030338040817,0.05032120845706931,-0.03323284009290377,0.019432491350109608,3,1,no,"runs/pivot/fives/seed{0,1,2}/reliseg_nocl/pred_stare/bio.csv",results/pivot/e2_gt_stare.csv,results/gateA_biomarker_scales_train.csv
fives,stare,cfloss,baseline,"pooled(0,1,2)",last,FD,skan,10,2000,0.0017191603316681903,-0.0014268069983046,0.005191495004346415,0.01454101786805125,-0.003742587452296423,0.007180908115632803,3,2,no,"runs/pivot/fives/seed{0,1,2}/cfloss/pred_stare/bio.csv",results/pivot/e2_gt_stare.csv,results/gateA_biomarker_scales_train.csv
fives,stare,continued,baseline,"pooled(0,1,2)",last,FD,skan,10,2000,0.003959878197994112,0.00034215314392759363,0.009412535616523079,0.014400078213487858,-0.009998089641006676,0.0179178460369949,3,2,no,"runs/pivot/fives/seed{0,1,2}/continued/pred_stare/bio.csv",results/pivot/e2_gt_stare.csv,results/gateA_biomarker_scales_train.csv
fives,stare,reliseg,baseline,"pooled(0,1,2)",last,FD,skan,10,2000,0.005398595636437224,-0.0024396779890997334,0.012859374157055112,0.08108924881541905,-0.013642575757200012,0.02443976703007446,3,2,no,"runs/pivot/fives/seed{0,1,2}/reliseg/pred_stare/bio.csv",results/pivot/e2_gt_stare.csv,results/gateA_biomarker_scales_train.csv
fives,stare,reliseg_nocl,baseline,"pooled(0,1,2)",last,FD,skan,10,2000,-0.0019098731868918046,-0.014130565443406335,0.00942099218118377,0.08826168581591481,-0.01804909451900228,0.014229348145218671,3,1,no,"runs/pivot/fives/seed{0,1,2}/reliseg_nocl/pred_stare/bio.csv",results/pivot/e2_gt_stare.csv,results/gateA_biomarker_scales_train.csv
fives,stare,cfloss,continued,"pooled(0,1,2)",last,FD,skan,10,2000,-0.0022407178663259217,-0.008311285137635654,0.002477885088024757,0.00014093965456339155,-0.011101331432181229,0.006619895699529385,3,1,no,"runs/pivot/fives/seed{0,1,2}/cfloss/pred_stare/bio.csv",results/pivot/e2_gt_stare.csv,results/gateA_biomarker_scales_train.csv
fives,stare,reliseg,continued,"pooled(0,1,2)",last,FD,skan,10,2000,0.0014387174384431118,-0.0039868988421371526,0.004659789781898247,0.0666891706019312,-0.026670931881724744,0.029548366758610965,3,1,no,"runs/pivot/fives/seed{0,1,2}/reliseg/pred_stare/bio.csv",results/pivot/e2_gt_stare.csv,results/gateA_biomarker_scales_train.csv
fives,stare,reliseg_nocl,continued,"pooled(0,1,2)",last,FD,skan,10,2000,-0.005869751384885917,-0.016775658586486508,0.004464338468889244,0.07386160760242695,-0.01952449552912313,0.0077849927593512955,3,0,yes,"runs/pivot/fives/seed{0,1,2}/reliseg_nocl/pred_stare/bio.csv",results/pivot/e2_gt_stare.csv,results/gateA_biomarker_scales_train.csv
fives,stare,cfloss,baseline,"pooled(0,1,2)",last,tortuosity,pvbm,10,2000,0.07690017731754413,-0.08641583880326492,0.4071478930970218,-0.0484216272746083,-0.37905747515692995,0.5328578297920182,3,2,no,"runs/pivot/fives/seed{0,1,2}/cfloss/pred_stare/bio.csv",results/pivot/e2_gt_stare.csv,results/gateA_biomarker_scales_train.csv
fives,stare,continued,baseline,"pooled(0,1,2)",last,tortuosity,pvbm,10,2000,0.09630733660329878,-0.045181897952916744,0.4380928555043121,-0.14356473855633145,-0.4867785024424908,0.6793931756490884,3,2,no,"runs/pivot/fives/seed{0,1,2}/continued/pred_stare/bio.csv",results/pivot/e2_gt_stare.csv,results/gateA_biomarker_scales_train.csv
fives,stare,reliseg,baseline,"pooled(0,1,2)",last,tortuosity,pvbm,10,2000,-0.015452884800080632,-0.10502832693547819,0.15390257893784642,0.1994999109359812,-0.5689092250665557,0.5380034554663944,3,1,no,"runs/pivot/fives/seed{0,1,2}/reliseg/pred_stare/bio.csv",results/pivot/e2_gt_stare.csv,results/gateA_biomarker_scales_train.csv
fives,stare,reliseg_nocl,baseline,"pooled(0,1,2)",last,tortuosity,pvbm,10,2000,-0.052705126352957765,-0.19365833467025426,0.06307417676375772,0.08524324225272654,-0.3443547174544475,0.23894446474853198,3,1,no,"runs/pivot/fives/seed{0,1,2}/reliseg_nocl/pred_stare/bio.csv",results/pivot/e2_gt_stare.csv,results/gateA_biomarker_scales_train.csv
fives,stare,cfloss,continued,"pooled(0,1,2)",last,tortuosity,pvbm,10,2000,-0.01940715928575465,-0.0662994797020415,0.04061467398385419,0.09514311128172315,-0.1473064267645056,0.10849210819299629,3,1,no,"runs/pivot/fives/seed{0,1,2}/cfloss/pred_stare/bio.csv",results/pivot/e2_gt_stare.csv,results/gateA_biomarker_scales_train.csv
fives,stare,reliseg,continued,"pooled(0,1,2)",last,tortuosity,pvbm,10,2000,-0.11176022140337942,-0.35725674973204136,0.022161811775096733,0.3430646494923127,-0.400116698637355,0.17659625583059613,3,1,no,"runs/pivot/fives/seed{0,1,2}/reliseg/pred_stare/bio.csv",results/pivot/e2_gt_stare.csv,results/gateA_biomarker_scales_train.csv
fives,stare,reliseg_nocl,continued,"pooled(0,1,2)",last,tortuosity,pvbm,10,2000,-0.14901246295625656,-0.5698117675454277,0.06407207685530601,0.22880798080905798,-0.562380921336474,0.2643559954239608,3,1,no,"runs/pivot/fives/seed{0,1,2}/reliseg_nocl/pred_stare/bio.csv",results/pivot/e2_gt_stare.csv,results/gateA_biomarker_scales_train.csv
fives,stare,cfloss,baseline,"pooled(0,1,2)",last,tortuosity,skan,10,2000,-0.09444492016368196,-0.28705099561152153,0.014314314826893125,0.07233207259778204,-0.44277358272702455,0.25388374239966066,3,0,yes,"runs/pivot/fives/seed{0,1,2}/cfloss/pred_stare/bio.csv",results/pivot/e2_gt_stare.csv,results/gateA_biomarker_scales_train.csv
fives,stare,continued,baseline,"pooled(0,1,2)",last,tortuosity,skan,10,2000,-0.02964381509474841,-0.15022032128169277,0.020825637855237077,0.02242645130712342,-0.2153048419529603,0.15601721176346345,3,1,no,"runs/pivot/fives/seed{0,1,2}/continued/pred_stare/bio.csv",results/pivot/e2_gt_stare.csv,results/gateA_biomarker_scales_train.csv
fives,stare,reliseg,baseline,"pooled(0,1,2)",last,tortuosity,skan,10,2000,-0.01315878923473838,-0.09715149478178366,0.015093381282706427,-0.00044934120905877617,-0.06836578884157529,0.042048210372098535,3,1,no,"runs/pivot/fives/seed{0,1,2}/reliseg/pred_stare/bio.csv",results/pivot/e2_gt_stare.csv,results/gateA_biomarker_scales_train.csv
fives,stare,reliseg_nocl,baseline,"pooled(0,1,2)",last,tortuosity,skan,10,2000,-0.008471129615942319,-0.024551479334867937,0.005834673668506737,-0.018928463163448664,-0.03874277505354106,0.021800515821656423,3,1,no,"runs/pivot/fives/seed{0,1,2}/reliseg_nocl/pred_stare/bio.csv",results/pivot/e2_gt_stare.csv,results/gateA_biomarker_scales_train.csv
fives,stare,cfloss,continued,"pooled(0,1,2)",last,tortuosity,skan,10,2000,-0.06480110506893355,-0.280322776169446,0.15606674615276805,0.04990562129065862,-0.5538428735103776,0.42424066337251054,3,1,no,"runs/pivot/fives/seed{0,1,2}/cfloss/pred_stare/bio.csv",results/pivot/e2_gt_stare.csv,results/gateA_biomarker_scales_train.csv
fives,stare,reliseg,continued,"pooled(0,1,2)",last,tortuosity,skan,10,2000,0.016485025860010032,-0.05219804654914812,0.09069015241026195,-0.0228757925161822,-0.20053401242669944,0.23350406414671948,3,2,no,"runs/pivot/fives/seed{0,1,2}/reliseg/pred_stare/bio.csv",results/pivot/e2_gt_stare.csv,results/gateA_biomarker_scales_train.csv
fives,stare,reliseg_nocl,continued,"pooled(0,1,2)",last,tortuosity,skan,10,2000,0.021172685478806092,-0.034019543418964376,0.14880387013967725,-0.04135491447057208,-0.13483673024939,0.1771821012070022,3,1,no,"runs/pivot/fives/seed{0,1,2}/reliseg_nocl/pred_stare/bio.csv",results/pivot/e2_gt_stare.csv,results/gateA_biomarker_scales_train.csv
fives,stare,cfloss,baseline,"pooled(0,1,2)",last,density,pvbm,10,2000,-0.004041174469188169,-0.03676093216741275,0.0006803397586846806,-0.025105164972606397,-0.024089331469411827,0.01600698253103549,3,1,no,"runs/pivot/fives/seed{0,1,2}/cfloss/pred_stare/bio.csv",results/pivot/e2_gt_stare.csv,results/gateA_biomarker_scales_train.csv
fives,stare,continued,baseline,"pooled(0,1,2)",last,density,pvbm,10,2000,0.0009808212618572047,-0.0016966338773382829,0.012071959062808309,0.1431488881930164,-0.004825856298619503,0.006787498822333913,3,2,no,"runs/pivot/fives/seed{0,1,2}/continued/pred_stare/bio.csv",results/pivot/e2_gt_stare.csv,results/gateA_biomarker_scales_train.csv
fives,stare,reliseg,baseline,"pooled(0,1,2)",last,density,pvbm,10,2000,0.003461586484669358,-0.0004743867867515849,0.03094069168284053,0.1614999970451179,-0.01086887640417071,0.017792049373509426,3,2,no,"runs/pivot/fives/seed{0,1,2}/reliseg/pred_stare/bio.csv",results/pivot/e2_gt_stare.csv,results/gateA_biomarker_scales_train.csv
fives,stare,reliseg_nocl,baseline,"pooled(0,1,2)",last,density,pvbm,10,2000,0.004103602487716462,-0.0020801469360316968,0.03530399005387099,0.0768923359073389,-0.010088243201282097,0.018295448176715023,3,2,no,"runs/pivot/fives/seed{0,1,2}/reliseg_nocl/pred_stare/bio.csv",results/pivot/e2_gt_stare.csv,results/gateA_biomarker_scales_train.csv
fives,stare,cfloss,continued,"pooled(0,1,2)",last,density,pvbm,10,2000,-0.005021995731045374,-0.047898708075505184,0.0014154614500771622,-0.1682540531656228,-0.028594212684572653,0.018550221222481903,3,1,no,"runs/pivot/fives/seed{0,1,2}/cfloss/pred_stare/bio.csv",results/pivot/e2_gt_stare.csv,results/gateA_biomarker_scales_train.csv
fives,stare,reliseg,continued,"pooled(0,1,2)",last,density,pvbm,10,2000,0.0024807652228121535,-0.0008702463516377722,0.02229411694300954,0.018351108852101488,-0.01162003371532281,0.016581564160947117,3,2,no,"runs/pivot/fives/seed{0,1,2}/reliseg/pred_stare/bio.csv",results/pivot/e2_gt_stare.csv,results/gateA_biomarker_scales_train.csv
fives,stare,reliseg_nocl,continued,"pooled(0,1,2)",last,density,pvbm,10,2000,0.0031227812258592578,-0.004126124395980528,0.028521815147261795,-0.0662565522856775,-0.009824432770708285,0.0160699952224268,3,2,no,"runs/pivot/fives/seed{0,1,2}/reliseg_nocl/pred_stare/bio.csv",results/pivot/e2_gt_stare.csv,results/gateA_biomarker_scales_train.csv
fives,stare,cfloss,baseline,"pooled(0,1,2)",last,density,skan,10,2000,-0.004041174469188169,-0.03676093216741275,0.0006803397586846806,-0.025105164972606397,-0.024089331469411827,0.01600698253103549,3,1,no,"runs/pivot/fives/seed{0,1,2}/cfloss/pred_stare/bio.csv",results/pivot/e2_gt_stare.csv,results/gateA_biomarker_scales_train.csv
fives,stare,continued,baseline,"pooled(0,1,2)",last,density,skan,10,2000,0.0009808212618572047,-0.0016966338773382829,0.012071959062808309,0.1431488881930164,-0.004825856298619503,0.006787498822333913,3,2,no,"runs/pivot/fives/seed{0,1,2}/continued/pred_stare/bio.csv",results/pivot/e2_gt_stare.csv,results/gateA_biomarker_scales_train.csv
fives,stare,reliseg,baseline,"pooled(0,1,2)",last,density,skan,10,2000,0.003461586484669358,-0.0004743867867515849,0.03094069168284053,0.1614999970451179,-0.01086887640417071,0.017792049373509426,3,2,no,"runs/pivot/fives/seed{0,1,2}/reliseg/pred_stare/bio.csv",results/pivot/e2_gt_stare.csv,results/gateA_biomarker_scales_train.csv
fives,stare,reliseg_nocl,baseline,"pooled(0,1,2)",last,density,skan,10,2000,0.004103602487716462,-0.0020801469360316968,0.03530399005387099,0.0768923359073389,-0.010088243201282097,0.018295448176715023,3,2,no,"runs/pivot/fives/seed{0,1,2}/reliseg_nocl/pred_stare/bio.csv",results/pivot/e2_gt_stare.csv,results/gateA_biomarker_scales_train.csv
fives,stare,cfloss,continued,"pooled(0,1,2)",last,density,skan,10,2000,-0.005021995731045374,-0.047898708075505184,0.0014154614500771622,-0.1682540531656228,-0.028594212684572653,0.018550221222481903,3,1,no,"runs/pivot/fives/seed{0,1,2}/cfloss/pred_stare/bio.csv",results/pivot/e2_gt_stare.csv,results/gateA_biomarker_scales_train.csv
fives,stare,reliseg,continued,"pooled(0,1,2)",last,density,skan,10,2000,0.0024807652228121535,-0.0008702463516377722,0.02229411694300954,0.018351108852101488,-0.01162003371532281,0.016581564160947117,3,2,no,"runs/pivot/fives/seed{0,1,2}/reliseg/pred_stare/bio.csv",results/pivot/e2_gt_stare.csv,results/gateA_biomarker_scales_train.csv
fives,stare,reliseg_nocl,continued,"pooled(0,1,2)",last,density,skan,10,2000,0.0031227812258592578,-0.004126124395980528,0.028521815147261795,-0.0662565522856775,-0.009824432770708285,0.0160699952224268,3,2,no,"runs/pivot/fives/seed{0,1,2}/reliseg_nocl/pred_stare/bio.csv",results/pivot/e2_gt_stare.csv,results/gateA_biomarker_scales_train.csv
fives,stare,cfloss,baseline,"pooled(0,1,2)",last,total_length,pvbm,10,2000,-0.0018495273449590603,-0.005394144698976238,0.0017379055481657212,0.015818350486689604,-0.004129390306319813,0.00043033561640169293,3,0,yes,"runs/pivot/fives/seed{0,1,2}/cfloss/pred_stare/bio.csv",results/pivot/e2_gt_stare.csv,results/gateA_biomarker_scales_train.csv
fives,stare,continued,baseline,"pooled(0,1,2)",last,total_length,pvbm,10,2000,-0.003656163074642634,-0.011308370022669701,0.0017087760122019018,0.0515488662817715,-0.011209301036592989,0.003896974887307721,3,0,yes,"runs/pivot/fives/seed{0,1,2}/continued/pred_stare/bio.csv",results/pivot/e2_gt_stare.csv,results/gateA_biomarker_scales_train.csv
fives,stare,reliseg,baseline,"pooled(0,1,2)",last,total_length,pvbm,10,2000,-0.0026309520003884312,-0.011942767586429757,0.006497338582968073,0.09599022946679359,-0.018531959920878745,0.013270055920101883,3,1,no,"runs/pivot/fives/seed{0,1,2}/reliseg/pred_stare/bio.csv",results/pivot/e2_gt_stare.csv,results/gateA_biomarker_scales_train.csv
fives,stare,reliseg_nocl,baseline,"pooled(0,1,2)",last,total_length,pvbm,10,2000,-0.002415688944199227,-0.008205548370405526,0.0033961257413930353,0.08600122690360879,-0.016153125625004233,0.011321747736605778,3,1,no,"runs/pivot/fives/seed{0,1,2}/reliseg_nocl/pred_stare/bio.csv",results/pivot/e2_gt_stare.csv,results/gateA_biomarker_scales_train.csv
fives,stare,cfloss,continued,"pooled(0,1,2)",last,total_length,pvbm,10,2000,0.0018066357296835738,-0.002465967734117292,0.006668011150083653,-0.035730515795081894,-0.007996133766585343,0.011609405225952489,3,1,no,"runs/pivot/fives/seed{0,1,2}/cfloss/pred_stare/bio.csv",results/pivot/e2_gt_stare.csv,results/gateA_biomarker_scales_train.csv
fives,stare,reliseg,continued,"pooled(0,1,2)",last,total_length,pvbm,10,2000,0.0010252110742542027,-0.0022497511206768612,0.0056016393747004385,0.04444136318502209,-0.02093776078156264,0.022988182930071044,3,2,no,"runs/pivot/fives/seed{0,1,2}/reliseg/pred_stare/bio.csv",results/pivot/e2_gt_stare.csv,results/gateA_biomarker_scales_train.csv
fives,stare,reliseg_nocl,continued,"pooled(0,1,2)",last,total_length,pvbm,10,2000,0.0012404741304434068,-0.0007506125972096526,0.004210630040541617,0.03445236062183729,-0.016857128829970293,0.01933807709085711,3,2,no,"runs/pivot/fives/seed{0,1,2}/reliseg_nocl/pred_stare/bio.csv",results/pivot/e2_gt_stare.csv,results/gateA_biomarker_scales_train.csv
fives,stare,cfloss,baseline,"pooled(0,1,2)",last,total_length,skan,10,2000,0.0006607261478929575,-0.0019210746928506662,0.003287324754047058,0.006077673109865051,-0.0045682001369970445,0.00588965243278296,3,1,no,"runs/pivot/fives/seed{0,1,2}/cfloss/pred_stare/bio.csv",results/pivot/e2_gt_stare.csv,results/gateA_biomarker_scales_train.csv
fives,stare,continued,baseline,"pooled(0,1,2)",last,total_length,skan,10,2000,0.0031604465293877393,-0.00019359976819255387,0.00932125035816967,0.028340782370742456,-0.0017625365128395324,0.008083429571615012,3,3,yes,"runs/pivot/fives/seed{0,1,2}/continued/pred_stare/bio.csv",results/pivot/e2_gt_stare.csv,results/gateA_biomarker_scales_train.csv
fives,stare,reliseg,baseline,"pooled(0,1,2)",last,total_length,skan,10,2000,0.005081146617112009,0.00041033660846311797,0.014443577181507659,0.09272541958561571,-0.0046248642047624616,0.01478715743898648,3,3,yes,"runs/pivot/fives/seed{0,1,2}/reliseg/pred_stare/bio.csv",results/pivot/e2_gt_stare.csv,results/gateA_biomarker_scales_train.csv
fives,stare,reliseg_nocl,baseline,"pooled(0,1,2)",last,total_length,skan,10,2000,0.00035116796962275654,-0.0033132430369165232,0.005181018785488626,0.09529722116263444,-0.004495802106994827,0.00519813804624034,3,2,no,"runs/pivot/fives/seed{0,1,2}/reliseg_nocl/pred_stare/bio.csv",results/pivot/e2_gt_stare.csv,results/gateA_biomarker_scales_train.csv
fives,stare,cfloss,continued,"pooled(0,1,2)",last,total_length,skan,10,2000,-0.002499720381494782,-0.009052035326990622,0.0011259423686520089,-0.022263109260877406,-0.004346003635665771,-0.0006534371273237928,3,0,yes,"runs/pivot/fives/seed{0,1,2}/cfloss/pred_stare/bio.csv",results/pivot/e2_gt_stare.csv,results/gateA_biomarker_scales_train.csv
fives,stare,reliseg,continued,"pooled(0,1,2)",last,total_length,skan,10,2000,0.0019207000877242697,-0.0002390237439612373,0.005568151185579056,0.06438463721487327,-0.012708245369466513,0.016549645544915052,3,2,no,"runs/pivot/fives/seed{0,1,2}/reliseg/pred_stare/bio.csv",results/pivot/e2_gt_stare.csv,results/gateA_biomarker_scales_train.csv
fives,stare,reliseg_nocl,continued,"pooled(0,1,2)",last,total_length,skan,10,2000,-0.0028092785597649828,-0.007710060211791673,0.0012961099485096124,0.06695643879189199,-0.012465183171417473,0.006846626051887508,3,1,no,"runs/pivot/fives/seed{0,1,2}/reliseg_nocl/pred_stare/bio.csv",results/pivot/e2_gt_stare.csv,results/gateA_biomarker_scales_train.csv
hrf,stare,cfloss,baseline,"pooled(0,1,2)",last,FD,pvbm,10,2000,-0.006641154200161907,-0.07195444694065585,0.026649818480264945,-0.2690745167138651,-0.08955380896220377,0.07627150056187995,3,1,no,"runs/pivot/hrf/seed{0,1,2}/cfloss/pred_stare/bio.csv",results/pivot/e2_gt_stare.csv,results/gateA_biomarker_scales_train.csv
hrf,stare,continued,baseline,"pooled(0,1,2)",last,FD,pvbm,10,2000,-0.0026699952247961622,-0.03056431935965769,0.03195433781021623,0.17295749448400577,-0.05336361590552073,0.048023625455928406,3,1,no,"runs/pivot/hrf/seed{0,1,2}/continued/pred_stare/bio.csv",results/pivot/e2_gt_stare.csv,results/gateA_biomarker_scales_train.csv
hrf,stare,reliseg,baseline,"pooled(0,1,2)",last,FD,pvbm,10,2000,-0.014417961599218562,-0.047361006952430715,0.03407162333629996,0.7856749578837664,-0.05490901281775038,0.026073089619313254,3,1,no,"runs/pivot/hrf/seed{0,1,2}/reliseg/pred_stare/bio.csv",results/pivot/e2_gt_stare.csv,results/gateA_biomarker_scales_train.csv
hrf,stare,reliseg_nocl,baseline,"pooled(0,1,2)",last,FD,pvbm,10,2000,0.009081134869573404,-0.02463735050996262,0.055491675942349446,0.6759613195827416,-0.10336509080359085,0.12152736054273766,3,2,no,"runs/pivot/hrf/seed{0,1,2}/reliseg_nocl/pred_stare/bio.csv",results/pivot/e2_gt_stare.csv,results/gateA_biomarker_scales_train.csv
hrf,stare,cfloss,continued,"pooled(0,1,2)",last,FD,pvbm,10,2000,-0.003971158975365745,-0.07083111524254684,0.02637790110968333,-0.442032011197871,-0.08951503974290674,0.08157272179217524,3,1,no,"runs/pivot/hrf/seed{0,1,2}/cfloss/pred_stare/bio.csv",results/pivot/e2_gt_stare.csv,results/gateA_biomarker_scales_train.csv
hrf,stare,reliseg,continued,"pooled(0,1,2)",last,FD,pvbm,10,2000,-0.0117479663744224,-0.031033535216843787,0.020391089523887886,0.6127174633997606,-0.09710216761309386,0.07360623486424907,3,1,no,"runs/pivot/hrf/seed{0,1,2}/reliseg/pred_stare/bio.csv",results/pivot/e2_gt_stare.csv,results/gateA_biomarker_scales_train.csv
hrf,stare,reliseg_nocl,continued,"pooled(0,1,2)",last,FD,pvbm,10,2000,0.011751130094369566,-0.004988268815372357,0.03568148694354693,0.5030038250987359,-0.14916570788038389,0.17266796806912302,3,2,no,"runs/pivot/hrf/seed{0,1,2}/reliseg_nocl/pred_stare/bio.csv",results/pivot/e2_gt_stare.csv,results/gateA_biomarker_scales_train.csv
hrf,stare,cfloss,baseline,"pooled(0,1,2)",last,FD,skan,10,2000,-0.0030780427241318873,-0.05383985305228217,0.022662248318366277,-0.24872993846878513,-0.023750155856675066,0.017594070408411294,3,1,no,"runs/pivot/hrf/seed{0,1,2}/cfloss/pred_stare/bio.csv",results/pivot/e2_gt_stare.csv,results/gateA_biomarker_scales_train.csv
hrf,stare,continued,baseline,"pooled(0,1,2)",last,FD,skan,10,2000,-0.003017694358164865,-0.030774145737914742,0.0396576501525047,0.1906879661719829,-0.053492718419063924,0.04745732970273419,3,1,no,"runs/pivot/hrf/seed{0,1,2}/continued/pred_stare/bio.csv",results/pivot/e2_gt_stare.csv,results/gateA_biomarker_scales_train.csv
hrf,stare,reliseg,baseline,"pooled(0,1,2)",last,FD,skan,10,2000,-0.05025985385549492,-0.13812324425835687,0.04334525411858703,0.991463536064292,-0.11465795667352587,0.01413824896253603,3,0,yes,"runs/pivot/hrf/seed{0,1,2}/reliseg/pred_stare/bio.csv",results/pivot/e2_gt_stare.csv,results/gateA_biomarker_scales_train.csv
hrf,stare,reliseg_nocl,baseline,"pooled(0,1,2)",last,FD,skan,10,2000,-0.01398777349439928,-0.06276796462299884,0.0441769875688898,0.7860960035804571,-0.0298055412786287,0.0018299942898301405,3,0,yes,"runs/pivot/hrf/seed{0,1,2}/reliseg_nocl/pred_stare/bio.csv",results/pivot/e2_gt_stare.csv,results/gateA_biomarker_scales_train.csv
hrf,stare,cfloss,continued,"pooled(0,1,2)",last,FD,skan,10,2000,-6.034836596702231e-05,-0.07951414914310212,0.04102427588133911,-0.439417904640768,-0.03194509019263474,0.03182439346070069,3,1,no,"runs/pivot/hrf/seed{0,1,2}/cfloss/pred_stare/bio.csv",results/pivot/e2_gt_stare.csv,results/gateA_biomarker_scales_train.csv
hrf,stare,reliseg,continued,"pooled(0,1,2)",last,FD,skan,10,2000,-0.04724215949733005,-0.10924678179979623,0.0036286023410763047,0.8007755698923091,-0.07510278108502604,-0.01938153790963407,3,0,yes,"runs/pivot/hrf/seed{0,1,2}/reliseg/pred_stare/bio.csv",results/pivot/e2_gt_stare.csv,results/gateA_biomarker_scales_train.csv
hrf,stare,reliseg_nocl,continued,"pooled(0,1,2)",last,FD,skan,10,2000,-0.010970079136234415,-0.033220051382041246,0.007461726194847156,0.5954080374084741,-0.07690146150785071,0.05496130323538188,3,1,no,"runs/pivot/hrf/seed{0,1,2}/reliseg_nocl/pred_stare/bio.csv",results/pivot/e2_gt_stare.csv,results/gateA_biomarker_scales_train.csv
hrf,stare,cfloss,baseline,"pooled(0,1,2)",last,tortuosity,pvbm,10,2000,-0.11136477327005861,-0.27227840578553786,0.21089205856240148,-0.1639981945770632,-0.9630697934677166,0.7403402469275993,3,1,no,"runs/pivot/hrf/seed{0,1,2}/cfloss/pred_stare/bio.csv",results/pivot/e2_gt_stare.csv,results/gateA_biomarker_scales_train.csv
hrf,stare,continued,baseline,"pooled(0,1,2)",last,tortuosity,pvbm,10,2000,-0.08837994404901045,-0.38919554936723233,0.3003304314728949,0.08117095737865627,-0.729281576324535,0.5525216882265143,3,1,no,"runs/pivot/hrf/seed{0,1,2}/continued/pred_stare/bio.csv",results/pivot/e2_gt_stare.csv,results/gateA_biomarker_scales_train.csv
hrf,stare,reliseg,baseline,"pooled(0,1,2)",last,tortuosity,pvbm,10,2000,-0.12244276634837738,-0.37712224874543915,0.15540277485753284,0.5233257005689717,-0.722778026771447,0.47789249407469225,3,1,no,"runs/pivot/hrf/seed{0,1,2}/reliseg/pred_stare/bio.csv",results/pivot/e2_gt_stare.csv,results/gateA_biomarker_scales_train.csv
hrf,stare,reliseg_nocl,baseline,"pooled(0,1,2)",last,tortuosity,pvbm,10,2000,-0.518748852565886,-0.7045891460547861,0.08268690478950716,0.4159867552078149,-1.0749265973099846,0.03742889217821255,3,0,yes,"runs/pivot/hrf/seed{0,1,2}/reliseg_nocl/pred_stare/bio.csv",results/pivot/e2_gt_stare.csv,results/gateA_biomarker_scales_train.csv
hrf,stare,cfloss,continued,"pooled(0,1,2)",last,tortuosity,pvbm,10,2000,-0.022984829221048164,-0.2087643507723719,0.24814323141426645,-0.2451691519557195,-0.6464821293749768,0.6005124709328805,3,1,no,"runs/pivot/hrf/seed{0,1,2}/cfloss/pred_stare/bio.csv",results/pivot/e2_gt_stare.csv,results/gateA_biomarker_scales_train.csv
hrf,stare,reliseg,continued,"pooled(0,1,2)",last,tortuosity,pvbm,10,2000,-0.03406282229936692,-0.18219617665051907,0.09581704847634376,0.4421547431903153,-0.7299370127365052,0.6618113681377713,3,1,no,"runs/pivot/hrf/seed{0,1,2}/reliseg/pred_stare/bio.csv",results/pivot/e2_gt_stare.csv,results/gateA_biomarker_scales_train.csv
hrf,stare,reliseg_nocl,continued,"pooled(0,1,2)",last,tortuosity,pvbm,10,2000,-0.43036890851687554,-0.5558019255455688,-0.11006171757482193,0.3348157978291586,-0.6709328451975725,-0.18980497183617856,3,0,yes,"runs/pivot/hrf/seed{0,1,2}/reliseg_nocl/pred_stare/bio.csv",results/pivot/e2_gt_stare.csv,results/gateA_biomarker_scales_train.csv
hrf,stare,cfloss,baseline,"pooled(0,1,2)",last,tortuosity,skan,10,2000,-0.06890740739774033,-0.1622113252043712,0.17158096284423585,-0.014181510503404863,-0.37342784716084537,0.23561303236536474,3,1,no,"runs/pivot/hrf/seed{0,1,2}/cfloss/pred_stare/bio.csv",results/pivot/e2_gt_stare.csv,results/gateA_biomarker_scales_train.csv
hrf,stare,continued,baseline,"pooled(0,1,2)",last,tortuosity,skan,10,2000,-0.0607695288060649,-0.250641682372542,0.17402693662160182,0.04782325354768443,-0.37863565563619594,0.25709659802406615,3,1,no,"runs/pivot/hrf/seed{0,1,2}/continued/pred_stare/bio.csv",results/pivot/e2_gt_stare.csv,results/gateA_biomarker_scales_train.csv
hrf,stare,reliseg,baseline,"pooled(0,1,2)",last,tortuosity,skan,10,2000,-0.0902934247136961,-0.2168435925101185,0.11877700094971498,-0.05945522311115301,-0.38523577763360456,0.20464892820621233,3,1,no,"runs/pivot/hrf/seed{0,1,2}/reliseg/pred_stare/bio.csv",results/pivot/e2_gt_stare.csv,results/gateA_biomarker_scales_train.csv
hrf,stare,reliseg_nocl,baseline,"pooled(0,1,2)",last,tortuosity,skan,10,2000,-0.06763430594698987,-0.15459205072421495,0.08170394162053196,-0.09249143775086066,-0.21557052384792474,0.080301911953945,3,0,yes,"runs/pivot/hrf/seed{0,1,2}/reliseg_nocl/pred_stare/bio.csv",results/pivot/e2_gt_stare.csv,results/gateA_biomarker_scales_train.csv
hrf,stare,cfloss,continued,"pooled(0,1,2)",last,tortuosity,skan,10,2000,-0.008137878591675437,-0.1527447923932347,0.17782115435857307,-0.06200476405108929,-0.13541699738414395,0.11914124020079307,3,1,no,"runs/pivot/hrf/seed{0,1,2}/cfloss/pred_stare/bio.csv",results/pivot/e2_gt_stare.csv,results/gateA_biomarker_scales_train.csv
hrf,stare,reliseg,continued,"pooled(0,1,2)",last,tortuosity,skan,10,2000,-0.029523895907631197,-0.15369435561401393,0.05137282966369591,-0.10727847665883744,-0.3194345785243111,0.2603867867090487,3,1,no,"runs/pivot/hrf/seed{0,1,2}/reliseg/pred_stare/bio.csv",results/pivot/e2_gt_stare.csv,results/gateA_biomarker_scales_train.csv
hrf,stare,reliseg_nocl,continued,"pooled(0,1,2)",last,tortuosity,skan,10,2000,-0.006864777140924964,-0.14681858312056184,0.12974239339284974,-0.1403146912985451,-0.2420251292651431,0.2282955749832932,3,2,no,"runs/pivot/hrf/seed{0,1,2}/reliseg_nocl/pred_stare/bio.csv",results/pivot/e2_gt_stare.csv,results/gateA_biomarker_scales_train.csv
hrf,stare,cfloss,baseline,"pooled(0,1,2)",last,density,pvbm,10,2000,-0.004676506659278619,-0.048575533235779934,0.05059786704729833,-0.7010090806983914,-0.10222313501720029,0.09287012169864306,3,1,no,"runs/pivot/hrf/seed{0,1,2}/cfloss/pred_stare/bio.csv",results/pivot/e2_gt_stare.csv,results/gateA_biomarker_scales_train.csv
hrf,stare,continued,baseline,"pooled(0,1,2)",last,density,pvbm,10,2000,0.014040132095354152,-0.029828193879040336,0.05060114538256343,0.22852774581505844,-0.13280692696499755,0.16088719115570585,3,2,no,"runs/pivot/hrf/seed{0,1,2}/continued/pred_stare/bio.csv",results/pivot/e2_gt_stare.csv,results/gateA_biomarker_scales_train.csv
hrf,stare,reliseg,baseline,"pooled(0,1,2)",last,density,pvbm,10,2000,-0.0122348244331838,-0.08894541355200623,0.051197507289235465,0.23067401331950813,-0.13338063581148457,0.10891098694511696,3,1,no,"runs/pivot/hrf/seed{0,1,2}/reliseg/pred_stare/bio.csv",results/pivot/e2_gt_stare.csv,results/gateA_biomarker_scales_train.csv
hrf,stare,reliseg_nocl,baseline,"pooled(0,1,2)",last,density,pvbm,10,2000,-0.011182794964736767,-0.08773960274094297,0.05773083020469854,0.036428907078917584,-0.1247983863969589,0.10243279646748535,3,1,no,"runs/pivot/hrf/seed{0,1,2}/reliseg_nocl/pred_stare/bio.csv",results/pivot/e2_gt_stare.csv,results/gateA_biomarker_scales_train.csv
hrf,stare,cfloss,continued,"pooled(0,1,2)",last,density,pvbm,10,2000,-0.01871663875463277,-0.04422433531332338,0.03680170927988479,-0.9295368265134497,-0.07248774398606464,0.03505446647679909,3,1,no,"runs/pivot/hrf/seed{0,1,2}/cfloss/pred_stare/bio.csv",results/pivot/e2_gt_stare.csv,results/gateA_biomarker_scales_train.csv
hrf,stare,reliseg,continued,"pooled(0,1,2)",last,density,pvbm,10,2000,-0.02627495652853795,-0.07016952101620086,0.014108724514671768,0.0021462675044496837,-0.07863185112601932,0.02608193806894342,3,0,yes,"runs/pivot/hrf/seed{0,1,2}/reliseg/pred_stare/bio.csv",results/pivot/e2_gt_stare.csv,results/gateA_biomarker_scales_train.csv
hrf,stare,reliseg_nocl,continued,"pooled(0,1,2)",last,density,pvbm,10,2000,-0.02522292706009092,-0.06745103724092558,0.0160337319164802,-0.19209883873614086,-0.11692366474788524,0.06647781062770339,3,1,no,"runs/pivot/hrf/seed{0,1,2}/reliseg_nocl/pred_stare/bio.csv",results/pivot/e2_gt_stare.csv,results/gateA_biomarker_scales_train.csv
hrf,stare,cfloss,baseline,"pooled(0,1,2)",last,density,skan,10,2000,-0.004676506659278619,-0.048575533235779934,0.05059786704729833,-0.7010090806983914,-0.10222313501720029,0.09287012169864306,3,1,no,"runs/pivot/hrf/seed{0,1,2}/cfloss/pred_stare/bio.csv",results/pivot/e2_gt_stare.csv,results/gateA_biomarker_scales_train.csv
hrf,stare,continued,baseline,"pooled(0,1,2)",last,density,skan,10,2000,0.014040132095354152,-0.029828193879040336,0.05060114538256343,0.22852774581505844,-0.13280692696499755,0.16088719115570585,3,2,no,"runs/pivot/hrf/seed{0,1,2}/continued/pred_stare/bio.csv",results/pivot/e2_gt_stare.csv,results/gateA_biomarker_scales_train.csv
hrf,stare,reliseg,baseline,"pooled(0,1,2)",last,density,skan,10,2000,-0.0122348244331838,-0.08894541355200623,0.051197507289235465,0.23067401331950813,-0.13338063581148457,0.10891098694511696,3,1,no,"runs/pivot/hrf/seed{0,1,2}/reliseg/pred_stare/bio.csv",results/pivot/e2_gt_stare.csv,results/gateA_biomarker_scales_train.csv
hrf,stare,reliseg_nocl,baseline,"pooled(0,1,2)",last,density,skan,10,2000,-0.011182794964736767,-0.08773960274094297,0.05773083020469854,0.036428907078917584,-0.1247983863969589,0.10243279646748535,3,1,no,"runs/pivot/hrf/seed{0,1,2}/reliseg_nocl/pred_stare/bio.csv",results/pivot/e2_gt_stare.csv,results/gateA_biomarker_scales_train.csv
hrf,stare,cfloss,continued,"pooled(0,1,2)",last,density,skan,10,2000,-0.01871663875463277,-0.04422433531332338,0.03680170927988479,-0.9295368265134497,-0.07248774398606464,0.03505446647679909,3,1,no,"runs/pivot/hrf/seed{0,1,2}/cfloss/pred_stare/bio.csv",results/pivot/e2_gt_stare.csv,results/gateA_biomarker_scales_train.csv
hrf,stare,reliseg,continued,"pooled(0,1,2)",last,density,skan,10,2000,-0.02627495652853795,-0.07016952101620086,0.014108724514671768,0.0021462675044496837,-0.07863185112601932,0.02608193806894342,3,0,yes,"runs/pivot/hrf/seed{0,1,2}/reliseg/pred_stare/bio.csv",results/pivot/e2_gt_stare.csv,results/gateA_biomarker_scales_train.csv
hrf,stare,reliseg_nocl,continued,"pooled(0,1,2)",last,density,skan,10,2000,-0.02522292706009092,-0.06745103724092558,0.0160337319164802,-0.19209883873614086,-0.11692366474788524,0.06647781062770339,3,1,no,"runs/pivot/hrf/seed{0,1,2}/reliseg_nocl/pred_stare/bio.csv",results/pivot/e2_gt_stare.csv,results/gateA_biomarker_scales_train.csv
hrf,stare,cfloss,baseline,"pooled(0,1,2)",last,total_length,pvbm,10,2000,-0.002178429008547441,-0.0557185957807943,0.027018057765885183,-0.34844757731368303,-0.021272383821605553,0.016915525804510674,3,2,no,"runs/pivot/hrf/seed{0,1,2}/cfloss/pred_stare/bio.csv",results/pivot/e2_gt_stare.csv,results/gateA_biomarker_scales_train.csv
hrf,stare,continued,baseline,"pooled(0,1,2)",last,total_length,pvbm,10,2000,0.0750879276642971,0.005045682455199899,0.19889224183716714,0.3031825983478155,0.06596073976019608,0.08421511556839813,3,3,yes,"runs/pivot/hrf/seed{0,1,2}/continued/pred_stare/bio.csv",results/pivot/e2_gt_stare.csv,results/gateA_biomarker_scales_train.csv
hrf,stare,reliseg,baseline,"pooled(0,1,2)",last,total_length,pvbm,10,2000,0.028279780232447965,-0.024023088418309517,0.1033335565253865,0.3613297778601159,-0.05585428636143806,0.112413846826334,3,2,no,"runs/pivot/hrf/seed{0,1,2}/reliseg/pred_stare/bio.csv",results/pivot/e2_gt_stare.csv,results/gateA_biomarker_scales_train.csv
hrf,stare,reliseg_nocl,baseline,"pooled(0,1,2)",last,total_length,pvbm,10,2000,-0.009959406648005506,-0.08363746462446472,0.01907376559882739,-0.04393339212549768,-0.052554404092743444,0.03263559079673243,3,1,no,"runs/pivot/hrf/seed{0,1,2}/reliseg_nocl/pred_stare/bio.csv",results/pivot/e2_gt_stare.csv,results/gateA_biomarker_scales_train.csv
hrf,stare,cfloss,continued,"pooled(0,1,2)",last,total_length,pvbm,10,2000,-0.07726635667284454,-0.19696557332662123,-0.007633095909279654,-0.6516301756614985,-0.08747361635920034,-0.06705909698648874,3,0,yes,"runs/pivot/hrf/seed{0,1,2}/cfloss/pred_stare/bio.csv",results/pivot/e2_gt_stare.csv,results/gateA_biomarker_scales_train.csv
hrf,stare,reliseg,continued,"pooled(0,1,2)",last,total_length,pvbm,10,2000,-0.046808147431849134,-0.11757642362721417,-0.01015413740121001,0.05814717951230033,-0.1220750032019989,0.028458708338300637,3,0,yes,"runs/pivot/hrf/seed{0,1,2}/reliseg/pred_stare/bio.csv",results/pivot/e2_gt_stare.csv,results/gateA_biomarker_scales_train.csv
hrf,stare,reliseg_nocl,continued,"pooled(0,1,2)",last,total_length,pvbm,10,2000,-0.0850473343123026,-0.21000761921148392,-0.010674448627972457,-0.3471159904733132,-0.11851837990365914,-0.051576288720946065,3,0,yes,"runs/pivot/hrf/seed{0,1,2}/reliseg_nocl/pred_stare/bio.csv",results/pivot/e2_gt_stare.csv,results/gateA_biomarker_scales_train.csv
hrf,stare,cfloss,baseline,"pooled(0,1,2)",last,total_length,skan,10,2000,-0.022337181186451265,-0.09199900719842742,0.007534196356377444,-0.34100066330588974,-0.03381693740265395,-0.01085742497024858,3,0,yes,"runs/pivot/hrf/seed{0,1,2}/cfloss/pred_stare/bio.csv",results/pivot/e2_gt_stare.csv,results/gateA_biomarker_scales_train.csv
hrf,stare,continued,baseline,"pooled(0,1,2)",last,total_length,skan,10,2000,0.011655573408702677,-0.01275452912075505,0.05863172365876377,0.18537713070514972,-0.01880022099174416,0.042111367809149515,3,2,no,"runs/pivot/hrf/seed{0,1,2}/continued/pred_stare/bio.csv",results/pivot/e2_gt_stare.csv,results/gateA_biomarker_scales_train.csv
hrf,stare,reliseg,baseline,"pooled(0,1,2)",last,total_length,skan,10,2000,-0.022434107191240393,-0.0708664567076767,0.03277831233383113,0.7507544635210852,-0.04365244620900953,-0.0012157681734712537,3,0,yes,"runs/pivot/hrf/seed{0,1,2}/reliseg/pred_stare/bio.csv",results/pivot/e2_gt_stare.csv,results/gateA_biomarker_scales_train.csv
hrf,stare,reliseg_nocl,baseline,"pooled(0,1,2)",last,total_length,skan,10,2000,-0.007588692470847258,-0.036113710604257714,0.028874281358607985,0.4239033933818261,-0.03542772421863721,0.020250339276942694,3,0,yes,"runs/pivot/hrf/seed{0,1,2}/reliseg_nocl/pred_stare/bio.csv",results/pivot/e2_gt_stare.csv,results/gateA_biomarker_scales_train.csv
hrf,stare,cfloss,continued,"pooled(0,1,2)",last,total_length,skan,10,2000,-0.03399275459515394,-0.13389832571099264,0.010160139138314886,-0.5263777940110393,-0.05592489997940189,-0.012060609210905987,3,0,yes,"runs/pivot/hrf/seed{0,1,2}/cfloss/pred_stare/bio.csv",results/pivot/e2_gt_stare.csv,results/gateA_biomarker_scales_train.csv
hrf,stare,reliseg,continued,"pooled(0,1,2)",last,total_length,skan,10,2000,-0.03408968059994307,-0.07552579221795312,-0.0037386362185729775,0.5653773328159355,-0.0551469225749587,-0.013032438624927443,3,0,yes,"runs/pivot/hrf/seed{0,1,2}/reliseg/pred_stare/bio.csv",results/pivot/e2_gt_stare.csv,results/gateA_biomarker_scales_train.csv
hrf,stare,reliseg_nocl,continued,"pooled(0,1,2)",last,total_length,skan,10,2000,-0.019244265879549933,-0.07348965124912805,0.004167867088489347,0.23852626267667631,-0.07371681656077222,0.035228284801672366,3,1,no,"runs/pivot/hrf/seed{0,1,2}/reliseg_nocl/pred_stare/bio.csv",results/pivot/e2_gt_stare.csv,results/gateA_biomarker_scales_train.csv
