scope,fold,n,sigma,r_pearson,r_spearman,bias_const_sigma,resid_sd_sigma,mae_sigma,dataset,config,checkpoint,biomarker,pipeline,pred_path,gt_path,sigma_source
oof_pooled,all,100,per-fold,0.9296811640911118,0.9279055742783265,-0.09291234286119168,0.4131438989287022,0.30553224752938757,fundusavseg,baseline,base_best,FD,pvbm,runs/pivot/e4/fold0/base/pred/bio.csv;runs/pivot/e4/fold1/base/pred/bio.csv;runs/pivot/e4/fold2/base/pred/bio.csv;runs/pivot/e4/fold3/base/pred/bio.csv;runs/pivot/e4/fold4/base/pred/bio.csv,results/pivot/e4_gt_fundusavseg.csv,"per outer fold: 1.4826*MAD of the reference-mask biomarkers of that fold's 80 TRAINING images, applied to its 20 held-out images (results/pivot/e4_gt_fundusavseg.csv); no Gate A train scale exists for Fundus-AVSeg (DECISIONS 2026-09-17 13:30 (4))"
class_adjusted,all,100,per-fold,0.9327883145870501,0.9316739624223224,,,,fundusavseg,baseline,base_best,FD,pvbm,runs/pivot/e4/fold0/base/pred/bio.csv;runs/pivot/e4/fold1/base/pred/bio.csv;runs/pivot/e4/fold2/base/pred/bio.csv;runs/pivot/e4/fold3/base/pred/bio.csv;runs/pivot/e4/fold4/base/pred/bio.csv,results/pivot/e4_gt_fundusavseg.csv,"per outer fold: 1.4826*MAD of the reference-mask biomarkers of that fold's 80 TRAINING images, applied to its 20 held-out images (results/pivot/e4_gt_fundusavseg.csv); no Gate A train scale exists for Fundus-AVSeg (DECISIONS 2026-09-17 13:30 (4))"
per_fold,0,20,0.018406727292425294,0.9506480200098634,0.9639097744360902,-0.028650083326518645,0.2943595090597554,0.2183510859622116,fundusavseg,baseline,base_best,FD,pvbm,runs/pivot/e4/fold0/base/pred/bio.csv,results/pivot/e4_gt_fundusavseg.csv,"per outer fold: 1.4826*MAD of the reference-mask biomarkers of that fold's 80 TRAINING images, applied to its 20 held-out images (results/pivot/e4_gt_fundusavseg.csv); no Gate A train scale exists for Fundus-AVSeg (DECISIONS 2026-09-17 13:30 (4))"
per_fold,1,20,0.01851585408172609,0.9295791607869524,0.8706766917293233,-0.24643018972076297,0.46777021771805644,0.35850313612653373,fundusavseg,baseline,base_best,FD,pvbm,runs/pivot/e4/fold1/base/pred/bio.csv,results/pivot/e4_gt_fundusavseg.csv,"per outer fold: 1.4826*MAD of the reference-mask biomarkers of that fold's 80 TRAINING images, applied to its 20 held-out images (results/pivot/e4_gt_fundusavseg.csv); no Gate A train scale exists for Fundus-AVSeg (DECISIONS 2026-09-17 13:30 (4))"
per_fold,2,20,0.017454772036716294,0.9574290257213303,0.9593984962406013,-0.13703304512508993,0.41987396079465783,0.31982855896685647,fundusavseg,baseline,base_best,FD,pvbm,runs/pivot/e4/fold2/base/pred/bio.csv,results/pivot/e4_gt_fundusavseg.csv,"per outer fold: 1.4826*MAD of the reference-mask biomarkers of that fold's 80 TRAINING images, applied to its 20 held-out images (results/pivot/e4_gt_fundusavseg.csv); no Gate A train scale exists for Fundus-AVSeg (DECISIONS 2026-09-17 13:30 (4))"
per_fold,3,20,0.01875471044140082,0.9103520562600579,0.8526315789473683,-0.04313376514526056,0.4667688261515547,0.34832311218008694,fundusavseg,baseline,base_best,FD,pvbm,runs/pivot/e4/fold3/base/pred/bio.csv,results/pivot/e4_gt_fundusavseg.csv,"per outer fold: 1.4826*MAD of the reference-mask biomarkers of that fold's 80 TRAINING images, applied to its 20 held-out images (results/pivot/e4_gt_fundusavseg.csv); no Gate A train scale exists for Fundus-AVSeg (DECISIONS 2026-09-17 13:30 (4))"
per_fold,4,20,0.01669015295104639,0.9375294962790383,0.8902255639097743,-0.009314630988326245,0.3854620410374316,0.28265534441124895,fundusavseg,baseline,base_best,FD,pvbm,runs/pivot/e4/fold4/base/pred/bio.csv,results/pivot/e4_gt_fundusavseg.csv,"per outer fold: 1.4826*MAD of the reference-mask biomarkers of that fold's 80 TRAINING images, applied to its 20 held-out images (results/pivot/e4_gt_fundusavseg.csv); no Gate A train scale exists for Fundus-AVSeg (DECISIONS 2026-09-17 13:30 (4))"
oof_pooled,all,100,per-fold,0.9305392082962735,0.9298017695864519,-0.04274090184685722,0.41075040299783677,0.30098551647702854,fundusavseg,continued,last,FD,pvbm,runs/pivot/e4/fold0/continued_s1/pred/bio.csv;runs/pivot/e4/fold1/continued_s1/pred/bio.csv;runs/pivot/e4/fold2/continued_s1/pred/bio.csv;runs/pivot/e4/fold3/continued_s1/pred/bio.csv;runs/pivot/e4/fold4/continued_s1/pred/bio.csv,results/pivot/e4_gt_fundusavseg.csv,"per outer fold: 1.4826*MAD of the reference-mask biomarkers of that fold's 80 TRAINING images, applied to its 20 held-out images (results/pivot/e4_gt_fundusavseg.csv); no Gate A train scale exists for Fundus-AVSeg (DECISIONS 2026-09-17 13:30 (4))"
class_adjusted,all,100,per-fold,0.9335281728439353,0.9335881595846387,,,,fundusavseg,continued,last,FD,pvbm,runs/pivot/e4/fold0/continued_s1/pred/bio.csv;runs/pivot/e4/fold1/continued_s1/pred/bio.csv;runs/pivot/e4/fold2/continued_s1/pred/bio.csv;runs/pivot/e4/fold3/continued_s1/pred/bio.csv;runs/pivot/e4/fold4/continued_s1/pred/bio.csv,results/pivot/e4_gt_fundusavseg.csv,"per outer fold: 1.4826*MAD of the reference-mask biomarkers of that fold's 80 TRAINING images, applied to its 20 held-out images (results/pivot/e4_gt_fundusavseg.csv); no Gate A train scale exists for Fundus-AVSeg (DECISIONS 2026-09-17 13:30 (4))"
per_fold,0,20,0.018406727292425294,0.9536913644902886,0.9458646616541352,-0.06524306779783422,0.2847011690938643,0.21197580673620284,fundusavseg,continued,last,FD,pvbm,runs/pivot/e4/fold0/continued/pred/bio.csv,results/pivot/e4_gt_fundusavseg.csv,"per outer fold: 1.4826*MAD of the reference-mask biomarkers of that fold's 80 TRAINING images, applied to its 20 held-out images (results/pivot/e4_gt_fundusavseg.csv); no Gate A train scale exists for Fundus-AVSeg (DECISIONS 2026-09-17 13:30 (4))"
per_fold,1,20,0.01851585408172609,0.9415363084617488,0.8962406015037594,-0.13642716497635504,0.43615197536423767,0.3004800529105071,fundusavseg,continued,last,FD,pvbm,runs/pivot/e4/fold1/continued/pred/bio.csv,results/pivot/e4_gt_fundusavseg.csv,"per outer fold: 1.4826*MAD of the reference-mask biomarkers of that fold's 80 TRAINING images, applied to its 20 held-out images (results/pivot/e4_gt_fundusavseg.csv); no Gate A train scale exists for Fundus-AVSeg (DECISIONS 2026-09-17 13:30 (4))"
per_fold,2,20,0.017454772036716294,0.949056255405219,0.956390977443609,-0.009505856238453021,0.4243281528567122,0.32548598850008054,fundusavseg,continued,last,FD,pvbm,runs/pivot/e4/fold2/continued/pred/bio.csv,results/pivot/e4_gt_fundusavseg.csv,"per outer fold: 1.4826*MAD of the reference-mask biomarkers of that fold's 80 TRAINING images, applied to its 20 held-out images (results/pivot/e4_gt_fundusavseg.csv); no Gate A train scale exists for Fundus-AVSeg (DECISIONS 2026-09-17 13:30 (4))"
per_fold,3,20,0.01875471044140082,0.9066745255716894,0.8466165413533834,0.02544292664940135,0.48117528434896517,0.37377154043944544,fundusavseg,continued,last,FD,pvbm,runs/pivot/e4/fold3/continued/pred/bio.csv,results/pivot/e4_gt_fundusavseg.csv,"per outer fold: 1.4826*MAD of the reference-mask biomarkers of that fold's 80 TRAINING images, applied to its 20 held-out images (results/pivot/e4_gt_fundusavseg.csv); no Gate A train scale exists for Fundus-AVSeg (DECISIONS 2026-09-17 13:30 (4))"
per_fold,4,20,0.01669015295104639,0.923935121826345,0.8676691729323308,-0.02797134687104518,0.42446808479175224,0.29321419379890706,fundusavseg,continued,last,FD,pvbm,runs/pivot/e4/fold4/continued/pred/bio.csv,results/pivot/e4_gt_fundusavseg.csv,"per outer fold: 1.4826*MAD of the reference-mask biomarkers of that fold's 80 TRAINING images, applied to its 20 held-out images (results/pivot/e4_gt_fundusavseg.csv); no Gate A train scale exists for Fundus-AVSeg (DECISIONS 2026-09-17 13:30 (4))"
oof_pooled,all,100,per-fold,0.9247295050514558,0.926477427179169,0.20181117665652532,0.39987526257143496,0.37911284944907414,fundusavseg,reliseg,last,FD,pvbm,runs/pivot/e4/fold0/reliseg_s1/pred/bio.csv;runs/pivot/e4/fold1/reliseg_s1/pred/bio.csv;runs/pivot/e4/fold2/reliseg_s1/pred/bio.csv;runs/pivot/e4/fold3/reliseg_s1/pred/bio.csv;runs/pivot/e4/fold4/reliseg_s1/pred/bio.csv,results/pivot/e4_gt_fundusavseg.csv,"per outer fold: 1.4826*MAD of the reference-mask biomarkers of that fold's 80 TRAINING images, applied to its 20 held-out images (results/pivot/e4_gt_fundusavseg.csv); no Gate A train scale exists for Fundus-AVSeg (DECISIONS 2026-09-17 13:30 (4))"
class_adjusted,all,100,per-fold,0.9276104117565517,0.9297717664961335,,,,fundusavseg,reliseg,last,FD,pvbm,runs/pivot/e4/fold0/reliseg_s1/pred/bio.csv;runs/pivot/e4/fold1/reliseg_s1/pred/bio.csv;runs/pivot/e4/fold2/reliseg_s1/pred/bio.csv;runs/pivot/e4/fold3/reliseg_s1/pred/bio.csv;runs/pivot/e4/fold4/reliseg_s1/pred/bio.csv,results/pivot/e4_gt_fundusavseg.csv,"per outer fold: 1.4826*MAD of the reference-mask biomarkers of that fold's 80 TRAINING images, applied to its 20 held-out images (results/pivot/e4_gt_fundusavseg.csv); no Gate A train scale exists for Fundus-AVSeg (DECISIONS 2026-09-17 13:30 (4))"
per_fold,0,20,0.018406727292425294,0.9421286545622375,0.9548872180451128,0.22384530530671717,0.3077516485657066,0.3120211781395198,fundusavseg,reliseg,last,FD,pvbm,runs/pivot/e4/fold0/reliseg/pred/bio.csv,results/pivot/e4_gt_fundusavseg.csv,"per outer fold: 1.4826*MAD of the reference-mask biomarkers of that fold's 80 TRAINING images, applied to its 20 held-out images (results/pivot/e4_gt_fundusavseg.csv); no Gate A train scale exists for Fundus-AVSeg (DECISIONS 2026-09-17 13:30 (4))"
per_fold,1,20,0.01851585408172609,0.9328906989104562,0.8706766917293233,0.08157153034797536,0.42713406759391914,0.34670487101543646,fundusavseg,reliseg,last,FD,pvbm,runs/pivot/e4/fold1/reliseg/pred/bio.csv,results/pivot/e4_gt_fundusavseg.csv,"per outer fold: 1.4826*MAD of the reference-mask biomarkers of that fold's 80 TRAINING images, applied to its 20 held-out images (results/pivot/e4_gt_fundusavseg.csv); no Gate A train scale exists for Fundus-AVSeg (DECISIONS 2026-09-17 13:30 (4))"
per_fold,2,20,0.017454772036716294,0.9388009498105192,0.9413533834586465,0.18335372658020938,0.4340420884476227,0.4039754359848186,fundusavseg,reliseg,last,FD,pvbm,runs/pivot/e4/fold2/reliseg/pred/bio.csv,results/pivot/e4_gt_fundusavseg.csv,"per outer fold: 1.4826*MAD of the reference-mask biomarkers of that fold's 80 TRAINING images, applied to its 20 held-out images (results/pivot/e4_gt_fundusavseg.csv); no Gate A train scale exists for Fundus-AVSeg (DECISIONS 2026-09-17 13:30 (4))"
per_fold,3,20,0.01875471044140082,0.9091530264808703,0.8556390977443609,0.27559199176854937,0.44561596668309184,0.4496114355330718,fundusavseg,reliseg,last,FD,pvbm,runs/pivot/e4/fold3/reliseg/pred/bio.csv,results/pivot/e4_gt_fundusavseg.csv,"per outer fold: 1.4826*MAD of the reference-mask biomarkers of that fold's 80 TRAINING images, applied to its 20 held-out images (results/pivot/e4_gt_fundusavseg.csv); no Gate A train scale exists for Fundus-AVSeg (DECISIONS 2026-09-17 13:30 (4))"
per_fold,4,20,0.01669015295104639,0.9322399065484689,0.8932330827067668,0.24469332927917503,0.38116883776054056,0.38325132657252425,fundusavseg,reliseg,last,FD,pvbm,runs/pivot/e4/fold4/reliseg/pred/bio.csv,results/pivot/e4_gt_fundusavseg.csv,"per outer fold: 1.4826*MAD of the reference-mask biomarkers of that fold's 80 TRAINING images, applied to its 20 held-out images (results/pivot/e4_gt_fundusavseg.csv); no Gate A train scale exists for Fundus-AVSeg (DECISIONS 2026-09-17 13:30 (4))"
oof_pooled,all,100,per-fold,0.8987720562351829,0.896021602160216,-0.3094242940931879,0.424929764349203,0.3761025928422935,fundusavseg,baseline,base_best,FD,skan,runs/pivot/e4/fold0/base/pred/bio.csv;runs/pivot/e4/fold1/base/pred/bio.csv;runs/pivot/e4/fold2/base/pred/bio.csv;runs/pivot/e4/fold3/base/pred/bio.csv;runs/pivot/e4/fold4/base/pred/bio.csv,results/pivot/e4_gt_fundusavseg.csv,"per outer fold: 1.4826*MAD of the reference-mask biomarkers of that fold's 80 TRAINING images, applied to its 20 held-out images (results/pivot/e4_gt_fundusavseg.csv); no Gate A train scale exists for Fundus-AVSeg (DECISIONS 2026-09-17 13:30 (4))"
class_adjusted,all,100,per-fold,0.9017352193737972,0.8867566756675667,,,,fundusavseg,baseline,base_best,FD,skan,runs/pivot/e4/fold0/base/pred/bio.csv;runs/pivot/e4/fold1/base/pred/bio.csv;runs/pivot/e4/fold2/base/pred/bio.csv;runs/pivot/e4/fold3/base/pred/bio.csv;runs/pivot/e4/fold4/base/pred/bio.csv,results/pivot/e4_gt_fundusavseg.csv,"per outer fold: 1.4826*MAD of the reference-mask biomarkers of that fold's 80 TRAINING images, applied to its 20 held-out images (results/pivot/e4_gt_fundusavseg.csv); no Gate A train scale exists for Fundus-AVSeg (DECISIONS 2026-09-17 13:30 (4))"
per_fold,0,20,0.022966611997145153,0.9303613566453215,0.882706766917293,-0.2639159450672594,0.28775865714978516,0.27631216975796924,fundusavseg,baseline,base_best,FD,skan,runs/pivot/e4/fold0/base/pred/bio.csv,results/pivot/e4_gt_fundusavseg.csv,"per outer fold: 1.4826*MAD of the reference-mask biomarkers of that fold's 80 TRAINING images, applied to its 20 held-out images (results/pivot/e4_gt_fundusavseg.csv); no Gate A train scale exists for Fundus-AVSeg (DECISIONS 2026-09-17 13:30 (4))"
per_fold,1,20,0.02029058704782077,0.8875945684421687,0.8120300751879698,-0.45484558853145335,0.502048866692335,0.5093699605518021,fundusavseg,baseline,base_best,FD,skan,runs/pivot/e4/fold1/base/pred/bio.csv,results/pivot/e4_gt_fundusavseg.csv,"per outer fold: 1.4826*MAD of the reference-mask biomarkers of that fold's 80 TRAINING images, applied to its 20 held-out images (results/pivot/e4_gt_fundusavseg.csv); no Gate A train scale exists for Fundus-AVSeg (DECISIONS 2026-09-17 13:30 (4))"
per_fold,2,20,0.021376230035123893,0.9682022994654675,0.9714285714285714,-0.32695875856084067,0.38421572430147166,0.41445900450229545,fundusavseg,baseline,base_best,FD,skan,runs/pivot/e4/fold2/base/pred/bio.csv,results/pivot/e4_gt_fundusavseg.csv,"per outer fold: 1.4826*MAD of the reference-mask biomarkers of that fold's 80 TRAINING images, applied to its 20 held-out images (results/pivot/e4_gt_fundusavseg.csv); no Gate A train scale exists for Fundus-AVSeg (DECISIONS 2026-09-17 13:30 (4))"
per_fold,3,20,0.0229193066647211,0.8623546854389273,0.7714285714285714,-0.19744532627583514,0.4738060958153745,0.3611023885495723,fundusavseg,baseline,base_best,FD,skan,runs/pivot/e4/fold3/base/pred/bio.csv,results/pivot/e4_gt_fundusavseg.csv,"per outer fold: 1.4826*MAD of the reference-mask biomarkers of that fold's 80 TRAINING images, applied to its 20 held-out images (results/pivot/e4_gt_fundusavseg.csv); no Gate A train scale exists for Fundus-AVSeg (DECISIONS 2026-09-17 13:30 (4))"
per_fold,4,20,0.022401663307004386,0.8811389052361425,0.8601503759398496,-0.30395585203055064,0.44257595073158695,0.3192694408498289,fundusavseg,baseline,base_best,FD,skan,runs/pivot/e4/fold4/base/pred/bio.csv,results/pivot/e4_gt_fundusavseg.csv,"per outer fold: 1.4826*MAD of the reference-mask biomarkers of that fold's 80 TRAINING images, applied to its 20 held-out images (results/pivot/e4_gt_fundusavseg.csv); no Gate A train scale exists for Fundus-AVSeg (DECISIONS 2026-09-17 13:30 (4))"
oof_pooled,all,100,per-fold,0.9025287606519925,0.8993459345934592,-0.27789699272939933,0.4190547947736416,0.3617163923515331,fundusavseg,continued,last,FD,skan,runs/pivot/e4/fold0/continued_s1/pred/bio.csv;runs/pivot/e4/fold1/continued_s1/pred/bio.csv;runs/pivot/e4/fold2/continued_s1/pred/bio.csv;runs/pivot/e4/fold3/continued_s1/pred/bio.csv;runs/pivot/e4/fold4/continued_s1/pred/bio.csv,results/pivot/e4_gt_fundusavseg.csv,"per outer fold: 1.4826*MAD of the reference-mask biomarkers of that fold's 80 TRAINING images, applied to its 20 held-out images (results/pivot/e4_gt_fundusavseg.csv); no Gate A train scale exists for Fundus-AVSeg (DECISIONS 2026-09-17 13:30 (4))"
class_adjusted,all,100,per-fold,0.9050845278869196,0.8973777377737772,,,,fundusavseg,continued,last,FD,skan,runs/pivot/e4/fold0/continued_s1/pred/bio.csv;runs/pivot/e4/fold1/continued_s1/pred/bio.csv;runs/pivot/e4/fold2/continued_s1/pred/bio.csv;runs/pivot/e4/fold3/continued_s1/pred/bio.csv;runs/pivot/e4/fold4/continued_s1/pred/bio.csv,results/pivot/e4_gt_fundusavseg.csv,"per outer fold: 1.4826*MAD of the reference-mask biomarkers of that fold's 80 TRAINING images, applied to its 20 held-out images (results/pivot/e4_gt_fundusavseg.csv); no Gate A train scale exists for Fundus-AVSeg (DECISIONS 2026-09-17 13:30 (4))"
per_fold,0,20,0.022966611997145153,0.9345641735242551,0.8781954887218045,-0.30982531861189583,0.2819215954575475,0.30982531861189583,fundusavseg,continued,last,FD,skan,runs/pivot/e4/fold0/continued/pred/bio.csv,results/pivot/e4_gt_fundusavseg.csv,"per outer fold: 1.4826*MAD of the reference-mask biomarkers of that fold's 80 TRAINING images, applied to its 20 held-out images (results/pivot/e4_gt_fundusavseg.csv); no Gate A train scale exists for Fundus-AVSeg (DECISIONS 2026-09-17 13:30 (4))"
per_fold,1,20,0.02029058704782077,0.8937828256608803,0.8150375939849623,-0.33434037993181226,0.4962003526673788,0.45918688211011427,fundusavseg,continued,last,FD,skan,runs/pivot/e4/fold1/continued/pred/bio.csv,results/pivot/e4_gt_fundusavseg.csv,"per outer fold: 1.4826*MAD of the reference-mask biomarkers of that fold's 80 TRAINING images, applied to its 20 held-out images (results/pivot/e4_gt_fundusavseg.csv); no Gate A train scale exists for Fundus-AVSeg (DECISIONS 2026-09-17 13:30 (4))"
per_fold,2,20,0.021376230035123893,0.9668704681534861,0.9684210526315788,-0.22747130216780448,0.385897968457674,0.3436939405578098,fundusavseg,continued,last,FD,skan,runs/pivot/e4/fold2/continued/pred/bio.csv,results/pivot/e4_gt_fundusavseg.csv,"per outer fold: 1.4826*MAD of the reference-mask biomarkers of that fold's 80 TRAINING images, applied to its 20 held-out images (results/pivot/e4_gt_fundusavseg.csv); no Gate A train scale exists for Fundus-AVSeg (DECISIONS 2026-09-17 13:30 (4))"
per_fold,3,20,0.0229193066647211,0.8632522367471519,0.7969924812030074,-0.19300434889565582,0.4778051446378243,0.35674923981502654,fundusavseg,continued,last,FD,skan,runs/pivot/e4/fold3/continued/pred/bio.csv,results/pivot/e4_gt_fundusavseg.csv,"per outer fold: 1.4826*MAD of the reference-mask biomarkers of that fold's 80 TRAINING images, applied to its 20 held-out images (results/pivot/e4_gt_fundusavseg.csv); no Gate A train scale exists for Fundus-AVSeg (DECISIONS 2026-09-17 13:30 (4))"
per_fold,4,20,0.022401663307004386,0.8812116898502281,0.8586466165413533,-0.3248436140398285,0.44168504264451885,0.33912658066281864,fundusavseg,continued,last,FD,skan,runs/pivot/e4/fold4/continued/pred/bio.csv,results/pivot/e4_gt_fundusavseg.csv,"per outer fold: 1.4826*MAD of the reference-mask biomarkers of that fold's 80 TRAINING images, applied to its 20 held-out images (results/pivot/e4_gt_fundusavseg.csv); no Gate A train scale exists for Fundus-AVSeg (DECISIONS 2026-09-17 13:30 (4))"
oof_pooled,all,100,per-fold,0.9011268183374129,0.8972097209720971,0.023359552739724253,0.38247934000363404,0.29572779593102183,fundusavseg,reliseg,last,FD,skan,runs/pivot/e4/fold0/reliseg_s1/pred/bio.csv;runs/pivot/e4/fold1/reliseg_s1/pred/bio.csv;runs/pivot/e4/fold2/reliseg_s1/pred/bio.csv;runs/pivot/e4/fold3/reliseg_s1/pred/bio.csv;runs/pivot/e4/fold4/reliseg_s1/pred/bio.csv,results/pivot/e4_gt_fundusavseg.csv,"per outer fold: 1.4826*MAD of the reference-mask biomarkers of that fold's 80 TRAINING images, applied to its 20 held-out images (results/pivot/e4_gt_fundusavseg.csv); no Gate A train scale exists for Fundus-AVSeg (DECISIONS 2026-09-17 13:30 (4))"
class_adjusted,all,100,per-fold,0.9020624898617603,0.8968856885688569,,,,fundusavseg,reliseg,last,FD,skan,runs/pivot/e4/fold0/reliseg_s1/pred/bio.csv;runs/pivot/e4/fold1/reliseg_s1/pred/bio.csv;runs/pivot/e4/fold2/reliseg_s1/pred/bio.csv;runs/pivot/e4/fold3/reliseg_s1/pred/bio.csv;runs/pivot/e4/fold4/reliseg_s1/pred/bio.csv,results/pivot/e4_gt_fundusavseg.csv,"per outer fold: 1.4826*MAD of the reference-mask biomarkers of that fold's 80 TRAINING images, applied to its 20 held-out images (results/pivot/e4_gt_fundusavseg.csv); no Gate A train scale exists for Fundus-AVSeg (DECISIONS 2026-09-17 13:30 (4))"
per_fold,0,20,0.022966611997145153,0.905090371499616,0.8616541353383457,-0.01697919375715291,0.32718200018411564,0.2280565897974181,fundusavseg,reliseg,last,FD,skan,runs/pivot/e4/fold0/reliseg/pred/bio.csv,results/pivot/e4_gt_fundusavseg.csv,"per outer fold: 1.4826*MAD of the reference-mask biomarkers of that fold's 80 TRAINING images, applied to its 20 held-out images (results/pivot/e4_gt_fundusavseg.csv); no Gate A train scale exists for Fundus-AVSeg (DECISIONS 2026-09-17 13:30 (4))"
per_fold,1,20,0.02029058704782077,0.9252261076172432,0.849624060150376,-0.024309817246683886,0.3650572684031973,0.3095615561683373,fundusavseg,reliseg,last,FD,skan,runs/pivot/e4/fold1/reliseg/pred/bio.csv,results/pivot/e4_gt_fundusavseg.csv,"per outer fold: 1.4826*MAD of the reference-mask biomarkers of that fold's 80 TRAINING images, applied to its 20 held-out images (results/pivot/e4_gt_fundusavseg.csv); no Gate A train scale exists for Fundus-AVSeg (DECISIONS 2026-09-17 13:30 (4))"
per_fold,2,20,0.021376230035123893,0.9561752655285268,0.9609022556390976,0.012835709336581541,0.3507086969187021,0.2913897463571925,fundusavseg,reliseg,last,FD,skan,runs/pivot/e4/fold2/reliseg/pred/bio.csv,results/pivot/e4_gt_fundusavseg.csv,"per outer fold: 1.4826*MAD of the reference-mask biomarkers of that fold's 80 TRAINING images, applied to its 20 held-out images (results/pivot/e4_gt_fundusavseg.csv); no Gate A train scale exists for Fundus-AVSeg (DECISIONS 2026-09-17 13:30 (4))"
per_fold,3,20,0.0229193066647211,0.8652467296176859,0.8300751879699247,0.12875724119048398,0.4303863479113802,0.3553824918436602,fundusavseg,reliseg,last,FD,skan,runs/pivot/e4/fold3/reliseg/pred/bio.csv,results/pivot/e4_gt_fundusavseg.csv,"per outer fold: 1.4826*MAD of the reference-mask biomarkers of that fold's 80 TRAINING images, applied to its 20 held-out images (results/pivot/e4_gt_fundusavseg.csv); no Gate A train scale exists for Fundus-AVSeg (DECISIONS 2026-09-17 13:30 (4))"
per_fold,4,20,0.022401663307004386,0.8804796420155158,0.8616541353383457,0.016493824175392545,0.44468189015233106,0.29424859548850113,fundusavseg,reliseg,last,FD,skan,runs/pivot/e4/fold4/reliseg/pred/bio.csv,results/pivot/e4_gt_fundusavseg.csv,"per outer fold: 1.4826*MAD of the reference-mask biomarkers of that fold's 80 TRAINING images, applied to its 20 held-out images (results/pivot/e4_gt_fundusavseg.csv); no Gate A train scale exists for Fundus-AVSeg (DECISIONS 2026-09-17 13:30 (4))"
oof_pooled,all,100,per-fold,0.8963541996339661,0.8730179208497765,-0.26631705160746144,0.5572810845162526,0.4704544506899592,fundusavseg,baseline,base_best,tortuosity,pvbm,runs/pivot/e4/fold0/base/pred/bio.csv;runs/pivot/e4/fold1/base/pred/bio.csv;runs/pivot/e4/fold2/base/pred/bio.csv;runs/pivot/e4/fold3/base/pred/bio.csv;runs/pivot/e4/fold4/base/pred/bio.csv,results/pivot/e4_gt_fundusavseg.csv,"per outer fold: 1.4826*MAD of the reference-mask biomarkers of that fold's 80 TRAINING images, applied to its 20 held-out images (results/pivot/e4_gt_fundusavseg.csv); no Gate A train scale exists for Fundus-AVSeg (DECISIONS 2026-09-17 13:30 (4))"
class_adjusted,all,100,per-fold,0.8951638201211599,0.874119411941194,,,,fundusavseg,baseline,base_best,tortuosity,pvbm,runs/pivot/e4/fold0/base/pred/bio.csv;runs/pivot/e4/fold1/base/pred/bio.csv;runs/pivot/e4/fold2/base/pred/bio.csv;runs/pivot/e4/fold3/base/pred/bio.csv;runs/pivot/e4/fold4/base/pred/bio.csv,results/pivot/e4_gt_fundusavseg.csv,"per outer fold: 1.4826*MAD of the reference-mask biomarkers of that fold's 80 TRAINING images, applied to its 20 held-out images (results/pivot/e4_gt_fundusavseg.csv); no Gate A train scale exists for Fundus-AVSeg (DECISIONS 2026-09-17 13:30 (4))"
per_fold,0,20,0.005049911814149392,0.9361790170745821,0.9353383458646616,-0.271563535110399,0.4932559354837222,0.36808727181060447,fundusavseg,baseline,base_best,tortuosity,pvbm,runs/pivot/e4/fold0/base/pred/bio.csv,results/pivot/e4_gt_fundusavseg.csv,"per outer fold: 1.4826*MAD of the reference-mask biomarkers of that fold's 80 TRAINING images, applied to its 20 held-out images (results/pivot/e4_gt_fundusavseg.csv); no Gate A train scale exists for Fundus-AVSeg (DECISIONS 2026-09-17 13:30 (4))"
per_fold,1,20,0.004769908187798646,0.9151435317390905,0.9458646616541352,-0.3286578956761619,0.5009687517949521,0.4881094224513278,fundusavseg,baseline,base_best,tortuosity,pvbm,runs/pivot/e4/fold1/base/pred/bio.csv,results/pivot/e4_gt_fundusavseg.csv,"per outer fold: 1.4826*MAD of the reference-mask biomarkers of that fold's 80 TRAINING images, applied to its 20 held-out images (results/pivot/e4_gt_fundusavseg.csv); no Gate A train scale exists for Fundus-AVSeg (DECISIONS 2026-09-17 13:30 (4))"
per_fold,2,20,0.0049973877093969854,0.9240328312556169,0.8225563909774435,-0.04724397625881636,0.5435252962718676,0.4190490216305057,fundusavseg,baseline,base_best,tortuosity,pvbm,runs/pivot/e4/fold2/base/pred/bio.csv,results/pivot/e4_gt_fundusavseg.csv,"per outer fold: 1.4826*MAD of the reference-mask biomarkers of that fold's 80 TRAINING images, applied to its 20 held-out images (results/pivot/e4_gt_fundusavseg.csv); no Gate A train scale exists for Fundus-AVSeg (DECISIONS 2026-09-17 13:30 (4))"
per_fold,3,20,0.005248767446459484,0.9030281079892781,0.7984962406015037,-0.3465068710454962,0.6745357490176709,0.63054272926428,fundusavseg,baseline,base_best,tortuosity,pvbm,runs/pivot/e4/fold3/base/pred/bio.csv,results/pivot/e4_gt_fundusavseg.csv,"per outer fold: 1.4826*MAD of the reference-mask biomarkers of that fold's 80 TRAINING images, applied to its 20 held-out images (results/pivot/e4_gt_fundusavseg.csv); no Gate A train scale exists for Fundus-AVSeg (DECISIONS 2026-09-17 13:30 (4))"
per_fold,4,20,0.005708665611601173,0.7677677612117387,0.7924812030075187,-0.3376129799464336,0.5538455268226512,0.4464838082930779,fundusavseg,baseline,base_best,tortuosity,pvbm,runs/pivot/e4/fold4/base/pred/bio.csv,results/pivot/e4_gt_fundusavseg.csv,"per outer fold: 1.4826*MAD of the reference-mask biomarkers of that fold's 80 TRAINING images, applied to its 20 held-out images (results/pivot/e4_gt_fundusavseg.csv); no Gate A train scale exists for Fundus-AVSeg (DECISIONS 2026-09-17 13:30 (4))"
oof_pooled,all,100,per-fold,0.9071436736482442,0.8810433905994035,-0.2571500094220152,0.5312638306918008,0.4782983612174309,fundusavseg,continued,last,tortuosity,pvbm,runs/pivot/e4/fold0/continued_s1/pred/bio.csv;runs/pivot/e4/fold1/continued_s1/pred/bio.csv;runs/pivot/e4/fold2/continued_s1/pred/bio.csv;runs/pivot/e4/fold3/continued_s1/pred/bio.csv;runs/pivot/e4/fold4/continued_s1/pred/bio.csv,results/pivot/e4_gt_fundusavseg.csv,"per outer fold: 1.4826*MAD of the reference-mask biomarkers of that fold's 80 TRAINING images, applied to its 20 held-out images (results/pivot/e4_gt_fundusavseg.csv); no Gate A train scale exists for Fundus-AVSeg (DECISIONS 2026-09-17 13:30 (4))"
class_adjusted,all,100,per-fold,0.9077862925501679,0.8818208275492061,,,,fundusavseg,continued,last,tortuosity,pvbm,runs/pivot/e4/fold0/continued_s1/pred/bio.csv;runs/pivot/e4/fold1/continued_s1/pred/bio.csv;runs/pivot/e4/fold2/continued_s1/pred/bio.csv;runs/pivot/e4/fold3/continued_s1/pred/bio.csv;runs/pivot/e4/fold4/continued_s1/pred/bio.csv,results/pivot/e4_gt_fundusavseg.csv,"per outer fold: 1.4826*MAD of the reference-mask biomarkers of that fold's 80 TRAINING images, applied to its 20 held-out images (results/pivot/e4_gt_fundusavseg.csv); no Gate A train scale exists for Fundus-AVSeg (DECISIONS 2026-09-17 13:30 (4))"
per_fold,0,20,0.005049911814149392,0.9382177657420318,0.9353383458646616,-0.28080891211868825,0.49759299749716246,0.42443393988920397,fundusavseg,continued,last,tortuosity,pvbm,runs/pivot/e4/fold0/continued/pred/bio.csv,results/pivot/e4_gt_fundusavseg.csv,"per outer fold: 1.4826*MAD of the reference-mask biomarkers of that fold's 80 TRAINING images, applied to its 20 held-out images (results/pivot/e4_gt_fundusavseg.csv); no Gate A train scale exists for Fundus-AVSeg (DECISIONS 2026-09-17 13:30 (4))"
per_fold,1,20,0.004769908187798646,0.8995878775525764,0.9172932330827066,-0.33591530292036575,0.5318441687436435,0.5271345692884795,fundusavseg,continued,last,tortuosity,pvbm,runs/pivot/e4/fold1/continued/pred/bio.csv,results/pivot/e4_gt_fundusavseg.csv,"per outer fold: 1.4826*MAD of the reference-mask biomarkers of that fold's 80 TRAINING images, applied to its 20 held-out images (results/pivot/e4_gt_fundusavseg.csv); no Gate A train scale exists for Fundus-AVSeg (DECISIONS 2026-09-17 13:30 (4))"
per_fold,2,20,0.0049973877093969854,0.934525753320369,0.8541353383458646,-0.17741483773590955,0.5084196513287299,0.43731442871000814,fundusavseg,continued,last,tortuosity,pvbm,runs/pivot/e4/fold2/continued/pred/bio.csv,results/pivot/e4_gt_fundusavseg.csv,"per outer fold: 1.4826*MAD of the reference-mask biomarkers of that fold's 80 TRAINING images, applied to its 20 held-out images (results/pivot/e4_gt_fundusavseg.csv); no Gate A train scale exists for Fundus-AVSeg (DECISIONS 2026-09-17 13:30 (4))"
per_fold,3,20,0.005248767446459484,0.9257948228949479,0.8300751879699247,-0.21816748760155158,0.6125143446600715,0.5555012119414557,fundusavseg,continued,last,tortuosity,pvbm,runs/pivot/e4/fold3/continued/pred/bio.csv,results/pivot/e4_gt_fundusavseg.csv,"per outer fold: 1.4826*MAD of the reference-mask biomarkers of that fold's 80 TRAINING images, applied to its 20 held-out images (results/pivot/e4_gt_fundusavseg.csv); no Gate A train scale exists for Fundus-AVSeg (DECISIONS 2026-09-17 13:30 (4))"
per_fold,4,20,0.005708665611601173,0.7798903612161396,0.7909774436090224,-0.273443506733561,0.5392708447722872,0.44710765625800786,fundusavseg,continued,last,tortuosity,pvbm,runs/pivot/e4/fold4/continued/pred/bio.csv,results/pivot/e4_gt_fundusavseg.csv,"per outer fold: 1.4826*MAD of the reference-mask biomarkers of that fold's 80 TRAINING images, applied to its 20 held-out images (results/pivot/e4_gt_fundusavseg.csv); no Gate A train scale exists for Fundus-AVSeg (DECISIONS 2026-09-17 13:30 (4))"
oof_pooled,all,100,per-fold,0.10265974784203595,0.08777130375819837,1.5515595340492288,2.1033708708347363,1.6489115379167956,fundusavseg,reliseg,last,tortuosity,pvbm,runs/pivot/e4/fold0/reliseg_s1/pred/bio.csv;runs/pivot/e4/fold1/reliseg_s1/pred/bio.csv;runs/pivot/e4/fold2/reliseg_s1/pred/bio.csv;runs/pivot/e4/fold3/reliseg_s1/pred/bio.csv;runs/pivot/e4/fold4/reliseg_s1/pred/bio.csv,results/pivot/e4_gt_fundusavseg.csv,"per outer fold: 1.4826*MAD of the reference-mask biomarkers of that fold's 80 TRAINING images, applied to its 20 held-out images (results/pivot/e4_gt_fundusavseg.csv); no Gate A train scale exists for Fundus-AVSeg (DECISIONS 2026-09-17 13:30 (4))"
class_adjusted,all,100,per-fold,0.07604906945513046,0.03899189918991899,,,,fundusavseg,reliseg,last,tortuosity,pvbm,runs/pivot/e4/fold0/reliseg_s1/pred/bio.csv;runs/pivot/e4/fold1/reliseg_s1/pred/bio.csv;runs/pivot/e4/fold2/reliseg_s1/pred/bio.csv;runs/pivot/e4/fold3/reliseg_s1/pred/bio.csv;runs/pivot/e4/fold4/reliseg_s1/pred/bio.csv,results/pivot/e4_gt_fundusavseg.csv,"per outer fold: 1.4826*MAD of the reference-mask biomarkers of that fold's 80 TRAINING images, applied to its 20 held-out images (results/pivot/e4_gt_fundusavseg.csv); no Gate A train scale exists for Fundus-AVSeg (DECISIONS 2026-09-17 13:30 (4))"
per_fold,0,20,0.005049911814149392,0.01107102605378466,0.2796992481203007,1.3819241379981164,2.3911498338746395,1.5034502969082997,fundusavseg,reliseg,last,tortuosity,pvbm,runs/pivot/e4/fold0/reliseg/pred/bio.csv,results/pivot/e4_gt_fundusavseg.csv,"per outer fold: 1.4826*MAD of the reference-mask biomarkers of that fold's 80 TRAINING images, applied to its 20 held-out images (results/pivot/e4_gt_fundusavseg.csv); no Gate A train scale exists for Fundus-AVSeg (DECISIONS 2026-09-17 13:30 (4))"
per_fold,1,20,0.004769908187798646,0.03828347993862973,0.045112781954887216,1.7399866811417035,2.0388559200123044,1.8490326811786368,fundusavseg,reliseg,last,tortuosity,pvbm,runs/pivot/e4/fold1/reliseg/pred/bio.csv,results/pivot/e4_gt_fundusavseg.csv,"per outer fold: 1.4826*MAD of the reference-mask biomarkers of that fold's 80 TRAINING images, applied to its 20 held-out images (results/pivot/e4_gt_fundusavseg.csv); no Gate A train scale exists for Fundus-AVSeg (DECISIONS 2026-09-17 13:30 (4))"
per_fold,2,20,0.0049973877093969854,0.3479486573375918,0.23909774436090225,1.7360637218441224,2.1625203785104747,1.789772542625256,fundusavseg,reliseg,last,tortuosity,pvbm,runs/pivot/e4/fold2/reliseg/pred/bio.csv,results/pivot/e4_gt_fundusavseg.csv,"per outer fold: 1.4826*MAD of the reference-mask biomarkers of that fold's 80 TRAINING images, applied to its 20 held-out images (results/pivot/e4_gt_fundusavseg.csv); no Gate A train scale exists for Fundus-AVSeg (DECISIONS 2026-09-17 13:30 (4))"
per_fold,3,20,0.005248767446459484,0.11703431039725878,-0.20150375939849624,1.6171004368053246,2.331376674341701,1.8021194414837556,fundusavseg,reliseg,last,tortuosity,pvbm,runs/pivot/e4/fold3/reliseg/pred/bio.csv,results/pivot/e4_gt_fundusavseg.csv,"per outer fold: 1.4826*MAD of the reference-mask biomarkers of that fold's 80 TRAINING images, applied to its 20 held-out images (results/pivot/e4_gt_fundusavseg.csv); no Gate A train scale exists for Fundus-AVSeg (DECISIONS 2026-09-17 13:30 (4))"
per_fold,4,20,0.005708665611601173,-0.19388334019913364,0.022556390977443608,1.2827226924568766,1.6975894964108291,1.3001827273880298,fundusavseg,reliseg,last,tortuosity,pvbm,runs/pivot/e4/fold4/reliseg/pred/bio.csv,results/pivot/e4_gt_fundusavseg.csv,"per outer fold: 1.4826*MAD of the reference-mask biomarkers of that fold's 80 TRAINING images, applied to its 20 held-out images (results/pivot/e4_gt_fundusavseg.csv); no Gate A train scale exists for Fundus-AVSeg (DECISIONS 2026-09-17 13:30 (4))"
oof_pooled,all,100,per-fold,0.9671505710848106,0.9233483348334833,-0.12878642453655384,0.43308412039694993,0.31103454417541104,fundusavseg,baseline,base_best,tortuosity,skan,runs/pivot/e4/fold0/base/pred/bio.csv;runs/pivot/e4/fold1/base/pred/bio.csv;runs/pivot/e4/fold2/base/pred/bio.csv;runs/pivot/e4/fold3/base/pred/bio.csv;runs/pivot/e4/fold4/base/pred/bio.csv,results/pivot/e4_gt_fundusavseg.csv,"per outer fold: 1.4826*MAD of the reference-mask biomarkers of that fold's 80 TRAINING images, applied to its 20 held-out images (results/pivot/e4_gt_fundusavseg.csv); no Gate A train scale exists for Fundus-AVSeg (DECISIONS 2026-09-17 13:30 (4))"
class_adjusted,all,100,per-fold,0.9664159357790603,0.9274887488748875,,,,fundusavseg,baseline,base_best,tortuosity,skan,runs/pivot/e4/fold0/base/pred/bio.csv;runs/pivot/e4/fold1/base/pred/bio.csv;runs/pivot/e4/fold2/base/pred/bio.csv;runs/pivot/e4/fold3/base/pred/bio.csv;runs/pivot/e4/fold4/base/pred/bio.csv,results/pivot/e4_gt_fundusavseg.csv,"per outer fold: 1.4826*MAD of the reference-mask biomarkers of that fold's 80 TRAINING images, applied to its 20 held-out images (results/pivot/e4_gt_fundusavseg.csv); no Gate A train scale exists for Fundus-AVSeg (DECISIONS 2026-09-17 13:30 (4))"
per_fold,0,20,0.00816865754849448,0.9588053342663995,0.9398496240601503,-0.10545087505061612,0.4761506040357147,0.3417125813200893,fundusavseg,baseline,base_best,tortuosity,skan,runs/pivot/e4/fold0/base/pred/bio.csv,results/pivot/e4_gt_fundusavseg.csv,"per outer fold: 1.4826*MAD of the reference-mask biomarkers of that fold's 80 TRAINING images, applied to its 20 held-out images (results/pivot/e4_gt_fundusavseg.csv); no Gate A train scale exists for Fundus-AVSeg (DECISIONS 2026-09-17 13:30 (4))"
per_fold,1,20,0.008075659217801139,0.9261828573666399,0.9293233082706768,-0.1671606993509289,0.5421030050362063,0.344408597072483,fundusavseg,baseline,base_best,tortuosity,skan,runs/pivot/e4/fold1/base/pred/bio.csv,results/pivot/e4_gt_fundusavseg.csv,"per outer fold: 1.4826*MAD of the reference-mask biomarkers of that fold's 80 TRAINING images, applied to its 20 held-out images (results/pivot/e4_gt_fundusavseg.csv); no Gate A train scale exists for Fundus-AVSeg (DECISIONS 2026-09-17 13:30 (4))"
per_fold,2,20,0.007912233835284697,0.9878857978751039,0.9639097744360902,-0.09298299298410144,0.33485407647315707,0.24850263350161655,fundusavseg,baseline,base_best,tortuosity,skan,runs/pivot/e4/fold2/base/pred/bio.csv,results/pivot/e4_gt_fundusavseg.csv,"per outer fold: 1.4826*MAD of the reference-mask biomarkers of that fold's 80 TRAINING images, applied to its 20 held-out images (results/pivot/e4_gt_fundusavseg.csv); no Gate A train scale exists for Fundus-AVSeg (DECISIONS 2026-09-17 13:30 (4))"
per_fold,3,20,0.00896684971019265,0.9835755604940644,0.8360902255639097,-0.21616738548405046,0.40253301455444546,0.3309840735417092,fundusavseg,baseline,base_best,tortuosity,skan,runs/pivot/e4/fold3/base/pred/bio.csv,results/pivot/e4_gt_fundusavseg.csv,"per outer fold: 1.4826*MAD of the reference-mask biomarkers of that fold's 80 TRAINING images, applied to its 20 held-out images (results/pivot/e4_gt_fundusavseg.csv); no Gate A train scale exists for Fundus-AVSeg (DECISIONS 2026-09-17 13:30 (4))"
per_fold,4,20,0.007870612957589203,0.9244287253056199,0.9203007518796992,-0.06217016981307233,0.4078720372499291,0.2895648354411572,fundusavseg,baseline,base_best,tortuosity,skan,runs/pivot/e4/fold4/base/pred/bio.csv,results/pivot/e4_gt_fundusavseg.csv,"per outer fold: 1.4826*MAD of the reference-mask biomarkers of that fold's 80 TRAINING images, applied to its 20 held-out images (results/pivot/e4_gt_fundusavseg.csv); no Gate A train scale exists for Fundus-AVSeg (DECISIONS 2026-09-17 13:30 (4))"
oof_pooled,all,100,per-fold,0.9686033075420324,0.9209600960096008,-0.09967542918613954,0.42268850671018565,0.3060432682045668,fundusavseg,continued,last,tortuosity,skan,runs/pivot/e4/fold0/continued_s1/pred/bio.csv;runs/pivot/e4/fold1/continued_s1/pred/bio.csv;runs/pivot/e4/fold2/continued_s1/pred/bio.csv;runs/pivot/e4/fold3/continued_s1/pred/bio.csv;runs/pivot/e4/fold4/continued_s1/pred/bio.csv,results/pivot/e4_gt_fundusavseg.csv,"per outer fold: 1.4826*MAD of the reference-mask biomarkers of that fold's 80 TRAINING images, applied to its 20 held-out images (results/pivot/e4_gt_fundusavseg.csv); no Gate A train scale exists for Fundus-AVSeg (DECISIONS 2026-09-17 13:30 (4))"
class_adjusted,all,100,per-fold,0.9679223257419377,0.9255445544554455,,,,fundusavseg,continued,last,tortuosity,skan,runs/pivot/e4/fold0/continued_s1/pred/bio.csv;runs/pivot/e4/fold1/continued_s1/pred/bio.csv;runs/pivot/e4/fold2/continued_s1/pred/bio.csv;runs/pivot/e4/fold3/continued_s1/pred/bio.csv;runs/pivot/e4/fold4/continued_s1/pred/bio.csv,results/pivot/e4_gt_fundusavseg.csv,"per outer fold: 1.4826*MAD of the reference-mask biomarkers of that fold's 80 TRAINING images, applied to its 20 held-out images (results/pivot/e4_gt_fundusavseg.csv); no Gate A train scale exists for Fundus-AVSeg (DECISIONS 2026-09-17 13:30 (4))"
per_fold,0,20,0.00816865754849448,0.9684729079443961,0.9353383458646616,-0.003515733596353579,0.38547886729804287,0.2659900859758778,fundusavseg,continued,last,tortuosity,skan,runs/pivot/e4/fold0/continued/pred/bio.csv,results/pivot/e4_gt_fundusavseg.csv,"per outer fold: 1.4826*MAD of the reference-mask biomarkers of that fold's 80 TRAINING images, applied to its 20 held-out images (results/pivot/e4_gt_fundusavseg.csv); no Gate A train scale exists for Fundus-AVSeg (DECISIONS 2026-09-17 13:30 (4))"
per_fold,1,20,0.008075659217801139,0.9215238701122719,0.9022556390977443,-0.1645438395283477,0.5495882449519939,0.3726387508109429,fundusavseg,continued,last,tortuosity,skan,runs/pivot/e4/fold1/continued/pred/bio.csv,results/pivot/e4_gt_fundusavseg.csv,"per outer fold: 1.4826*MAD of the reference-mask biomarkers of that fold's 80 TRAINING images, applied to its 20 held-out images (results/pivot/e4_gt_fundusavseg.csv); no Gate A train scale exists for Fundus-AVSeg (DECISIONS 2026-09-17 13:30 (4))"
per_fold,2,20,0.007912233835284697,0.9895538590381461,0.9699248120300751,-0.05885643715593662,0.3039931636792311,0.23143125645720594,fundusavseg,continued,last,tortuosity,skan,runs/pivot/e4/fold2/continued/pred/bio.csv,results/pivot/e4_gt_fundusavseg.csv,"per outer fold: 1.4826*MAD of the reference-mask biomarkers of that fold's 80 TRAINING images, applied to its 20 held-out images (results/pivot/e4_gt_fundusavseg.csv); no Gate A train scale exists for Fundus-AVSeg (DECISIONS 2026-09-17 13:30 (4))"
per_fold,3,20,0.00896684971019265,0.982216847979034,0.8105263157894737,-0.21631064199064992,0.41309601442819227,0.35578231146458206,fundusavseg,continued,last,tortuosity,skan,runs/pivot/e4/fold3/continued/pred/bio.csv,results/pivot/e4_gt_fundusavseg.csv,"per outer fold: 1.4826*MAD of the reference-mask biomarkers of that fold's 80 TRAINING images, applied to its 20 held-out images (results/pivot/e4_gt_fundusavseg.csv); no Gate A train scale exists for Fundus-AVSeg (DECISIONS 2026-09-17 13:30 (4))"
per_fold,4,20,0.007870612957589203,0.9140684766037582,0.8992481203007519,-0.05515049365940988,0.4300199142036846,0.3043739363142252,fundusavseg,continued,last,tortuosity,skan,runs/pivot/e4/fold4/continued/pred/bio.csv,results/pivot/e4_gt_fundusavseg.csv,"per outer fold: 1.4826*MAD of the reference-mask biomarkers of that fold's 80 TRAINING images, applied to its 20 held-out images (results/pivot/e4_gt_fundusavseg.csv); no Gate A train scale exists for Fundus-AVSeg (DECISIONS 2026-09-17 13:30 (4))"
oof_pooled,all,100,per-fold,0.9131706383970765,0.7476627662766275,0.04497855814655656,0.6993384817811537,0.5031152689813073,fundusavseg,reliseg,last,tortuosity,skan,runs/pivot/e4/fold0/reliseg_s1/pred/bio.csv;runs/pivot/e4/fold1/reliseg_s1/pred/bio.csv;runs/pivot/e4/fold2/reliseg_s1/pred/bio.csv;runs/pivot/e4/fold3/reliseg_s1/pred/bio.csv;runs/pivot/e4/fold4/reliseg_s1/pred/bio.csv,results/pivot/e4_gt_fundusavseg.csv,"per outer fold: 1.4826*MAD of the reference-mask biomarkers of that fold's 80 TRAINING images, applied to its 20 held-out images (results/pivot/e4_gt_fundusavseg.csv); no Gate A train scale exists for Fundus-AVSeg (DECISIONS 2026-09-17 13:30 (4))"
class_adjusted,all,100,per-fold,0.9112694649923484,0.7619201920192018,,,,fundusavseg,reliseg,last,tortuosity,skan,runs/pivot/e4/fold0/reliseg_s1/pred/bio.csv;runs/pivot/e4/fold1/reliseg_s1/pred/bio.csv;runs/pivot/e4/fold2/reliseg_s1/pred/bio.csv;runs/pivot/e4/fold3/reliseg_s1/pred/bio.csv;runs/pivot/e4/fold4/reliseg_s1/pred/bio.csv,results/pivot/e4_gt_fundusavseg.csv,"per outer fold: 1.4826*MAD of the reference-mask biomarkers of that fold's 80 TRAINING images, applied to its 20 held-out images (results/pivot/e4_gt_fundusavseg.csv); no Gate A train scale exists for Fundus-AVSeg (DECISIONS 2026-09-17 13:30 (4))"
per_fold,0,20,0.00816865754849448,0.8953595684104657,0.7984962406015037,0.04780925410195865,0.7100384712944868,0.5188467014330345,fundusavseg,reliseg,last,tortuosity,skan,runs/pivot/e4/fold0/reliseg/pred/bio.csv,results/pivot/e4_gt_fundusavseg.csv,"per outer fold: 1.4826*MAD of the reference-mask biomarkers of that fold's 80 TRAINING images, applied to its 20 held-out images (results/pivot/e4_gt_fundusavseg.csv); no Gate A train scale exists for Fundus-AVSeg (DECISIONS 2026-09-17 13:30 (4))"
per_fold,1,20,0.008075659217801139,0.8196208601627483,0.7593984962406014,0.03811053864505024,0.8068915563218599,0.5536913252689243,fundusavseg,reliseg,last,tortuosity,skan,runs/pivot/e4/fold1/reliseg/pred/bio.csv,results/pivot/e4_gt_fundusavseg.csv,"per outer fold: 1.4826*MAD of the reference-mask biomarkers of that fold's 80 TRAINING images, applied to its 20 held-out images (results/pivot/e4_gt_fundusavseg.csv); no Gate A train scale exists for Fundus-AVSeg (DECISIONS 2026-09-17 13:30 (4))"
per_fold,2,20,0.007912233835284697,0.9566775516489132,0.8180451127819548,0.13159732749244796,0.6239726121397005,0.4586005675536458,fundusavseg,reliseg,last,tortuosity,skan,runs/pivot/e4/fold2/reliseg/pred/bio.csv,results/pivot/e4_gt_fundusavseg.csv,"per outer fold: 1.4826*MAD of the reference-mask biomarkers of that fold's 80 TRAINING images, applied to its 20 held-out images (results/pivot/e4_gt_fundusavseg.csv); no Gate A train scale exists for Fundus-AVSeg (DECISIONS 2026-09-17 13:30 (4))"
per_fold,3,20,0.00896684971019265,0.9550549800757111,0.6,-0.06824811127559047,0.6655105925291767,0.4971383041319296,fundusavseg,reliseg,last,tortuosity,skan,runs/pivot/e4/fold3/reliseg/pred/bio.csv,results/pivot/e4_gt_fundusavseg.csv,"per outer fold: 1.4826*MAD of the reference-mask biomarkers of that fold's 80 TRAINING images, applied to its 20 held-out images (results/pivot/e4_gt_fundusavseg.csv); no Gate A train scale exists for Fundus-AVSeg (DECISIONS 2026-09-17 13:30 (4))"
per_fold,4,20,0.007870612957589203,0.7483327719720915,0.7639097744360903,0.07562378176891646,0.7337713670181653,0.48729944651900253,fundusavseg,reliseg,last,tortuosity,skan,runs/pivot/e4/fold4/reliseg/pred/bio.csv,results/pivot/e4_gt_fundusavseg.csv,"per outer fold: 1.4826*MAD of the reference-mask biomarkers of that fold's 80 TRAINING images, applied to its 20 held-out images (results/pivot/e4_gt_fundusavseg.csv); no Gate A train scale exists for Fundus-AVSeg (DECISIONS 2026-09-17 13:30 (4))"
oof_pooled,all,100,per-fold,0.9397804050932396,0.9362584346229798,-0.1407474334609037,0.37471622071430843,0.3010347112029737,fundusavseg,baseline,base_best,density,pvbm,runs/pivot/e4/fold0/base/pred/bio.csv;runs/pivot/e4/fold1/base/pred/bio.csv;runs/pivot/e4/fold2/base/pred/bio.csv;runs/pivot/e4/fold3/base/pred/bio.csv;runs/pivot/e4/fold4/base/pred/bio.csv,results/pivot/e4_gt_fundusavseg.csv,"per outer fold: 1.4826*MAD of the reference-mask biomarkers of that fold's 80 TRAINING images, applied to its 20 held-out images (results/pivot/e4_gt_fundusavseg.csv); no Gate A train scale exists for Fundus-AVSeg (DECISIONS 2026-09-17 13:30 (4))"
class_adjusted,all,100,per-fold,0.938860116460778,0.9322620229925638,,,,fundusavseg,baseline,base_best,density,pvbm,runs/pivot/e4/fold0/base/pred/bio.csv;runs/pivot/e4/fold1/base/pred/bio.csv;runs/pivot/e4/fold2/base/pred/bio.csv;runs/pivot/e4/fold3/base/pred/bio.csv;runs/pivot/e4/fold4/base/pred/bio.csv,results/pivot/e4_gt_fundusavseg.csv,"per outer fold: 1.4826*MAD of the reference-mask biomarkers of that fold's 80 TRAINING images, applied to its 20 held-out images (results/pivot/e4_gt_fundusavseg.csv); no Gate A train scale exists for Fundus-AVSeg (DECISIONS 2026-09-17 13:30 (4))"
per_fold,0,20,0.0089939844779173,0.9515644289431139,0.8887218045112781,-0.11823920390471561,0.33543213406513955,0.2863462419020568,fundusavseg,baseline,base_best,density,pvbm,runs/pivot/e4/fold0/base/pred/bio.csv,results/pivot/e4_gt_fundusavseg.csv,"per outer fold: 1.4826*MAD of the reference-mask biomarkers of that fold's 80 TRAINING images, applied to its 20 held-out images (results/pivot/e4_gt_fundusavseg.csv); no Gate A train scale exists for Fundus-AVSeg (DECISIONS 2026-09-17 13:30 (4))"
per_fold,1,20,0.008190823966324565,0.9230512958881578,0.9022556390977443,-0.09181175654270429,0.3749267181960277,0.2926691225333079,fundusavseg,baseline,base_best,density,pvbm,runs/pivot/e4/fold1/base/pred/bio.csv,results/pivot/e4_gt_fundusavseg.csv,"per outer fold: 1.4826*MAD of the reference-mask biomarkers of that fold's 80 TRAINING images, applied to its 20 held-out images (results/pivot/e4_gt_fundusavseg.csv); no Gate A train scale exists for Fundus-AVSeg (DECISIONS 2026-09-17 13:30 (4))"
per_fold,2,20,0.00868457864470709,0.9244449056486091,0.9067669172932331,-0.25855187995027673,0.458453322067309,0.3665539561016444,fundusavseg,baseline,base_best,density,pvbm,runs/pivot/e4/fold2/base/pred/bio.csv,results/pivot/e4_gt_fundusavseg.csv,"per outer fold: 1.4826*MAD of the reference-mask biomarkers of that fold's 80 TRAINING images, applied to its 20 held-out images (results/pivot/e4_gt_fundusavseg.csv); no Gate A train scale exists for Fundus-AVSeg (DECISIONS 2026-09-17 13:30 (4))"
per_fold,3,20,0.008675713993148806,0.8786215748974965,0.8992481203007519,-0.1257111511874005,0.43395741245557135,0.3331874627182569,fundusavseg,baseline,base_best,density,pvbm,runs/pivot/e4/fold3/base/pred/bio.csv,results/pivot/e4_gt_fundusavseg.csv,"per outer fold: 1.4826*MAD of the reference-mask biomarkers of that fold's 80 TRAINING images, applied to its 20 held-out images (results/pivot/e4_gt_fundusavseg.csv); no Gate A train scale exists for Fundus-AVSeg (DECISIONS 2026-09-17 13:30 (4))"
per_fold,4,20,0.008346740305810157,0.9849485655879221,0.9699248120300751,-0.10942317571942124,0.24719484741866637,0.22641677275960242,fundusavseg,baseline,base_best,density,pvbm,runs/pivot/e4/fold4/base/pred/bio.csv,results/pivot/e4_gt_fundusavseg.csv,"per outer fold: 1.4826*MAD of the reference-mask biomarkers of that fold's 80 TRAINING images, applied to its 20 held-out images (results/pivot/e4_gt_fundusavseg.csv); no Gate A train scale exists for Fundus-AVSeg (DECISIONS 2026-09-17 13:30 (4))"
oof_pooled,all,100,per-fold,0.9409082156644797,0.9381486293130411,-0.024008719518672367,0.3713616223589012,0.29416368587507596,fundusavseg,continued,last,density,pvbm,runs/pivot/e4/fold0/continued_s1/pred/bio.csv;runs/pivot/e4/fold1/continued_s1/pred/bio.csv;runs/pivot/e4/fold2/continued_s1/pred/bio.csv;runs/pivot/e4/fold3/continued_s1/pred/bio.csv;runs/pivot/e4/fold4/continued_s1/pred/bio.csv,results/pivot/e4_gt_fundusavseg.csv,"per outer fold: 1.4826*MAD of the reference-mask biomarkers of that fold's 80 TRAINING images, applied to its 20 held-out images (results/pivot/e4_gt_fundusavseg.csv); no Gate A train scale exists for Fundus-AVSeg (DECISIONS 2026-09-17 13:30 (4))"
class_adjusted,all,100,per-fold,0.9404778100621656,0.9300897992535089,,,,fundusavseg,continued,last,density,pvbm,runs/pivot/e4/fold0/continued_s1/pred/bio.csv;runs/pivot/e4/fold1/continued_s1/pred/bio.csv;runs/pivot/e4/fold2/continued_s1/pred/bio.csv;runs/pivot/e4/fold3/continued_s1/pred/bio.csv;runs/pivot/e4/fold4/continued_s1/pred/bio.csv,results/pivot/e4_gt_fundusavseg.csv,"per outer fold: 1.4826*MAD of the reference-mask biomarkers of that fold's 80 TRAINING images, applied to its 20 held-out images (results/pivot/e4_gt_fundusavseg.csv); no Gate A train scale exists for Fundus-AVSeg (DECISIONS 2026-09-17 13:30 (4))"
per_fold,0,20,0.0089939844779173,0.9496824952134265,0.8781954887218045,-0.0845232867385873,0.33182477036163127,0.2702567420899287,fundusavseg,continued,last,density,pvbm,runs/pivot/e4/fold0/continued/pred/bio.csv,results/pivot/e4_gt_fundusavseg.csv,"per outer fold: 1.4826*MAD of the reference-mask biomarkers of that fold's 80 TRAINING images, applied to its 20 held-out images (results/pivot/e4_gt_fundusavseg.csv); no Gate A train scale exists for Fundus-AVSeg (DECISIONS 2026-09-17 13:30 (4))"
per_fold,1,20,0.008190823966324565,0.9249011012265835,0.9067669172932331,-0.003863800119952456,0.37127757805028244,0.27510290419979033,fundusavseg,continued,last,density,pvbm,runs/pivot/e4/fold1/continued/pred/bio.csv,results/pivot/e4_gt_fundusavseg.csv,"per outer fold: 1.4826*MAD of the reference-mask biomarkers of that fold's 80 TRAINING images, applied to its 20 held-out images (results/pivot/e4_gt_fundusavseg.csv); no Gate A train scale exists for Fundus-AVSeg (DECISIONS 2026-09-17 13:30 (4))"
per_fold,2,20,0.00868457864470709,0.928965769945174,0.9218045112781955,-0.02720612047181172,0.4514741158752292,0.3547419526647799,fundusavseg,continued,last,density,pvbm,runs/pivot/e4/fold2/continued/pred/bio.csv,results/pivot/e4_gt_fundusavseg.csv,"per outer fold: 1.4826*MAD of the reference-mask biomarkers of that fold's 80 TRAINING images, applied to its 20 held-out images (results/pivot/e4_gt_fundusavseg.csv); no Gate A train scale exists for Fundus-AVSeg (DECISIONS 2026-09-17 13:30 (4))"
per_fold,3,20,0.008675713993148806,0.8727334875604702,0.8857142857142858,0.0030159655092460392,0.4503615727607373,0.36190233819505147,fundusavseg,continued,last,density,pvbm,runs/pivot/e4/fold3/continued/pred/bio.csv,results/pivot/e4_gt_fundusavseg.csv,"per outer fold: 1.4826*MAD of the reference-mask biomarkers of that fold's 80 TRAINING images, applied to its 20 held-out images (results/pivot/e4_gt_fundusavseg.csv); no Gate A train scale exists for Fundus-AVSeg (DECISIONS 2026-09-17 13:30 (4))"
per_fold,4,20,0.008346740305810157,0.9859398491451161,0.9669172932330825,-0.007466355772256382,0.24212019210580338,0.2088144922258294,fundusavseg,continued,last,density,pvbm,runs/pivot/e4/fold4/continued/pred/bio.csv,results/pivot/e4_gt_fundusavseg.csv,"per outer fold: 1.4826*MAD of the reference-mask biomarkers of that fold's 80 TRAINING images, applied to its 20 held-out images (results/pivot/e4_gt_fundusavseg.csv); no Gate A train scale exists for Fundus-AVSeg (DECISIONS 2026-09-17 13:30 (4))"
oof_pooled,all,100,per-fold,0.9372758191780867,0.9313139253385011,-0.009308338644707148,0.3789349458867653,0.3014254897163626,fundusavseg,reliseg,last,density,pvbm,runs/pivot/e4/fold0/reliseg_s1/pred/bio.csv;runs/pivot/e4/fold1/reliseg_s1/pred/bio.csv;runs/pivot/e4/fold2/reliseg_s1/pred/bio.csv;runs/pivot/e4/fold3/reliseg_s1/pred/bio.csv;runs/pivot/e4/fold4/reliseg_s1/pred/bio.csv,results/pivot/e4_gt_fundusavseg.csv,"per outer fold: 1.4826*MAD of the reference-mask biomarkers of that fold's 80 TRAINING images, applied to its 20 held-out images (results/pivot/e4_gt_fundusavseg.csv); no Gate A train scale exists for Fundus-AVSeg (DECISIONS 2026-09-17 13:30 (4))"
class_adjusted,all,100,per-fold,0.9359317732495188,0.9237771490505094,,,,fundusavseg,reliseg,last,density,pvbm,runs/pivot/e4/fold0/reliseg_s1/pred/bio.csv;runs/pivot/e4/fold1/reliseg_s1/pred/bio.csv;runs/pivot/e4/fold2/reliseg_s1/pred/bio.csv;runs/pivot/e4/fold3/reliseg_s1/pred/bio.csv;runs/pivot/e4/fold4/reliseg_s1/pred/bio.csv,results/pivot/e4_gt_fundusavseg.csv,"per outer fold: 1.4826*MAD of the reference-mask biomarkers of that fold's 80 TRAINING images, applied to its 20 held-out images (results/pivot/e4_gt_fundusavseg.csv); no Gate A train scale exists for Fundus-AVSeg (DECISIONS 2026-09-17 13:30 (4))"
per_fold,0,20,0.0089939844779173,0.9491478605570672,0.8812030075187969,-0.04958198411101851,0.3273765253144903,0.27141022381780755,fundusavseg,reliseg,last,density,pvbm,runs/pivot/e4/fold0/reliseg/pred/bio.csv,results/pivot/e4_gt_fundusavseg.csv,"per outer fold: 1.4826*MAD of the reference-mask biomarkers of that fold's 80 TRAINING images, applied to its 20 held-out images (results/pivot/e4_gt_fundusavseg.csv); no Gate A train scale exists for Fundus-AVSeg (DECISIONS 2026-09-17 13:30 (4))"
per_fold,1,20,0.008190823966324565,0.9203502855814579,0.882706766917293,-0.01612283305823834,0.36706855722064463,0.26981100670152014,fundusavseg,reliseg,last,density,pvbm,runs/pivot/e4/fold1/reliseg/pred/bio.csv,results/pivot/e4_gt_fundusavseg.csv,"per outer fold: 1.4826*MAD of the reference-mask biomarkers of that fold's 80 TRAINING images, applied to its 20 held-out images (results/pivot/e4_gt_fundusavseg.csv); no Gate A train scale exists for Fundus-AVSeg (DECISIONS 2026-09-17 13:30 (4))"
per_fold,2,20,0.00868457864470709,0.9242930845881044,0.9127819548872179,-0.04456529063364597,0.46134413447857225,0.3654896621249111,fundusavseg,reliseg,last,density,pvbm,runs/pivot/e4/fold2/reliseg/pred/bio.csv,results/pivot/e4_gt_fundusavseg.csv,"per outer fold: 1.4826*MAD of the reference-mask biomarkers of that fold's 80 TRAINING images, applied to its 20 held-out images (results/pivot/e4_gt_fundusavseg.csv); no Gate A train scale exists for Fundus-AVSeg (DECISIONS 2026-09-17 13:30 (4))"
per_fold,3,20,0.008675713993148806,0.8625336224213429,0.882706766917293,0.03611134315794773,0.4641676035587,0.37865578093313246,fundusavseg,reliseg,last,density,pvbm,runs/pivot/e4/fold3/reliseg/pred/bio.csv,results/pivot/e4_gt_fundusavseg.csv,"per outer fold: 1.4826*MAD of the reference-mask biomarkers of that fold's 80 TRAINING images, applied to its 20 held-out images (results/pivot/e4_gt_fundusavseg.csv); no Gate A train scale exists for Fundus-AVSeg (DECISIONS 2026-09-17 13:30 (4))"
per_fold,4,20,0.008346740305810157,0.9830358680224589,0.9578947368421054,0.027617071421419365,0.2670433363876038,0.22176077500444222,fundusavseg,reliseg,last,density,pvbm,runs/pivot/e4/fold4/reliseg/pred/bio.csv,results/pivot/e4_gt_fundusavseg.csv,"per outer fold: 1.4826*MAD of the reference-mask biomarkers of that fold's 80 TRAINING images, applied to its 20 held-out images (results/pivot/e4_gt_fundusavseg.csv); no Gate A train scale exists for Fundus-AVSeg (DECISIONS 2026-09-17 13:30 (4))"
oof_pooled,all,100,per-fold,0.9397804050932396,0.9362584346229798,-0.1407474334609037,0.37471622071430843,0.3010347112029737,fundusavseg,baseline,base_best,density,skan,runs/pivot/e4/fold0/base/pred/bio.csv;runs/pivot/e4/fold1/base/pred/bio.csv;runs/pivot/e4/fold2/base/pred/bio.csv;runs/pivot/e4/fold3/base/pred/bio.csv;runs/pivot/e4/fold4/base/pred/bio.csv,results/pivot/e4_gt_fundusavseg.csv,"per outer fold: 1.4826*MAD of the reference-mask biomarkers of that fold's 80 TRAINING images, applied to its 20 held-out images (results/pivot/e4_gt_fundusavseg.csv); no Gate A train scale exists for Fundus-AVSeg (DECISIONS 2026-09-17 13:30 (4))"
class_adjusted,all,100,per-fold,0.938860116460778,0.9322620229925638,,,,fundusavseg,baseline,base_best,density,skan,runs/pivot/e4/fold0/base/pred/bio.csv;runs/pivot/e4/fold1/base/pred/bio.csv;runs/pivot/e4/fold2/base/pred/bio.csv;runs/pivot/e4/fold3/base/pred/bio.csv;runs/pivot/e4/fold4/base/pred/bio.csv,results/pivot/e4_gt_fundusavseg.csv,"per outer fold: 1.4826*MAD of the reference-mask biomarkers of that fold's 80 TRAINING images, applied to its 20 held-out images (results/pivot/e4_gt_fundusavseg.csv); no Gate A train scale exists for Fundus-AVSeg (DECISIONS 2026-09-17 13:30 (4))"
per_fold,0,20,0.0089939844779173,0.9515644289431139,0.8887218045112781,-0.11823920390471561,0.33543213406513955,0.2863462419020568,fundusavseg,baseline,base_best,density,skan,runs/pivot/e4/fold0/base/pred/bio.csv,results/pivot/e4_gt_fundusavseg.csv,"per outer fold: 1.4826*MAD of the reference-mask biomarkers of that fold's 80 TRAINING images, applied to its 20 held-out images (results/pivot/e4_gt_fundusavseg.csv); no Gate A train scale exists for Fundus-AVSeg (DECISIONS 2026-09-17 13:30 (4))"
per_fold,1,20,0.008190823966324565,0.9230512958881578,0.9022556390977443,-0.09181175654270429,0.3749267181960277,0.2926691225333079,fundusavseg,baseline,base_best,density,skan,runs/pivot/e4/fold1/base/pred/bio.csv,results/pivot/e4_gt_fundusavseg.csv,"per outer fold: 1.4826*MAD of the reference-mask biomarkers of that fold's 80 TRAINING images, applied to its 20 held-out images (results/pivot/e4_gt_fundusavseg.csv); no Gate A train scale exists for Fundus-AVSeg (DECISIONS 2026-09-17 13:30 (4))"
per_fold,2,20,0.00868457864470709,0.9244449056486091,0.9067669172932331,-0.25855187995027673,0.458453322067309,0.3665539561016444,fundusavseg,baseline,base_best,density,skan,runs/pivot/e4/fold2/base/pred/bio.csv,results/pivot/e4_gt_fundusavseg.csv,"per outer fold: 1.4826*MAD of the reference-mask biomarkers of that fold's 80 TRAINING images, applied to its 20 held-out images (results/pivot/e4_gt_fundusavseg.csv); no Gate A train scale exists for Fundus-AVSeg (DECISIONS 2026-09-17 13:30 (4))"
per_fold,3,20,0.008675713993148806,0.8786215748974965,0.8992481203007519,-0.1257111511874005,0.43395741245557135,0.3331874627182569,fundusavseg,baseline,base_best,density,skan,runs/pivot/e4/fold3/base/pred/bio.csv,results/pivot/e4_gt_fundusavseg.csv,"per outer fold: 1.4826*MAD of the reference-mask biomarkers of that fold's 80 TRAINING images, applied to its 20 held-out images (results/pivot/e4_gt_fundusavseg.csv); no Gate A train scale exists for Fundus-AVSeg (DECISIONS 2026-09-17 13:30 (4))"
per_fold,4,20,0.008346740305810157,0.9849485655879221,0.9699248120300751,-0.10942317571942124,0.24719484741866637,0.22641677275960242,fundusavseg,baseline,base_best,density,skan,runs/pivot/e4/fold4/base/pred/bio.csv,results/pivot/e4_gt_fundusavseg.csv,"per outer fold: 1.4826*MAD of the reference-mask biomarkers of that fold's 80 TRAINING images, applied to its 20 held-out images (results/pivot/e4_gt_fundusavseg.csv); no Gate A train scale exists for Fundus-AVSeg (DECISIONS 2026-09-17 13:30 (4))"
oof_pooled,all,100,per-fold,0.9409082156644797,0.9381486293130411,-0.024008719518672367,0.3713616223589012,0.29416368587507596,fundusavseg,continued,last,density,skan,runs/pivot/e4/fold0/continued_s1/pred/bio.csv;runs/pivot/e4/fold1/continued_s1/pred/bio.csv;runs/pivot/e4/fold2/continued_s1/pred/bio.csv;runs/pivot/e4/fold3/continued_s1/pred/bio.csv;runs/pivot/e4/fold4/continued_s1/pred/bio.csv,results/pivot/e4_gt_fundusavseg.csv,"per outer fold: 1.4826*MAD of the reference-mask biomarkers of that fold's 80 TRAINING images, applied to its 20 held-out images (results/pivot/e4_gt_fundusavseg.csv); no Gate A train scale exists for Fundus-AVSeg (DECISIONS 2026-09-17 13:30 (4))"
class_adjusted,all,100,per-fold,0.9404778100621656,0.9300897992535089,,,,fundusavseg,continued,last,density,skan,runs/pivot/e4/fold0/continued_s1/pred/bio.csv;runs/pivot/e4/fold1/continued_s1/pred/bio.csv;runs/pivot/e4/fold2/continued_s1/pred/bio.csv;runs/pivot/e4/fold3/continued_s1/pred/bio.csv;runs/pivot/e4/fold4/continued_s1/pred/bio.csv,results/pivot/e4_gt_fundusavseg.csv,"per outer fold: 1.4826*MAD of the reference-mask biomarkers of that fold's 80 TRAINING images, applied to its 20 held-out images (results/pivot/e4_gt_fundusavseg.csv); no Gate A train scale exists for Fundus-AVSeg (DECISIONS 2026-09-17 13:30 (4))"
per_fold,0,20,0.0089939844779173,0.9496824952134265,0.8781954887218045,-0.0845232867385873,0.33182477036163127,0.2702567420899287,fundusavseg,continued,last,density,skan,runs/pivot/e4/fold0/continued/pred/bio.csv,results/pivot/e4_gt_fundusavseg.csv,"per outer fold: 1.4826*MAD of the reference-mask biomarkers of that fold's 80 TRAINING images, applied to its 20 held-out images (results/pivot/e4_gt_fundusavseg.csv); no Gate A train scale exists for Fundus-AVSeg (DECISIONS 2026-09-17 13:30 (4))"
per_fold,1,20,0.008190823966324565,0.9249011012265835,0.9067669172932331,-0.003863800119952456,0.37127757805028244,0.27510290419979033,fundusavseg,continued,last,density,skan,runs/pivot/e4/fold1/continued/pred/bio.csv,results/pivot/e4_gt_fundusavseg.csv,"per outer fold: 1.4826*MAD of the reference-mask biomarkers of that fold's 80 TRAINING images, applied to its 20 held-out images (results/pivot/e4_gt_fundusavseg.csv); no Gate A train scale exists for Fundus-AVSeg (DECISIONS 2026-09-17 13:30 (4))"
per_fold,2,20,0.00868457864470709,0.928965769945174,0.9218045112781955,-0.02720612047181172,0.4514741158752292,0.3547419526647799,fundusavseg,continued,last,density,skan,runs/pivot/e4/fold2/continued/pred/bio.csv,results/pivot/e4_gt_fundusavseg.csv,"per outer fold: 1.4826*MAD of the reference-mask biomarkers of that fold's 80 TRAINING images, applied to its 20 held-out images (results/pivot/e4_gt_fundusavseg.csv); no Gate A train scale exists for Fundus-AVSeg (DECISIONS 2026-09-17 13:30 (4))"
per_fold,3,20,0.008675713993148806,0.8727334875604702,0.8857142857142858,0.0030159655092460392,0.4503615727607373,0.36190233819505147,fundusavseg,continued,last,density,skan,runs/pivot/e4/fold3/continued/pred/bio.csv,results/pivot/e4_gt_fundusavseg.csv,"per outer fold: 1.4826*MAD of the reference-mask biomarkers of that fold's 80 TRAINING images, applied to its 20 held-out images (results/pivot/e4_gt_fundusavseg.csv); no Gate A train scale exists for Fundus-AVSeg (DECISIONS 2026-09-17 13:30 (4))"
per_fold,4,20,0.008346740305810157,0.9859398491451161,0.9669172932330825,-0.007466355772256382,0.24212019210580338,0.2088144922258294,fundusavseg,continued,last,density,skan,runs/pivot/e4/fold4/continued/pred/bio.csv,results/pivot/e4_gt_fundusavseg.csv,"per outer fold: 1.4826*MAD of the reference-mask biomarkers of that fold's 80 TRAINING images, applied to its 20 held-out images (results/pivot/e4_gt_fundusavseg.csv); no Gate A train scale exists for Fundus-AVSeg (DECISIONS 2026-09-17 13:30 (4))"
oof_pooled,all,100,per-fold,0.9372758191780867,0.9313139253385011,-0.009308338644707148,0.3789349458867653,0.3014254897163626,fundusavseg,reliseg,last,density,skan,runs/pivot/e4/fold0/reliseg_s1/pred/bio.csv;runs/pivot/e4/fold1/reliseg_s1/pred/bio.csv;runs/pivot/e4/fold2/reliseg_s1/pred/bio.csv;runs/pivot/e4/fold3/reliseg_s1/pred/bio.csv;runs/pivot/e4/fold4/reliseg_s1/pred/bio.csv,results/pivot/e4_gt_fundusavseg.csv,"per outer fold: 1.4826*MAD of the reference-mask biomarkers of that fold's 80 TRAINING images, applied to its 20 held-out images (results/pivot/e4_gt_fundusavseg.csv); no Gate A train scale exists for Fundus-AVSeg (DECISIONS 2026-09-17 13:30 (4))"
class_adjusted,all,100,per-fold,0.9359317732495188,0.9237771490505094,,,,fundusavseg,reliseg,last,density,skan,runs/pivot/e4/fold0/reliseg_s1/pred/bio.csv;runs/pivot/e4/fold1/reliseg_s1/pred/bio.csv;runs/pivot/e4/fold2/reliseg_s1/pred/bio.csv;runs/pivot/e4/fold3/reliseg_s1/pred/bio.csv;runs/pivot/e4/fold4/reliseg_s1/pred/bio.csv,results/pivot/e4_gt_fundusavseg.csv,"per outer fold: 1.4826*MAD of the reference-mask biomarkers of that fold's 80 TRAINING images, applied to its 20 held-out images (results/pivot/e4_gt_fundusavseg.csv); no Gate A train scale exists for Fundus-AVSeg (DECISIONS 2026-09-17 13:30 (4))"
per_fold,0,20,0.0089939844779173,0.9491478605570672,0.8812030075187969,-0.04958198411101851,0.3273765253144903,0.27141022381780755,fundusavseg,reliseg,last,density,skan,runs/pivot/e4/fold0/reliseg/pred/bio.csv,results/pivot/e4_gt_fundusavseg.csv,"per outer fold: 1.4826*MAD of the reference-mask biomarkers of that fold's 80 TRAINING images, applied to its 20 held-out images (results/pivot/e4_gt_fundusavseg.csv); no Gate A train scale exists for Fundus-AVSeg (DECISIONS 2026-09-17 13:30 (4))"
per_fold,1,20,0.008190823966324565,0.9203502855814579,0.882706766917293,-0.01612283305823834,0.36706855722064463,0.26981100670152014,fundusavseg,reliseg,last,density,skan,runs/pivot/e4/fold1/reliseg/pred/bio.csv,results/pivot/e4_gt_fundusavseg.csv,"per outer fold: 1.4826*MAD of the reference-mask biomarkers of that fold's 80 TRAINING images, applied to its 20 held-out images (results/pivot/e4_gt_fundusavseg.csv); no Gate A train scale exists for Fundus-AVSeg (DECISIONS 2026-09-17 13:30 (4))"
per_fold,2,20,0.00868457864470709,0.9242930845881044,0.9127819548872179,-0.04456529063364597,0.46134413447857225,0.3654896621249111,fundusavseg,reliseg,last,density,skan,runs/pivot/e4/fold2/reliseg/pred/bio.csv,results/pivot/e4_gt_fundusavseg.csv,"per outer fold: 1.4826*MAD of the reference-mask biomarkers of that fold's 80 TRAINING images, applied to its 20 held-out images (results/pivot/e4_gt_fundusavseg.csv); no Gate A train scale exists for Fundus-AVSeg (DECISIONS 2026-09-17 13:30 (4))"
per_fold,3,20,0.008675713993148806,0.8625336224213429,0.882706766917293,0.03611134315794773,0.4641676035587,0.37865578093313246,fundusavseg,reliseg,last,density,skan,runs/pivot/e4/fold3/reliseg/pred/bio.csv,results/pivot/e4_gt_fundusavseg.csv,"per outer fold: 1.4826*MAD of the reference-mask biomarkers of that fold's 80 TRAINING images, applied to its 20 held-out images (results/pivot/e4_gt_fundusavseg.csv); no Gate A train scale exists for Fundus-AVSeg (DECISIONS 2026-09-17 13:30 (4))"
per_fold,4,20,0.008346740305810157,0.9830358680224589,0.9578947368421054,0.027617071421419365,0.2670433363876038,0.22176077500444222,fundusavseg,reliseg,last,density,skan,runs/pivot/e4/fold4/reliseg/pred/bio.csv,results/pivot/e4_gt_fundusavseg.csv,"per outer fold: 1.4826*MAD of the reference-mask biomarkers of that fold's 80 TRAINING images, applied to its 20 held-out images (results/pivot/e4_gt_fundusavseg.csv); no Gate A train scale exists for Fundus-AVSeg (DECISIONS 2026-09-17 13:30 (4))"
oof_pooled,all,100,per-fold,0.9882719459415528,0.9645484548454845,-0.5066848531764923,0.6145064318841846,0.5332001774064815,fundusavseg,baseline,base_best,total_length,pvbm,runs/pivot/e4/fold0/base/pred/bio.csv;runs/pivot/e4/fold1/base/pred/bio.csv;runs/pivot/e4/fold2/base/pred/bio.csv;runs/pivot/e4/fold3/base/pred/bio.csv;runs/pivot/e4/fold4/base/pred/bio.csv,results/pivot/e4_gt_fundusavseg.csv,"per outer fold: 1.4826*MAD of the reference-mask biomarkers of that fold's 80 TRAINING images, applied to its 20 held-out images (results/pivot/e4_gt_fundusavseg.csv); no Gate A train scale exists for Fundus-AVSeg (DECISIONS 2026-09-17 13:30 (4))"
class_adjusted,all,100,per-fold,0.9884181568501835,0.9534593459345934,,,,fundusavseg,baseline,base_best,total_length,pvbm,runs/pivot/e4/fold0/base/pred/bio.csv;runs/pivot/e4/fold1/base/pred/bio.csv;runs/pivot/e4/fold2/base/pred/bio.csv;runs/pivot/e4/fold3/base/pred/bio.csv;runs/pivot/e4/fold4/base/pred/bio.csv,results/pivot/e4_gt_fundusavseg.csv,"per outer fold: 1.4826*MAD of the reference-mask biomarkers of that fold's 80 TRAINING images, applied to its 20 held-out images (results/pivot/e4_gt_fundusavseg.csv); no Gate A train scale exists for Fundus-AVSeg (DECISIONS 2026-09-17 13:30 (4))"
per_fold,0,20,2832.1035409537008,0.9901346726815968,0.9909774436090225,-0.4031576121796058,0.44331330723250273,0.40602814510259727,fundusavseg,baseline,base_best,total_length,pvbm,runs/pivot/e4/fold0/base/pred/bio.csv,results/pivot/e4_gt_fundusavseg.csv,"per outer fold: 1.4826*MAD of the reference-mask biomarkers of that fold's 80 TRAINING images, applied to its 20 held-out images (results/pivot/e4_gt_fundusavseg.csv); no Gate A train scale exists for Fundus-AVSeg (DECISIONS 2026-09-17 13:30 (4))"
per_fold,1,20,2470.55238315965,0.9914636777020391,0.9624060150375938,-0.6587483799371625,0.7567091702890887,0.6587483799371625,fundusavseg,baseline,base_best,total_length,pvbm,runs/pivot/e4/fold1/base/pred/bio.csv,results/pivot/e4_gt_fundusavseg.csv,"per outer fold: 1.4826*MAD of the reference-mask biomarkers of that fold's 80 TRAINING images, applied to its 20 held-out images (results/pivot/e4_gt_fundusavseg.csv); no Gate A train scale exists for Fundus-AVSeg (DECISIONS 2026-09-17 13:30 (4))"
per_fold,2,20,2510.2113458918598,0.9791797158078044,0.9774436090225563,-0.4765652414814646,0.5481095093230691,0.5351309884467639,fundusavseg,baseline,base_best,total_length,pvbm,runs/pivot/e4/fold2/base/pred/bio.csv,results/pivot/e4_gt_fundusavseg.csv,"per outer fold: 1.4826*MAD of the reference-mask biomarkers of that fold's 80 TRAINING images, applied to its 20 held-out images (results/pivot/e4_gt_fundusavseg.csv); no Gate A train scale exists for Fundus-AVSeg (DECISIONS 2026-09-17 13:30 (4))"
per_fold,3,20,2615.7477552615387,0.9888179651972341,0.9308270676691727,-0.4287311580537924,0.6821481765454551,0.49707217598610065,fundusavseg,baseline,base_best,total_length,pvbm,runs/pivot/e4/fold3/base/pred/bio.csv,results/pivot/e4_gt_fundusavseg.csv,"per outer fold: 1.4826*MAD of the reference-mask biomarkers of that fold's 80 TRAINING images, applied to its 20 held-out images (results/pivot/e4_gt_fundusavseg.csv); no Gate A train scale exists for Fundus-AVSeg (DECISIONS 2026-09-17 13:30 (4))"
per_fold,4,20,2171.4817980161715,0.9912805757331324,0.9263157894736842,-0.5662218742304365,0.6212878726527132,0.569021197559784,fundusavseg,baseline,base_best,total_length,pvbm,runs/pivot/e4/fold4/base/pred/bio.csv,results/pivot/e4_gt_fundusavseg.csv,"per outer fold: 1.4826*MAD of the reference-mask biomarkers of that fold's 80 TRAINING images, applied to its 20 held-out images (results/pivot/e4_gt_fundusavseg.csv); no Gate A train scale exists for Fundus-AVSeg (DECISIONS 2026-09-17 13:30 (4))"
oof_pooled,all,100,per-fold,0.9881035270967787,0.9617401740174016,-0.4570388029506058,0.5993797539337778,0.49591057873502536,fundusavseg,continued,last,total_length,pvbm,runs/pivot/e4/fold0/continued_s1/pred/bio.csv;runs/pivot/e4/fold1/continued_s1/pred/bio.csv;runs/pivot/e4/fold2/continued_s1/pred/bio.csv;runs/pivot/e4/fold3/continued_s1/pred/bio.csv;runs/pivot/e4/fold4/continued_s1/pred/bio.csv,results/pivot/e4_gt_fundusavseg.csv,"per outer fold: 1.4826*MAD of the reference-mask biomarkers of that fold's 80 TRAINING images, applied to its 20 held-out images (results/pivot/e4_gt_fundusavseg.csv); no Gate A train scale exists for Fundus-AVSeg (DECISIONS 2026-09-17 13:30 (4))"
class_adjusted,all,100,per-fold,0.9881205419197212,0.9523672367236722,,,,fundusavseg,continued,last,total_length,pvbm,runs/pivot/e4/fold0/continued_s1/pred/bio.csv;runs/pivot/e4/fold1/continued_s1/pred/bio.csv;runs/pivot/e4/fold2/continued_s1/pred/bio.csv;runs/pivot/e4/fold3/continued_s1/pred/bio.csv;runs/pivot/e4/fold4/continued_s1/pred/bio.csv,results/pivot/e4_gt_fundusavseg.csv,"per outer fold: 1.4826*MAD of the reference-mask biomarkers of that fold's 80 TRAINING images, applied to its 20 held-out images (results/pivot/e4_gt_fundusavseg.csv); no Gate A train scale exists for Fundus-AVSeg (DECISIONS 2026-09-17 13:30 (4))"
per_fold,0,20,2832.1035409537008,0.990721638519574,0.9909774436090225,-0.4172952649601778,0.4321433376015052,0.41837817196251104,fundusavseg,continued,last,total_length,pvbm,runs/pivot/e4/fold0/continued/pred/bio.csv,results/pivot/e4_gt_fundusavseg.csv,"per outer fold: 1.4826*MAD of the reference-mask biomarkers of that fold's 80 TRAINING images, applied to its 20 held-out images (results/pivot/e4_gt_fundusavseg.csv); no Gate A train scale exists for Fundus-AVSeg (DECISIONS 2026-09-17 13:30 (4))"
per_fold,1,20,2470.55238315965,0.9924347277008261,0.9684210526315788,-0.5677277852855284,0.7205461241857525,0.5697267219058357,fundusavseg,continued,last,total_length,pvbm,runs/pivot/e4/fold1/continued/pred/bio.csv,results/pivot/e4_gt_fundusavseg.csv,"per outer fold: 1.4826*MAD of the reference-mask biomarkers of that fold's 80 TRAINING images, applied to its 20 held-out images (results/pivot/e4_gt_fundusavseg.csv); no Gate A train scale exists for Fundus-AVSeg (DECISIONS 2026-09-17 13:30 (4))"
per_fold,2,20,2510.2113458918598,0.9792768268070452,0.9804511278195487,-0.35794223650588275,0.5300053633559274,0.4500862056561147,fundusavseg,continued,last,total_length,pvbm,runs/pivot/e4/fold2/continued/pred/bio.csv,results/pivot/e4_gt_fundusavseg.csv,"per outer fold: 1.4826*MAD of the reference-mask biomarkers of that fold's 80 TRAINING images, applied to its 20 held-out images (results/pivot/e4_gt_fundusavseg.csv); no Gate A train scale exists for Fundus-AVSeg (DECISIONS 2026-09-17 13:30 (4))"
per_fold,3,20,2615.7477552615387,0.9874418442060225,0.9067669172932331,-0.40614010635983055,0.7105673215561751,0.5027008339139407,fundusavseg,continued,last,total_length,pvbm,runs/pivot/e4/fold3/continued/pred/bio.csv,results/pivot/e4_gt_fundusavseg.csv,"per outer fold: 1.4826*MAD of the reference-mask biomarkers of that fold's 80 TRAINING images, applied to its 20 held-out images (results/pivot/e4_gt_fundusavseg.csv); no Gate A train scale exists for Fundus-AVSeg (DECISIONS 2026-09-17 13:30 (4))"
per_fold,4,20,2171.4817980161715,0.9918410315248885,0.9263157894736842,-0.5360886216416093,0.5881885543457374,0.5386609602367244,fundusavseg,continued,last,total_length,pvbm,runs/pivot/e4/fold4/continued/pred/bio.csv,results/pivot/e4_gt_fundusavseg.csv,"per outer fold: 1.4826*MAD of the reference-mask biomarkers of that fold's 80 TRAINING images, applied to its 20 held-out images (results/pivot/e4_gt_fundusavseg.csv); no Gate A train scale exists for Fundus-AVSeg (DECISIONS 2026-09-17 13:30 (4))"
oof_pooled,all,100,per-fold,0.9892678408565528,0.966192619261926,-0.1573223302297222,0.4645436182067878,0.3302876513044076,fundusavseg,reliseg,last,total_length,pvbm,runs/pivot/e4/fold0/reliseg_s1/pred/bio.csv;runs/pivot/e4/fold1/reliseg_s1/pred/bio.csv;runs/pivot/e4/fold2/reliseg_s1/pred/bio.csv;runs/pivot/e4/fold3/reliseg_s1/pred/bio.csv;runs/pivot/e4/fold4/reliseg_s1/pred/bio.csv,results/pivot/e4_gt_fundusavseg.csv,"per outer fold: 1.4826*MAD of the reference-mask biomarkers of that fold's 80 TRAINING images, applied to its 20 held-out images (results/pivot/e4_gt_fundusavseg.csv); no Gate A train scale exists for Fundus-AVSeg (DECISIONS 2026-09-17 13:30 (4))"
class_adjusted,all,100,per-fold,0.9892860527319125,0.9569516951695168,,,,fundusavseg,reliseg,last,total_length,pvbm,runs/pivot/e4/fold0/reliseg_s1/pred/bio.csv;runs/pivot/e4/fold1/reliseg_s1/pred/bio.csv;runs/pivot/e4/fold2/reliseg_s1/pred/bio.csv;runs/pivot/e4/fold3/reliseg_s1/pred/bio.csv;runs/pivot/e4/fold4/reliseg_s1/pred/bio.csv,results/pivot/e4_gt_fundusavseg.csv,"per outer fold: 1.4826*MAD of the reference-mask biomarkers of that fold's 80 TRAINING images, applied to its 20 held-out images (results/pivot/e4_gt_fundusavseg.csv); no Gate A train scale exists for Fundus-AVSeg (DECISIONS 2026-09-17 13:30 (4))"
per_fold,0,20,2832.1035409537008,0.9895769277087391,0.9879699248120299,-0.18784722775197626,0.34047942553131594,0.23365604894293385,fundusavseg,reliseg,last,total_length,pvbm,runs/pivot/e4/fold0/reliseg/pred/bio.csv,results/pivot/e4_gt_fundusavseg.csv,"per outer fold: 1.4826*MAD of the reference-mask biomarkers of that fold's 80 TRAINING images, applied to its 20 held-out images (results/pivot/e4_gt_fundusavseg.csv); no Gate A train scale exists for Fundus-AVSeg (DECISIONS 2026-09-17 13:30 (4))"
per_fold,1,20,2470.55238315965,0.9932254603246548,0.9624060150375938,-0.26628972544493235,0.4888542443138688,0.3525145404462076,fundusavseg,reliseg,last,total_length,pvbm,runs/pivot/e4/fold1/reliseg/pred/bio.csv,results/pivot/e4_gt_fundusavseg.csv,"per outer fold: 1.4826*MAD of the reference-mask biomarkers of that fold's 80 TRAINING images, applied to its 20 held-out images (results/pivot/e4_gt_fundusavseg.csv); no Gate A train scale exists for Fundus-AVSeg (DECISIONS 2026-09-17 13:30 (4))"
per_fold,2,20,2510.2113458918598,0.9877068586724251,0.9744360902255638,-0.0981966032733418,0.4366972703164402,0.36101021031258146,fundusavseg,reliseg,last,total_length,pvbm,runs/pivot/e4/fold2/reliseg/pred/bio.csv,results/pivot/e4_gt_fundusavseg.csv,"per outer fold: 1.4826*MAD of the reference-mask biomarkers of that fold's 80 TRAINING images, applied to its 20 held-out images (results/pivot/e4_gt_fundusavseg.csv); no Gate A train scale exists for Fundus-AVSeg (DECISIONS 2026-09-17 13:30 (4))"
per_fold,3,20,2615.7477552615387,0.986571515574519,0.9263157894736842,-0.07684629465927927,0.5351418821180903,0.36389998382412825,fundusavseg,reliseg,last,total_length,pvbm,runs/pivot/e4/fold3/reliseg/pred/bio.csv,results/pivot/e4_gt_fundusavseg.csv,"per outer fold: 1.4826*MAD of the reference-mask biomarkers of that fold's 80 TRAINING images, applied to its 20 held-out images (results/pivot/e4_gt_fundusavseg.csv); no Gate A train scale exists for Fundus-AVSeg (DECISIONS 2026-09-17 13:30 (4))"
per_fold,4,20,2171.4817980161715,0.9913182565549269,0.9383458646616539,-0.15743180001908147,0.5181436096731854,0.3403574729961868,fundusavseg,reliseg,last,total_length,pvbm,runs/pivot/e4/fold4/reliseg/pred/bio.csv,results/pivot/e4_gt_fundusavseg.csv,"per outer fold: 1.4826*MAD of the reference-mask biomarkers of that fold's 80 TRAINING images, applied to its 20 held-out images (results/pivot/e4_gt_fundusavseg.csv); no Gate A train scale exists for Fundus-AVSeg (DECISIONS 2026-09-17 13:30 (4))"
oof_pooled,all,100,per-fold,0.9868769125143708,0.9671047104710471,-0.3629067835767493,0.6430131883961705,0.4359427143872969,fundusavseg,baseline,base_best,total_length,skan,runs/pivot/e4/fold0/base/pred/bio.csv;runs/pivot/e4/fold1/base/pred/bio.csv;runs/pivot/e4/fold2/base/pred/bio.csv;runs/pivot/e4/fold3/base/pred/bio.csv;runs/pivot/e4/fold4/base/pred/bio.csv,results/pivot/e4_gt_fundusavseg.csv,"per outer fold: 1.4826*MAD of the reference-mask biomarkers of that fold's 80 TRAINING images, applied to its 20 held-out images (results/pivot/e4_gt_fundusavseg.csv); no Gate A train scale exists for Fundus-AVSeg (DECISIONS 2026-09-17 13:30 (4))"
class_adjusted,all,100,per-fold,0.9870407198565337,0.962100210021002,,,,fundusavseg,baseline,base_best,total_length,skan,runs/pivot/e4/fold0/base/pred/bio.csv;runs/pivot/e4/fold1/base/pred/bio.csv;runs/pivot/e4/fold2/base/pred/bio.csv;runs/pivot/e4/fold3/base/pred/bio.csv;runs/pivot/e4/fold4/base/pred/bio.csv,results/pivot/e4_gt_fundusavseg.csv,"per outer fold: 1.4826*MAD of the reference-mask biomarkers of that fold's 80 TRAINING images, applied to its 20 held-out images (results/pivot/e4_gt_fundusavseg.csv); no Gate A train scale exists for Fundus-AVSeg (DECISIONS 2026-09-17 13:30 (4))"
per_fold,0,20,2970.5835693864938,0.9860817527810124,0.9774436090225563,-0.21776408892498375,0.41680681571437495,0.24668209783698458,fundusavseg,baseline,base_best,total_length,skan,runs/pivot/e4/fold0/base/pred/bio.csv,results/pivot/e4_gt_fundusavseg.csv,"per outer fold: 1.4826*MAD of the reference-mask biomarkers of that fold's 80 TRAINING images, applied to its 20 held-out images (results/pivot/e4_gt_fundusavseg.csv); no Gate A train scale exists for Fundus-AVSeg (DECISIONS 2026-09-17 13:30 (4))"
per_fold,1,20,2460.0145846228043,0.992476403138642,0.9624060150375938,-0.5931547160447057,0.8095464176555673,0.6431116313126918,fundusavseg,baseline,base_best,total_length,skan,runs/pivot/e4/fold1/base/pred/bio.csv,results/pivot/e4_gt_fundusavseg.csv,"per outer fold: 1.4826*MAD of the reference-mask biomarkers of that fold's 80 TRAINING images, applied to its 20 held-out images (results/pivot/e4_gt_fundusavseg.csv); no Gate A train scale exists for Fundus-AVSeg (DECISIONS 2026-09-17 13:30 (4))"
per_fold,2,20,2496.681496735919,0.9860243447155094,0.9729323308270676,-0.3355430812377579,0.4870172974308708,0.42551185650385753,fundusavseg,baseline,base_best,total_length,skan,runs/pivot/e4/fold2/base/pred/bio.csv,results/pivot/e4_gt_fundusavseg.csv,"per outer fold: 1.4826*MAD of the reference-mask biomarkers of that fold's 80 TRAINING images, applied to its 20 held-out images (results/pivot/e4_gt_fundusavseg.csv); no Gate A train scale exists for Fundus-AVSeg (DECISIONS 2026-09-17 13:30 (4))"
per_fold,3,20,2819.62552626606,0.9856670538170498,0.9037593984962405,-0.2796234571455075,0.6863556274322726,0.4316140330700714,fundusavseg,baseline,base_best,total_length,skan,runs/pivot/e4/fold3/base/pred/bio.csv,results/pivot/e4_gt_fundusavseg.csv,"per outer fold: 1.4826*MAD of the reference-mask biomarkers of that fold's 80 TRAINING images, applied to its 20 held-out images (results/pivot/e4_gt_fundusavseg.csv); no Gate A train scale exists for Fundus-AVSeg (DECISIONS 2026-09-17 13:30 (4))"
per_fold,4,20,2244.871140391015,0.9869881772380831,0.9503759398496241,-0.38844857453079207,0.7281871260078475,0.43279395321287933,fundusavseg,baseline,base_best,total_length,skan,runs/pivot/e4/fold4/base/pred/bio.csv,results/pivot/e4_gt_fundusavseg.csv,"per outer fold: 1.4826*MAD of the reference-mask biomarkers of that fold's 80 TRAINING images, applied to its 20 held-out images (results/pivot/e4_gt_fundusavseg.csv); no Gate A train scale exists for Fundus-AVSeg (DECISIONS 2026-09-17 13:30 (4))"
oof_pooled,all,100,per-fold,0.9871006762685283,0.9607800780078007,-0.32888820786440237,0.6281425670151629,0.4201882677050196,fundusavseg,continued,last,total_length,skan,runs/pivot/e4/fold0/continued_s1/pred/bio.csv;runs/pivot/e4/fold1/continued_s1/pred/bio.csv;runs/pivot/e4/fold2/continued_s1/pred/bio.csv;runs/pivot/e4/fold3/continued_s1/pred/bio.csv;runs/pivot/e4/fold4/continued_s1/pred/bio.csv,results/pivot/e4_gt_fundusavseg.csv,"per outer fold: 1.4826*MAD of the reference-mask biomarkers of that fold's 80 TRAINING images, applied to its 20 held-out images (results/pivot/e4_gt_fundusavseg.csv); no Gate A train scale exists for Fundus-AVSeg (DECISIONS 2026-09-17 13:30 (4))"
class_adjusted,all,100,per-fold,0.987145454302283,0.9600960096009601,,,,fundusavseg,continued,last,total_length,skan,runs/pivot/e4/fold0/continued_s1/pred/bio.csv;runs/pivot/e4/fold1/continued_s1/pred/bio.csv;runs/pivot/e4/fold2/continued_s1/pred/bio.csv;runs/pivot/e4/fold3/continued_s1/pred/bio.csv;runs/pivot/e4/fold4/continued_s1/pred/bio.csv,results/pivot/e4_gt_fundusavseg.csv,"per outer fold: 1.4826*MAD of the reference-mask biomarkers of that fold's 80 TRAINING images, applied to its 20 held-out images (results/pivot/e4_gt_fundusavseg.csv); no Gate A train scale exists for Fundus-AVSeg (DECISIONS 2026-09-17 13:30 (4))"
per_fold,0,20,2970.5835693864938,0.9861090705734903,0.9819548872180449,-0.2606171819420677,0.4159533876806239,0.27906702845933695,fundusavseg,continued,last,total_length,skan,runs/pivot/e4/fold0/continued/pred/bio.csv,results/pivot/e4_gt_fundusavseg.csv,"per outer fold: 1.4826*MAD of the reference-mask biomarkers of that fold's 80 TRAINING images, applied to its 20 held-out images (results/pivot/e4_gt_fundusavseg.csv); no Gate A train scale exists for Fundus-AVSeg (DECISIONS 2026-09-17 13:30 (4))"
per_fold,1,20,2460.0145846228043,0.9933738621895752,0.9609022556390976,-0.4772535669635394,0.7585735883421859,0.5634850445336947,fundusavseg,continued,last,total_length,skan,runs/pivot/e4/fold1/continued/pred/bio.csv,results/pivot/e4_gt_fundusavseg.csv,"per outer fold: 1.4826*MAD of the reference-mask biomarkers of that fold's 80 TRAINING images, applied to its 20 held-out images (results/pivot/e4_gt_fundusavseg.csv); no Gate A train scale exists for Fundus-AVSeg (DECISIONS 2026-09-17 13:30 (4))"
per_fold,2,20,2496.681496735919,0.9861690042799296,0.9729323308270676,-0.22883415434565801,0.46656258443692095,0.370087336455429,fundusavseg,continued,last,total_length,skan,runs/pivot/e4/fold2/continued/pred/bio.csv,results/pivot/e4_gt_fundusavseg.csv,"per outer fold: 1.4826*MAD of the reference-mask biomarkers of that fold's 80 TRAINING images, applied to its 20 held-out images (results/pivot/e4_gt_fundusavseg.csv); no Gate A train scale exists for Fundus-AVSeg (DECISIONS 2026-09-17 13:30 (4))"
per_fold,3,20,2819.62552626606,0.9852573232524657,0.9037593984962405,-0.27461863241202356,0.7065405390115427,0.44185388208742526,fundusavseg,continued,last,total_length,skan,runs/pivot/e4/fold3/continued/pred/bio.csv,results/pivot/e4_gt_fundusavseg.csv,"per outer fold: 1.4826*MAD of the reference-mask biomarkers of that fold's 80 TRAINING images, applied to its 20 held-out images (results/pivot/e4_gt_fundusavseg.csv); no Gate A train scale exists for Fundus-AVSeg (DECISIONS 2026-09-17 13:30 (4))"
per_fold,4,20,2244.871140391015,0.9866521021329503,0.9338345864661652,-0.4031175036587231,0.7369091517140696,0.4464480469892121,fundusavseg,continued,last,total_length,skan,runs/pivot/e4/fold4/continued/pred/bio.csv,results/pivot/e4_gt_fundusavseg.csv,"per outer fold: 1.4826*MAD of the reference-mask biomarkers of that fold's 80 TRAINING images, applied to its 20 held-out images (results/pivot/e4_gt_fundusavseg.csv); no Gate A train scale exists for Fundus-AVSeg (DECISIONS 2026-09-17 13:30 (4))"
oof_pooled,all,100,per-fold,0.9872369603871701,0.9656645664566456,0.12877752722507124,0.5509553690829999,0.3739873326596214,fundusavseg,reliseg,last,total_length,skan,runs/pivot/e4/fold0/reliseg_s1/pred/bio.csv;runs/pivot/e4/fold1/reliseg_s1/pred/bio.csv;runs/pivot/e4/fold2/reliseg_s1/pred/bio.csv;runs/pivot/e4/fold3/reliseg_s1/pred/bio.csv;runs/pivot/e4/fold4/reliseg_s1/pred/bio.csv,results/pivot/e4_gt_fundusavseg.csv,"per outer fold: 1.4826*MAD of the reference-mask biomarkers of that fold's 80 TRAINING images, applied to its 20 held-out images (results/pivot/e4_gt_fundusavseg.csv); no Gate A train scale exists for Fundus-AVSeg (DECISIONS 2026-09-17 13:30 (4))"
class_adjusted,all,100,per-fold,0.9873322080504221,0.9683528352835282,,,,fundusavseg,reliseg,last,total_length,skan,runs/pivot/e4/fold0/reliseg_s1/pred/bio.csv;runs/pivot/e4/fold1/reliseg_s1/pred/bio.csv;runs/pivot/e4/fold2/reliseg_s1/pred/bio.csv;runs/pivot/e4/fold3/reliseg_s1/pred/bio.csv;runs/pivot/e4/fold4/reliseg_s1/pred/bio.csv,results/pivot/e4_gt_fundusavseg.csv,"per outer fold: 1.4826*MAD of the reference-mask biomarkers of that fold's 80 TRAINING images, applied to its 20 held-out images (results/pivot/e4_gt_fundusavseg.csv); no Gate A train scale exists for Fundus-AVSeg (DECISIONS 2026-09-17 13:30 (4))"
per_fold,0,20,2970.5835693864938,0.9824394019778832,0.9834586466165413,0.0785442535939361,0.4782977707700718,0.26518856984145683,fundusavseg,reliseg,last,total_length,skan,runs/pivot/e4/fold0/reliseg/pred/bio.csv,results/pivot/e4_gt_fundusavseg.csv,"per outer fold: 1.4826*MAD of the reference-mask biomarkers of that fold's 80 TRAINING images, applied to its 20 held-out images (results/pivot/e4_gt_fundusavseg.csv); no Gate A train scale exists for Fundus-AVSeg (DECISIONS 2026-09-17 13:30 (4))"
per_fold,1,20,2460.0145846228043,0.9938069339998283,0.9654135338345864,0.004232449271473089,0.4459340145640355,0.337697866573627,fundusavseg,reliseg,last,total_length,skan,runs/pivot/e4/fold1/reliseg/pred/bio.csv,results/pivot/e4_gt_fundusavseg.csv,"per outer fold: 1.4826*MAD of the reference-mask biomarkers of that fold's 80 TRAINING images, applied to its 20 held-out images (results/pivot/e4_gt_fundusavseg.csv); no Gate A train scale exists for Fundus-AVSeg (DECISIONS 2026-09-17 13:30 (4))"
per_fold,2,20,2496.681496735919,0.9942274703792501,0.9759398496240601,0.14139812928744439,0.421043790856819,0.3447468712358734,fundusavseg,reliseg,last,total_length,skan,runs/pivot/e4/fold2/reliseg/pred/bio.csv,results/pivot/e4_gt_fundusavseg.csv,"per outer fold: 1.4826*MAD of the reference-mask biomarkers of that fold's 80 TRAINING images, applied to its 20 held-out images (results/pivot/e4_gt_fundusavseg.csv); no Gate A train scale exists for Fundus-AVSeg (DECISIONS 2026-09-17 13:30 (4))"
per_fold,3,20,2819.62552626606,0.9831589654782489,0.9172932330827066,0.2316680662365501,0.6038737721306703,0.4319294897868232,fundusavseg,reliseg,last,total_length,skan,runs/pivot/e4/fold3/reliseg/pred/bio.csv,results/pivot/e4_gt_fundusavseg.csv,"per outer fold: 1.4826*MAD of the reference-mask biomarkers of that fold's 80 TRAINING images, applied to its 20 held-out images (results/pivot/e4_gt_fundusavseg.csv); no Gate A train scale exists for Fundus-AVSeg (DECISIONS 2026-09-17 13:30 (4))"
per_fold,4,20,2244.871140391015,0.985664830846737,0.9413533834586465,0.18804473773595262,0.7603318913163017,0.4903738658603264,fundusavseg,reliseg,last,total_length,skan,runs/pivot/e4/fold4/reliseg/pred/bio.csv,results/pivot/e4_gt_fundusavseg.csv,"per outer fold: 1.4826*MAD of the reference-mask biomarkers of that fold's 80 TRAINING images, applied to its 20 held-out images (results/pivot/e4_gt_fundusavseg.csv); no Gate A train scale exists for Fundus-AVSeg (DECISIONS 2026-09-17 13:30 (4))"
