endpoint,dataset,target,config,reference,seed,checkpoint,biomarker,pipeline,value,lo,hi,margin_value,margin,flag,source
delta_r,fundusavseg,fundusavseg,reliseg,continued,oof,last,tortuosity,pvbm,-0.8044839258062083,-1.0510812322016645,-0.5492077851110052,-0.05,pre-registered (DECISIONS 2026-09-17 13:30): tortuosity/density delta-r >= -0.05,BREACH,runs/pivot/e4/fold0/reliseg_s1/pred/bio.csv;runs/pivot/e4/fold1/reliseg_s1/pred/bio.csv;runs/pivot/e4/fold2/reliseg_s1/pred/bio.csv;runs/pivot/e4/fold3/reliseg_s1/pred/bio.csv;runs/pivot/e4/fold4/reliseg_s1/pred/bio.csv
delta_bias_sigma,fundusavseg,fundusavseg,reliseg,continued,oof,last,tortuosity,pvbm,1.808709543471244,,,0.25,pre-registered (DECISIONS 2026-09-17 13:30): |delta bias| <= 0.25 sigma,BREACH,runs/pivot/e4/fold0/reliseg_s1/pred/bio.csv;runs/pivot/e4/fold1/reliseg_s1/pred/bio.csv;runs/pivot/e4/fold2/reliseg_s1/pred/bio.csv;runs/pivot/e4/fold3/reliseg_s1/pred/bio.csv;runs/pivot/e4/fold4/reliseg_s1/pred/bio.csv
delta_r,fundusavseg,fundusavseg,reliseg,baseline,oof,last,tortuosity,pvbm,-0.7936944517919302,-1.0434508511680651,-0.5352210414889432,-0.05,pre-registered (DECISIONS 2026-09-17 13:30): tortuosity/density delta-r >= -0.05,BREACH,runs/pivot/e4/fold0/reliseg_s1/pred/bio.csv;runs/pivot/e4/fold1/reliseg_s1/pred/bio.csv;runs/pivot/e4/fold2/reliseg_s1/pred/bio.csv;runs/pivot/e4/fold3/reliseg_s1/pred/bio.csv;runs/pivot/e4/fold4/reliseg_s1/pred/bio.csv
delta_bias_sigma,fundusavseg,fundusavseg,reliseg,baseline,oof,last,tortuosity,pvbm,1.8178765856566903,,,0.25,pre-registered (DECISIONS 2026-09-17 13:30): |delta bias| <= 0.25 sigma,BREACH,runs/pivot/e4/fold0/reliseg_s1/pred/bio.csv;runs/pivot/e4/fold1/reliseg_s1/pred/bio.csv;runs/pivot/e4/fold2/reliseg_s1/pred/bio.csv;runs/pivot/e4/fold3/reliseg_s1/pred/bio.csv;runs/pivot/e4/fold4/reliseg_s1/pred/bio.csv
delta_r,fundusavseg,fundusavseg,continued,baseline,oof,last,tortuosity,pvbm,0.0107894740142781,-0.01528294833518334,0.04119099144052095,-0.05,pre-registered (DECISIONS 2026-09-17 13:30): tortuosity/density delta-r >= -0.05,ok,runs/pivot/e4/fold0/continued_s1/pred/bio.csv;runs/pivot/e4/fold1/continued_s1/pred/bio.csv;runs/pivot/e4/fold2/continued_s1/pred/bio.csv;runs/pivot/e4/fold3/continued_s1/pred/bio.csv;runs/pivot/e4/fold4/continued_s1/pred/bio.csv
delta_bias_sigma,fundusavseg,fundusavseg,continued,baseline,oof,last,tortuosity,pvbm,0.009167042185446228,,,0.25,pre-registered (DECISIONS 2026-09-17 13:30): |delta bias| <= 0.25 sigma,ok,runs/pivot/e4/fold0/continued_s1/pred/bio.csv;runs/pivot/e4/fold1/continued_s1/pred/bio.csv;runs/pivot/e4/fold2/continued_s1/pred/bio.csv;runs/pivot/e4/fold3/continued_s1/pred/bio.csv;runs/pivot/e4/fold4/continued_s1/pred/bio.csv
delta_r,fundusavseg,fundusavseg,reliseg,continued,oof,last,tortuosity,skan,-0.055432669144955926,-0.10929478415816064,-0.027943096175449735,-0.05,pre-registered (DECISIONS 2026-09-17 13:30): tortuosity/density delta-r >= -0.05,BREACH,runs/pivot/e4/fold0/reliseg_s1/pred/bio.csv;runs/pivot/e4/fold1/reliseg_s1/pred/bio.csv;runs/pivot/e4/fold2/reliseg_s1/pred/bio.csv;runs/pivot/e4/fold3/reliseg_s1/pred/bio.csv;runs/pivot/e4/fold4/reliseg_s1/pred/bio.csv
delta_bias_sigma,fundusavseg,fundusavseg,reliseg,continued,oof,last,tortuosity,skan,0.1446539873326961,,,0.25,pre-registered (DECISIONS 2026-09-17 13:30): |delta bias| <= 0.25 sigma,ok,runs/pivot/e4/fold0/reliseg_s1/pred/bio.csv;runs/pivot/e4/fold1/reliseg_s1/pred/bio.csv;runs/pivot/e4/fold2/reliseg_s1/pred/bio.csv;runs/pivot/e4/fold3/reliseg_s1/pred/bio.csv;runs/pivot/e4/fold4/reliseg_s1/pred/bio.csv
delta_r,fundusavseg,fundusavseg,reliseg,baseline,oof,last,tortuosity,skan,-0.053979932687734156,-0.10754929759894333,-0.026222892898736746,-0.05,pre-registered (DECISIONS 2026-09-17 13:30): tortuosity/density delta-r >= -0.05,BREACH,runs/pivot/e4/fold0/reliseg_s1/pred/bio.csv;runs/pivot/e4/fold1/reliseg_s1/pred/bio.csv;runs/pivot/e4/fold2/reliseg_s1/pred/bio.csv;runs/pivot/e4/fold3/reliseg_s1/pred/bio.csv;runs/pivot/e4/fold4/reliseg_s1/pred/bio.csv
delta_bias_sigma,fundusavseg,fundusavseg,reliseg,baseline,oof,last,tortuosity,skan,0.1737649826831104,,,0.25,pre-registered (DECISIONS 2026-09-17 13:30): |delta bias| <= 0.25 sigma,ok,runs/pivot/e4/fold0/reliseg_s1/pred/bio.csv;runs/pivot/e4/fold1/reliseg_s1/pred/bio.csv;runs/pivot/e4/fold2/reliseg_s1/pred/bio.csv;runs/pivot/e4/fold3/reliseg_s1/pred/bio.csv;runs/pivot/e4/fold4/reliseg_s1/pred/bio.csv
delta_r,fundusavseg,fundusavseg,continued,baseline,oof,last,tortuosity,skan,0.0014527364572217705,-0.003009598844630673,0.00639873532773099,-0.05,pre-registered (DECISIONS 2026-09-17 13:30): tortuosity/density delta-r >= -0.05,ok,runs/pivot/e4/fold0/continued_s1/pred/bio.csv;runs/pivot/e4/fold1/continued_s1/pred/bio.csv;runs/pivot/e4/fold2/continued_s1/pred/bio.csv;runs/pivot/e4/fold3/continued_s1/pred/bio.csv;runs/pivot/e4/fold4/continued_s1/pred/bio.csv
delta_bias_sigma,fundusavseg,fundusavseg,continued,baseline,oof,last,tortuosity,skan,0.029110995350414295,,,0.25,pre-registered (DECISIONS 2026-09-17 13:30): |delta bias| <= 0.25 sigma,ok,runs/pivot/e4/fold0/continued_s1/pred/bio.csv;runs/pivot/e4/fold1/continued_s1/pred/bio.csv;runs/pivot/e4/fold2/continued_s1/pred/bio.csv;runs/pivot/e4/fold3/continued_s1/pred/bio.csv;runs/pivot/e4/fold4/continued_s1/pred/bio.csv
delta_r,fundusavseg,fundusavseg,reliseg,continued,oof,last,density,pvbm,-0.003632396486393019,-0.00794786382475542,7.394647287167658e-05,-0.05,pre-registered (DECISIONS 2026-09-17 13:30): tortuosity/density delta-r >= -0.05,ok,runs/pivot/e4/fold0/reliseg_s1/pred/bio.csv;runs/pivot/e4/fold1/reliseg_s1/pred/bio.csv;runs/pivot/e4/fold2/reliseg_s1/pred/bio.csv;runs/pivot/e4/fold3/reliseg_s1/pred/bio.csv;runs/pivot/e4/fold4/reliseg_s1/pred/bio.csv
delta_bias_sigma,fundusavseg,fundusavseg,reliseg,continued,oof,last,density,pvbm,0.014700380873965219,,,0.25,pre-registered (DECISIONS 2026-09-17 13:30): |delta bias| <= 0.25 sigma,ok,runs/pivot/e4/fold0/reliseg_s1/pred/bio.csv;runs/pivot/e4/fold1/reliseg_s1/pred/bio.csv;runs/pivot/e4/fold2/reliseg_s1/pred/bio.csv;runs/pivot/e4/fold3/reliseg_s1/pred/bio.csv;runs/pivot/e4/fold4/reliseg_s1/pred/bio.csv
delta_r,fundusavseg,fundusavseg,reliseg,baseline,oof,last,density,pvbm,-0.0025045859151529015,-0.008206107453060154,0.0027610472054742886,-0.05,pre-registered (DECISIONS 2026-09-17 13:30): tortuosity/density delta-r >= -0.05,ok,runs/pivot/e4/fold0/reliseg_s1/pred/bio.csv;runs/pivot/e4/fold1/reliseg_s1/pred/bio.csv;runs/pivot/e4/fold2/reliseg_s1/pred/bio.csv;runs/pivot/e4/fold3/reliseg_s1/pred/bio.csv;runs/pivot/e4/fold4/reliseg_s1/pred/bio.csv
delta_bias_sigma,fundusavseg,fundusavseg,reliseg,baseline,oof,last,density,pvbm,0.13143909481619656,,,0.25,pre-registered (DECISIONS 2026-09-17 13:30): |delta bias| <= 0.25 sigma,ok,runs/pivot/e4/fold0/reliseg_s1/pred/bio.csv;runs/pivot/e4/fold1/reliseg_s1/pred/bio.csv;runs/pivot/e4/fold2/reliseg_s1/pred/bio.csv;runs/pivot/e4/fold3/reliseg_s1/pred/bio.csv;runs/pivot/e4/fold4/reliseg_s1/pred/bio.csv
delta_r,fundusavseg,fundusavseg,continued,baseline,oof,last,density,pvbm,0.0011278105712401176,-0.0044791287522986225,0.00745832763219616,-0.05,pre-registered (DECISIONS 2026-09-17 13:30): tortuosity/density delta-r >= -0.05,ok,runs/pivot/e4/fold0/continued_s1/pred/bio.csv;runs/pivot/e4/fold1/continued_s1/pred/bio.csv;runs/pivot/e4/fold2/continued_s1/pred/bio.csv;runs/pivot/e4/fold3/continued_s1/pred/bio.csv;runs/pivot/e4/fold4/continued_s1/pred/bio.csv
delta_bias_sigma,fundusavseg,fundusavseg,continued,baseline,oof,last,density,pvbm,0.11673871394223134,,,0.25,pre-registered (DECISIONS 2026-09-17 13:30): |delta bias| <= 0.25 sigma,ok,runs/pivot/e4/fold0/continued_s1/pred/bio.csv;runs/pivot/e4/fold1/continued_s1/pred/bio.csv;runs/pivot/e4/fold2/continued_s1/pred/bio.csv;runs/pivot/e4/fold3/continued_s1/pred/bio.csv;runs/pivot/e4/fold4/continued_s1/pred/bio.csv
delta_r,fundusavseg,fundusavseg,reliseg,continued,oof,last,density,skan,-0.003632396486393019,-0.00794786382475542,7.394647287167658e-05,-0.05,pre-registered (DECISIONS 2026-09-17 13:30): tortuosity/density delta-r >= -0.05,ok,runs/pivot/e4/fold0/reliseg_s1/pred/bio.csv;runs/pivot/e4/fold1/reliseg_s1/pred/bio.csv;runs/pivot/e4/fold2/reliseg_s1/pred/bio.csv;runs/pivot/e4/fold3/reliseg_s1/pred/bio.csv;runs/pivot/e4/fold4/reliseg_s1/pred/bio.csv
delta_bias_sigma,fundusavseg,fundusavseg,reliseg,continued,oof,last,density,skan,0.014700380873965219,,,0.25,pre-registered (DECISIONS 2026-09-17 13:30): |delta bias| <= 0.25 sigma,ok,runs/pivot/e4/fold0/reliseg_s1/pred/bio.csv;runs/pivot/e4/fold1/reliseg_s1/pred/bio.csv;runs/pivot/e4/fold2/reliseg_s1/pred/bio.csv;runs/pivot/e4/fold3/reliseg_s1/pred/bio.csv;runs/pivot/e4/fold4/reliseg_s1/pred/bio.csv
delta_r,fundusavseg,fundusavseg,reliseg,baseline,oof,last,density,skan,-0.0025045859151529015,-0.008206107453060154,0.0027610472054742886,-0.05,pre-registered (DECISIONS 2026-09-17 13:30): tortuosity/density delta-r >= -0.05,ok,runs/pivot/e4/fold0/reliseg_s1/pred/bio.csv;runs/pivot/e4/fold1/reliseg_s1/pred/bio.csv;runs/pivot/e4/fold2/reliseg_s1/pred/bio.csv;runs/pivot/e4/fold3/reliseg_s1/pred/bio.csv;runs/pivot/e4/fold4/reliseg_s1/pred/bio.csv
delta_bias_sigma,fundusavseg,fundusavseg,reliseg,baseline,oof,last,density,skan,0.13143909481619656,,,0.25,pre-registered (DECISIONS 2026-09-17 13:30): |delta bias| <= 0.25 sigma,ok,runs/pivot/e4/fold0/reliseg_s1/pred/bio.csv;runs/pivot/e4/fold1/reliseg_s1/pred/bio.csv;runs/pivot/e4/fold2/reliseg_s1/pred/bio.csv;runs/pivot/e4/fold3/reliseg_s1/pred/bio.csv;runs/pivot/e4/fold4/reliseg_s1/pred/bio.csv
delta_r,fundusavseg,fundusavseg,continued,baseline,oof,last,density,skan,0.0011278105712401176,-0.0044791287522986225,0.00745832763219616,-0.05,pre-registered (DECISIONS 2026-09-17 13:30): tortuosity/density delta-r >= -0.05,ok,runs/pivot/e4/fold0/continued_s1/pred/bio.csv;runs/pivot/e4/fold1/continued_s1/pred/bio.csv;runs/pivot/e4/fold2/continued_s1/pred/bio.csv;runs/pivot/e4/fold3/continued_s1/pred/bio.csv;runs/pivot/e4/fold4/continued_s1/pred/bio.csv
delta_bias_sigma,fundusavseg,fundusavseg,continued,baseline,oof,last,density,skan,0.11673871394223134,,,0.25,pre-registered (DECISIONS 2026-09-17 13:30): |delta bias| <= 0.25 sigma,ok,runs/pivot/e4/fold0/continued_s1/pred/bio.csv;runs/pivot/e4/fold1/continued_s1/pred/bio.csv;runs/pivot/e4/fold2/continued_s1/pred/bio.csv;runs/pivot/e4/fold3/continued_s1/pred/bio.csv;runs/pivot/e4/fold4/continued_s1/pred/bio.csv
delta_dice,fundusavseg,fundusavseg,continued,baseline,oof,last,pixel,-,-0.00021323599224512102,-0.00045021837330692997,4.6444812138091584e-05,-0.01,pre-registered non-inferiority: the drop may not exceed 0.01 absolute (proposal v4 安全终点; DECISIONS 2026-09-17 13:30),ok,runs/pivot/e4/fold{0..4}/continued/pred/pixel_metrics.csv
delta_cldice,fundusavseg,fundusavseg,continued,baseline,oof,last,pixel,-,0.0013587742494158461,0.0010790180490560697,0.0016301399869237392,-0.01,pre-registered non-inferiority: the drop may not exceed 0.01 absolute (proposal v4 安全终点; DECISIONS 2026-09-17 13:30),ok,runs/pivot/e4/fold{0..4}/continued/pred/pixel_metrics.csv
delta_dice,fundusavseg,fundusavseg,reliseg,baseline,oof,last,pixel,-,-0.0012095396630206678,-0.0015400011426569447,-0.0009037711752967529,-0.01,pre-registered non-inferiority: the drop may not exceed 0.01 absolute (proposal v4 安全终点; DECISIONS 2026-09-17 13:30),ok,runs/pivot/e4/fold{0..4}/reliseg/pred/pixel_metrics.csv
delta_cldice,fundusavseg,fundusavseg,reliseg,baseline,oof,last,pixel,-,6.2445771382335644e-06,-0.0004640429836964653,0.0004895784090464501,-0.01,pre-registered non-inferiority: the drop may not exceed 0.01 absolute (proposal v4 安全终点; DECISIONS 2026-09-17 13:30),ok,runs/pivot/e4/fold{0..4}/reliseg/pred/pixel_metrics.csv
delta_dice,fundusavseg,fundusavseg,reliseg,continued,oof,last,pixel,-,-0.000996303670775547,-0.0012096093051224375,-0.0007944269993539128,-0.01,pre-registered non-inferiority: the drop may not exceed 0.01 absolute (proposal v4 安全终点; DECISIONS 2026-09-17 13:30),ok,runs/pivot/e4/fold{0..4}/reliseg/pred/pixel_metrics.csv
delta_cldice,fundusavseg,fundusavseg,reliseg,continued,oof,last,pixel,-,-0.0013525296722776126,-0.0016360502818886001,-0.001033670881647947,-0.01,pre-registered non-inferiority: the drop may not exceed 0.01 absolute (proposal v4 安全终点; DECISIONS 2026-09-17 13:30),ok,runs/pivot/e4/fold{0..4}/reliseg/pred/pixel_metrics.csv
