dataset,biomarker,source,n,sigma,bias_sigma,mae_sigma,r_pearson,r_spearman
hrf,FD_pvbm,orig,30,0.0191265872248343,-0.9544346375884118,1.0374171513696773,0.44684275786879674,0.36774193548387096
hrf,FD_pvbm,ft_measure,30,0.0191265872248343,-0.5669814042160455,0.7167717138112352,0.5629344926418217,0.5626251390433815
hrf,FD_pvbm,ft_measure_rep1,30,0.0191265872248343,-0.543088279501697,0.6875178280308071,0.6008492368029358,0.5897664071190212
hrf,FD_pvbm,ft_measure_cldice,30,0.0191265872248343,-0.4871398686897035,0.6614709022345091,0.5804255149796723,0.5492769744160179
hrf,FD_pvbm,ft_cfloss,30,0.0191265872248343,-1.2913332142286627,1.2913332142286627,0.5172018008019821,0.4874304783092325
hrf,FD_pvbm,tta8,30,0.0191265872248343,-1.0194046286101193,1.0895391257076785,0.44573280269532234,0.3819799777530589
hrf,FD_skan,orig,30,0.0190610980643877,-1.6268678090884487,1.728898677599296,0.29467572547693044,0.26807563959955505
hrf,FD_skan,ft_measure,30,0.0190610980643877,-1.2203400318122617,1.4083500997337208,0.3702895473053629,0.36551724137931035
hrf,FD_skan,ft_measure_rep1,30,0.0190610980643877,-1.121020542367759,1.3391029754909682,0.3828670218014436,0.3699666295884316
hrf,FD_skan,ft_measure_cldice,30,0.0190610980643877,-0.6263865961411744,0.9697369211173914,0.4655612928105763,0.44382647385984425
hrf,FD_skan,ft_cfloss,30,0.0190610980643877,-2.1199678129482624,2.14352902966779,0.2935820767833315,0.300111234705228
hrf,FD_skan,tta8,30,0.0190610980643877,-1.7197987514708115,1.8107577915233064,0.288748450992008,0.2992213570634038
hrf,tortuosity_pvbm,orig,30,0.0023668667109986,-2.9381563158571087,2.942041345508038,0.7990391755376344,0.7228031145717464
hrf,tortuosity_pvbm,ft_measure,30,0.0023668667109986,1.4654087463427858,2.1495100801486546,0.6296259677113312,0.5434927697441602
hrf,tortuosity_pvbm,ft_measure_rep1,30,0.0023668667109986,1.4735990221679982,2.2359042556884337,0.7183886332540849,0.6151279199110122
hrf,tortuosity_pvbm,ft_measure_cldice,30,0.0023668667109986,11.992216006272226,12.054905166331014,0.021555254251406877,-0.034482758620689655
hrf,tortuosity_pvbm,ft_cfloss,30,0.0023668667109986,-2.837573249553363,2.837573249553363,0.7569978976239865,0.6805339265850945
hrf,tortuosity_pvbm,tta8,30,0.0023668667109986,-2.8692584931769236,2.870814935418278,0.7617952374058692,0.6569521690767519
hrf,tortuosity_skan,orig,30,0.0058124661067053,-2.312696527437772,2.312696527437772,0.6878278216367559,0.8424916573971077
hrf,tortuosity_skan,ft_measure,30,0.0058124661067053,-1.3818144553394787,1.8751406360892218,0.5571576457288789,0.7802002224694105
hrf,tortuosity_skan,ft_measure_rep1,30,0.0058124661067053,-1.3211737046923038,1.6408309768071372,0.7576388331550864,0.8131256952169076
hrf,tortuosity_skan,ft_measure_cldice,30,0.0058124661067053,0.687960741694376,2.222597224164414,0.6336852412609391,0.5862068965517241
hrf,tortuosity_skan,ft_cfloss,30,0.0058124661067053,-2.1554657536884863,2.2113221943190378,0.7132899658379178,0.8197997775305895
hrf,tortuosity_skan,tta8,30,0.0058124661067053,-2.3433434113138887,2.3433434113138887,0.7135805790777426,0.8607341490545051
hrf,density_pvbm,orig,30,0.0156452398763284,0.4306561986443841,0.6590307686298573,0.6583700437366036,0.6738598442714127
hrf,density_pvbm,ft_measure,30,0.0156452398763284,-0.08990828513463048,0.538457692393849,0.6200605090313946,0.6347052280311457
hrf,density_pvbm,ft_measure_rep1,30,0.0156452398763284,-0.03476919224044875,0.5454054100205921,0.6160415579044259,0.6320355951056729
hrf,density_pvbm,ft_measure_cldice,30,0.0156452398763284,0.08290623468060469,0.5579642121436413,0.6282346028453661,0.6302558398220245
hrf,density_pvbm,ft_cfloss,30,0.0156452398763284,-0.04454910670607707,0.5531074723353214,0.6106138259317149,0.6164627363737486
hrf,density_pvbm,tta8,30,0.0156452398763284,0.4151614826028824,0.6528668361466506,0.6547961520810114,0.6858731924360401
hrf,density_skan,orig,30,0.0156452398763284,0.4306561986443841,0.6590307686298573,0.6583700437366036,0.6738598442714127
hrf,density_skan,ft_measure,30,0.0156452398763284,-0.08990828513463048,0.538457692393849,0.6200605090313946,0.6347052280311457
hrf,density_skan,ft_measure_rep1,30,0.0156452398763284,-0.03476919224044875,0.5454054100205921,0.6160415579044259,0.6320355951056729
hrf,density_skan,ft_measure_cldice,30,0.0156452398763284,0.08290623468060469,0.5579642121436413,0.6282346028453661,0.6302558398220245
hrf,density_skan,ft_cfloss,30,0.0156452398763284,-0.04454910670607707,0.5531074723353214,0.6106138259317149,0.6164627363737486
hrf,density_skan,tta8,30,0.0156452398763284,0.4151614826028824,0.6528668361466506,0.6547961520810114,0.6858731924360401
hrf,total_length_pvbm,orig,30,4491.472519245984,-3.09563498297881,3.198720853358259,0.24298255869436694,0.2186874304783092
hrf,total_length_pvbm,ft_measure,30,4491.472519245984,-3.846421803616677,3.846421803616677,0.2482196320294191,0.24671857619577306
hrf,total_length_pvbm,ft_measure_rep1,30,4491.472519245984,-3.6740042094481433,3.6851588368199533,0.22094422392967747,0.2253615127919911
hrf,total_length_pvbm,ft_measure_cldice,30,4491.472519245984,-2.705544995646623,2.7993482764837716,0.3058185351115781,0.307230255839822
hrf,total_length_pvbm,ft_cfloss,30,4491.472519245984,-3.8127192643801435,3.8127192643801435,0.26708860586806216,0.26585094549499444
hrf,total_length_pvbm,tta8,30,4491.472519245984,-3.046035589138504,3.134641345947862,0.2682721808964471,0.24849833147942155
hrf,total_length_skan,orig,30,6456.941750506251,-1.7887443991246834,1.914481089687426,0.3054871842032425,0.3010011123470523
hrf,total_length_skan,ft_measure,30,6456.941750506251,-1.6325352581887975,1.781162998091378,0.3363748752027506,0.29744160177975526
hrf,total_length_skan,ft_measure_rep1,30,6456.941750506251,-1.5024496462971704,1.6743364893728965,0.3594133172760207,0.3196885428253615
hrf,total_length_skan,ft_measure_cldice,30,6456.941750506251,-0.705704955544206,1.092718529986412,0.4589155363656069,0.3913236929922136
hrf,total_length_skan,ft_cfloss,30,6456.941750506251,-2.2872428495857418,2.3084728275140862,0.3159069548405009,0.3147942157953281
hrf,total_length_skan,tta8,30,6456.941750506251,-1.8626542324301358,1.9703412227083836,0.302678389371861,0.3161290322580645
