dataset,image_id,subject_id,view_id,ops,params_json,repair,repaired,error,FD_pvbm,FD_skan,tortuosity_pvbm,tortuosity_skan,density_pvbm,density_skan,total_length_pvbm,total_length_skan,pred_fg_frac,seconds
chasedb1,Image_11L,11,0,color_gain;gaussian_noise,"{""color_gain"": {""gains"": [1.0631047324836065, 1.0513903070206851, 0.908138583350796]}, ""gaussian_noise"": {""sigma_frac"": 0.0392156862745098}}",none,0,,1.493629396569997,1.1336205332440736,1.0928573366444327,1.087535229474163,0.0812574788420843,0.0812574788420843,6947.4994180473395,8075.900571749116,0.0812574788420843,34.467
chasedb1,Image_11L,11,1,gaussian_noise,"{""gaussian_noise"": {""sigma_frac"": 0.0196078431372549}}",none,0,,1.5238730774115343,1.1574576397888203,1.0857957440719208,1.0873585144326483,0.08490573102077677,0.08490573102077677,7856.817310628431,9109.769762882428,0.08490573102077677,19.118
chasedb1,Image_11L,11,2,color_gain,"{""color_gain"": {""gains"": [0.9158455407092093, 1.0094217853288279, 1.0898124860526328]}}",none,0,,1.5426463100297159,1.174654937904903,1.087396985675844,1.0895608059678878,0.08740679060140748,0.08740679060140748,8282.334121295244,9842.778997598416,0.08740679060140748,17.421
chasedb1,Image_11L,11,3,translate;color_gain,"{""translate"": {""dx"": 7, ""dy"": 4}, ""color_gain"": {""gains"": [0.9199647715685005, 1.0815235869969486, 0.96315456346735]}}",none,0,,1.5437112903503443,1.170811824661281,1.0905622246040008,1.0920768355230737,0.08753558768160763,0.08753558768160763,8341.588955291185,9894.903889279445,0.08753558768160763,18.37
chasedb1,Image_11L,11,4,translate;gaussian_blur,"{""translate"": {""dx"": 6, ""dy"": 5}, ""gaussian_blur"": {""sigma"": 1.0}}",none,0,,1.54200547465765,1.1696621465730659,1.0935221344294141,1.087714418256352,0.08787854734865219,0.08787854734865219,8257.51788747932,9817.418607905207,0.08787854734865219,17.185
chasedb1,Image_11L,11,5,gaussian_blur;jpeg,"{""gaussian_blur"": {""sigma"": 2.0}, ""jpeg"": {""quality"": 30}}",none,0,,1.5293111005597708,1.1373215192275714,1.087478501757278,1.087836693898783,0.08616075373249446,0.08616075373249446,7197.854757106666,9004.17474172881,0.08616075373249446,19.202
chasedb1,Image_11L,11,6,jpeg,"{""jpeg"": {""quality"": 50}}",none,0,,1.5310811879422888,1.1598982604641932,1.0950316152580626,1.0874457584654011,0.0853265679921284,0.0853265679921284,8007.72899887386,9351.769762882424,0.0853265679921284,17.804
chasedb1,Image_11L,11,7,translate;gamma,"{""translate"": {""dx"": 5, ""dy"": -2}, ""gamma"": {""gamma"": 1.4}}",none,0,,1.5475134745896835,1.1797496938520955,1.0910191350928544,1.0877421068751725,0.08910211961055357,0.08910211961055357,8279.990975544739,10122.371926710981,0.08910211961055357,19.185
chasedb1,Image_11R,11,0,gaussian_noise,"{""gaussian_noise"": {""sigma_frac"": 0.0392156862745098}}",none,0,,1.5171400801650106,1.1519076147053204,1.0907801389397451,1.0955412078741271,0.08737743167308111,0.08737743167308111,7184.445594178173,8746.339171929125,0.08737743167308111,20.812
chasedb1,Image_11R,11,1,gamma,"{""gamma"": {""gamma"": 1.4}}",none,0,,1.543164879709793,1.1786887853983434,1.0936123397625213,1.0993656881399234,0.09386089292010834,0.09386089292010834,8691.640687119288,10089.977915684138,0.09386089292010834,16.598
chasedb1,Image_11R,11,2,translate,"{""translate"": {""dx"": -7, ""dy"": 7}}",none,0,,1.5379453544251387,1.1860548206740118,1.090247905257285,1.0967775542842593,0.09271004478854854,0.09271004478854854,8636.699561622336,9954.438810440734,0.09271004478854854,14.926
chasedb1,Image_11R,11,3,vignette,"{""vignette"": {""strength"": 0.3128843389566765}}",none,0,,1.5302208560118802,1.1766564713809362,1.0881896027099223,1.1004171816195505,0.09257800484646606,0.09257800484646606,8499.38585312335,9760.343356011232,0.09257800484646606,15.899
chasedb1,Image_11R,11,4,gamma,"{""gamma"": {""gamma"": 0.7}}",none,0,,1.5310779430664174,1.1764106837934167,1.0859931829829332,1.1267617516789528,0.09257500393869146,0.09257500393869146,8165.893429074174,9574.348406645116,0.09257500393869146,19.911
chasedb1,Image_11R,11,5,sharpen;color_gain,"{""sharpen"": {""amount"": 0.7493493389497928}, ""color_gain"": {""gains"": [0.9786443973960148, 0.9474540409067918, 1.0619692766308124]}}",none,0,,1.5420878515365202,1.18419711683189,1.0919195023018726,1.0994998404202585,0.09376786477909568,0.09376786477909568,8817.723948239976,10217.605332682106,0.09376786477909568,17.403
chasedb1,Image_11R,11,6,downsample_upsample,"{""downsample_upsample"": {""scale"": 0.75}}",none,0,,1.5348035037526604,1.1810701413483191,1.0941418952592217,1.1424576070604877,0.09339125085338315,0.09339125085338315,8711.125968493528,9964.823586751587,0.09339125085338315,16.151
chasedb1,Image_11R,11,7,gaussian_blur,"{""gaussian_blur"": {""sigma"": 1.0}}",none,0,,1.533449634440839,1.1842270687627048,1.0914227312933777,1.1050718798401484,0.09406945601044316,0.09406945601044316,8628.072144624366,9981.024596878362,0.09406945601044316,21.633
chasedb1,Image_12L,12,0,gaussian_blur;vignette,"{""gaussian_blur"": {""sigma"": 2.0}, ""vignette"": {""strength"": 0.24759774132446202}}",none,0,,1.5757660832607452,1.2007288385972656,1.0926021779868258,1.0987652886328947,0.1279182864685751,0.1279182864685751,10753.482533042135,12103.582171553746,0.1279182864685751,18.798
chasedb1,Image_12L,12,1,gaussian_blur;color_gain,"{""gaussian_blur"": {""sigma"": 2.0}, ""color_gain"": {""gains"": [1.0579865941175886, 0.9408937067183498, 0.9949860824347518]}}",none,0,,1.5750053682990406,1.2012285073967628,1.0932677661901595,1.099200586920687,0.12802702841487468,0.12802702841487468,10784.908939913328,12120.481666490356,0.12802702841487468,20.093
chasedb1,Image_12L,12,2,jpeg,"{""jpeg"": {""quality"": 50}}",none,0,,1.5625433914643196,1.205379047008438,1.0955200239921243,1.102861173001348,0.11780830607233152,0.11780830607233152,10065.953529066499,11320.751652387946,0.11780830607233152,19.619
chasedb1,Image_12L,12,3,downsample_upsample,"{""downsample_upsample"": {""scale"": 0.5}}",none,0,,1.5719606932653882,1.2182778974259165,1.0963755553427377,1.1093261415891669,0.1247813833787935,0.1247813833787935,10662.796241541117,11986.535490359518,0.1247813833787935,19.649
chasedb1,Image_12L,12,4,sharpen;color_gain,"{""sharpen"": {""amount"": 0.6110374526125855}, ""color_gain"": {""gains"": [0.9341222306460883, 0.9287095596315333, 0.966918048912787]}}",none,0,,1.568985813213235,1.2148432815805643,1.0919525430115284,1.1638046234287611,0.12232411745338444,0.12232411745338444,10433.901797238388,11869.180151300192,0.12232411745338444,19.223
chasedb1,Image_12L,12,5,color_gain,"{""color_gain"": {""gains"": [1.0620737539148497, 1.0864291331400273, 0.9815634949025596]}}",none,0,,1.5706776740167587,1.214998270340717,1.0997523037755093,1.1646290613351205,0.12312457900253429,0.12312457900253429,10374.14443792551,11824.138520739849,0.12312457900253429,17.599
chasedb1,Image_12L,12,6,translate,"{""translate"": {""dx"": -1, ""dy"": 2}}",none,0,,1.5724396602125321,1.2158005388289974,1.0956810039580716,1.1640105482997538,0.12366375781960315,0.12366375781960315,10381.75966161466,11913.109083488325,0.12366375781960315,17.703
chasedb1,Image_12L,12,7,sharpen;vignette,"{""sharpen"": {""amount"": 0.7175087689130681}, ""vignette"": {""strength"": 0.3468319601287433}}",none,0,,1.5705694315210268,1.2177386631433298,1.09844000542415,1.1022499500500562,0.12176983558821841,0.12176983558821841,10492.428709172971,11903.464422547655,0.12176983558821841,19.687
chasedb1,Image_12R,12,0,translate;gaussian_noise,"{""translate"": {""dx"": -7, ""dy"": -4}, ""gaussian_noise"": {""sigma_frac"": 0.0392156862745098}}",none,0,,1.5676032703342924,1.2082076712329035,1.095299761881025,1.1088186642392899,0.11691293058576814,0.11691293058576814,10065.688593802794,11667.753744429,0.11691293058576814,17.906
chasedb1,Image_12R,12,1,sharpen;vignette,"{""sharpen"": {""amount"": 0.4039847204980349}, ""vignette"": {""strength"": 0.35456670883986935}}",none,0,,1.5845034629022174,1.2212954881641542,1.0973209192933657,1.107505176452386,0.12034889143627375,0.12034889143627375,10591.70792978655,12802.811752380268,0.12034889143627375,19.014
chasedb1,Image_12R,12,2,color_gain;gamma,"{""color_gain"": {""gains"": [1.0256042588280239, 1.0540817144887482, 0.9742165540226214]}, ""gamma"": {""gamma"": 0.7}}",none,0,,1.5816116482177944,1.2189392606928864,1.0994470176522262,1.1100758770609205,0.1188069212647465,0.1188069212647465,10602.891695970622,12633.92950138636,0.1188069212647465,20.835
chasedb1,Image_12R,12,3,gaussian_blur;gamma,"{""gaussian_blur"": {""sigma"": 2.0}, ""gamma"": {""gamma"": 1.4}}",none,0,,1.586612630467793,1.2233867024219427,1.0890311661264842,1.1059254207378075,0.12675746990525533,0.12675746990525533,11484.847106817453,12963.564061059267,0.12675746990525533,20.64
chasedb1,Image_12R,12,4,jpeg,"{""jpeg"": {""quality"": 30}}",none,0,,1.5742833291175808,1.2083916965693935,1.089090995601543,1.107413540325283,0.11700920969891716,0.11700920969891716,9585.088522015292,12039.979141173415,0.11700920969891716,17.932
chasedb1,Image_12R,12,5,sharpen;vignette,"{""sharpen"": {""amount"": 0.7658060636208719}, ""vignette"": {""strength"": 0.2668554011194553}}",none,0,,1.584611825723668,1.2272948851489702,1.0982939363862647,1.1085276262767572,0.1199697924282495,0.1199697924282495,10670.448045156729,12829.882820192133,0.1199697924282495,20.518
chasedb1,Image_12R,12,6,jpeg,"{""jpeg"": {""quality"": 30}}",none,0,,1.5742833291175808,1.2083916965693935,1.089090995601543,1.107413540325283,0.11700920969891716,0.11700920969891716,9585.088522015292,12039.979141173415,0.11700920969891716,17.863
chasedb1,Image_12R,12,7,gamma;vignette,"{""gamma"": {""gamma"": 0.7}, ""vignette"": {""strength"": 0.3425308764691353}}",none,0,,1.5827833982749646,1.2199714775191217,1.1004133051361122,1.1096081635016024,0.11937406541563994,0.11937406541563994,10431.151580600446,12664.343714948733,0.11937406541563994,18.888
chasedb1,Image_13L,13,0,gamma;jpeg,"{""gamma"": {""gamma"": 0.7}, ""jpeg"": {""quality"": 50}}",none,0,,1.544097109988506,1.177370697512458,1.0879204897430537,1.0876967119108423,0.0950057639765084,0.0950057639765084,8136.586863250134,9836.77899759842,0.0950057639765084,17.994
chasedb1,Image_13L,13,1,vignette;gaussian_noise,"{""vignette"": {""strength"": 0.3075707125535845}, ""gaussian_noise"": {""sigma_frac"": 0.0392156862745098}}",none,0,,1.5409680192173347,1.1806033191592962,1.0913542615651437,1.0877537781670328,0.09257460643084287,0.09257460643084287,8111.746242816567,9676.173875177037,0.09257460643084287,18.283
chasedb1,Image_13L,13,2,gamma;jpeg,"{""gamma"": {""gamma"": 1.4}, ""jpeg"": {""quality"": 30}}",none,0,,1.5539632301603477,1.1859444010994635,1.0887373441631678,1.0840134557825614,0.09301787286574019,0.09301787286574019,7966.283256018915,10135.45100374956,0.09301787286574019,17.612
chasedb1,Image_13L,13,3,gaussian_noise,"{""gaussian_noise"": {""sigma_frac"": 0.0196078431372549}}",none,0,,1.5512824838191586,1.1896153621436696,1.0913542615651437,1.0901075014347112,0.0966925969966808,0.0966925969966808,8640.77272147526,10147.359733402162,0.0966925969966808,16.821
chasedb1,Image_13L,13,4,translate,"{""translate"": {""dx"": -5, ""dy"": -2}}",none,0,,1.5505223925677856,1.1909405038821026,1.0893087682826428,1.0887938059804338,0.09800272918992681,0.09800272918992681,8762.797108092902,10408.408506637443,0.09800272918992681,19.806
chasedb1,Image_13L,13,5,gaussian_blur;vignette,"{""gaussian_blur"": {""sigma"": 1.0}, ""vignette"": {""strength"": 0.3732086432825007}}",none,0,,1.5512896885454717,1.1939640823389048,1.0908576853902208,1.0908376190082278,0.09856399829349986,0.09856399829349986,8925.96363033427,10443.349632134396,0.09856399829349986,17.904
chasedb1,Image_13L,13,6,translate;gaussian_blur,"{""translate"": {""dx"": 6, ""dy"": -3}, ""gaussian_blur"": {""sigma"": 1.0}}",none,0,,1.5518311742801842,1.1961356161669,1.0924450809819097,1.0905236166659344,0.09914190879906566,0.09914190879906566,8992.83368801936,10530.018679692708,0.09914190879906566,18.306
chasedb1,Image_13L,13,7,gamma;color_gain,"{""gamma"": {""gamma"": 1.4}, ""color_gain"": {""gains"": [1.0000280058146793, 0.9359694897807316, 0.9325385955794057]}}",none,0,,1.5560441796021216,1.1912648650747542,1.0865350496747113,1.090362871802212,0.09722966042462806,0.09722966042462806,8682.370701221707,10335.710021827603,0.09722966042462806,18.254
chasedb1,Image_13R,13,0,vignette,"{""vignette"": {""strength"": 0.2403606699400226}}",none,0,,1.5661954888154204,1.2082917453142576,1.0877966453495704,1.1052648375290262,0.09861066763919428,0.09861066763919428,8878.667165777984,11073.437943888963,0.09861066763919428,18.522
chasedb1,Image_13R,13,1,gaussian_blur;jpeg,"{""gaussian_blur"": {""sigma"": 1.0}, ""jpeg"": {""quality"": 30}}",none,0,,1.5551869582959081,1.1951851461801462,1.1012066749558975,1.0962128176685788,0.09514830793815572,0.09514830793815572,7752.969547519926,10757.913990547211,0.09514830793815572,18.907
chasedb1,Image_13R,13,2,translate,"{""translate"": {""dx"": 2, ""dy"": 2}}",none,0,,1.566799134266336,1.2108891720149761,1.0934162378054513,1.0979555965425496,0.09897990529961971,0.09897990529961971,8870.21132165527,11170.1364286988,0.09897990529961971,17.196
chasedb1,Image_13R,13,3,translate;gaussian_blur,"{""translate"": {""dx"": -3, ""dy"": 8}, ""gaussian_blur"": {""sigma"": 1.0}}",none,0,,1.5673241227049317,1.2121049804826083,1.0886078528095695,1.1077329827386493,0.10034033422061345,0.10034033422061345,9255.916949140043,11402.273513688648,0.10034033422061345,17.679
chasedb1,Image_13R,13,4,gamma,"{""gamma"": {""gamma"": 1.4}}",none,0,,1.572188471497105,1.212994508169907,1.0883971263877976,1.1067322186038133,0.09917360374443306,0.09917360374443306,8954.537223463074,11178.533398318468,0.09917360374443306,17.621
chasedb1,Image_13R,13,5,jpeg,"{""jpeg"": {""quality"": 50}}",none,0,,1.558338399181498,1.1949176054532387,1.0909745651410736,1.0993642059727853,0.09102918944767191,0.09102918944767191,8328.569619307427,10523.631811340802,0.09102918944767191,17.553
chasedb1,Image_13R,13,6,translate;sharpen,"{""translate"": {""dx"": 3, ""dy"": 1}, ""sharpen"": {""amount"": 0.6549465733791211}}",none,0,,1.5661505002888294,1.2092026654116392,1.0954670670119704,1.109928191404446,0.09805378461035591,0.09805378461035591,8976.649921835284,11145.349632134396,0.09805378461035591,20.255
chasedb1,Image_13R,13,7,gaussian_blur;jpeg,"{""gaussian_blur"": {""sigma"": 2.0}, ""jpeg"": {""quality"": 30}}",none,0,,1.5480173563115758,1.1768969045173951,1.0921923410958903,1.0877147397406663,0.09174345246292112,0.09174345246292112,6513.644512263899,10228.044799413898,0.09174345246292112,19.761
chasedb1,Image_14L,14,0,translate;jpeg,"{""translate"": {""dx"": 5, ""dy"": -5}, ""jpeg"": {""quality"": 30}}",none,0,,1.534156932633979,1.178427520261155,1.090434435751407,1.089768904482797,0.09886801396906165,0.09886801396906165,7779.239533417517,10111.804250767833,0.09886801396906165,20.296
chasedb1,Image_14L,14,1,translate,"{""translate"": {""dx"": -4, ""dy"": 6}}",none,0,,1.551638043025086,1.1971389180864989,1.086398469521198,1.0916112859922011,0.10407490969313668,0.10407490969313668,9220.665073736933,10867.068319479764,0.10407490969313668,18.334
chasedb1,Image_14L,14,2,sharpen;gaussian_blur,"{""sharpen"": {""amount"": 0.5010990226349814}, ""gaussian_blur"": {""sigma"": 1.0}}",none,0,,1.5539593299761594,1.1993196077839479,1.088458459033731,1.091950064560668,0.1045579464039267,0.1045579464039267,9176.020412796257,11074.720123095372,0.1045579464039267,18.007
chasedb1,Image_14L,14,3,translate;gamma,"{""translate"": {""dx"": -6, ""dy"": -6}, ""gamma"": {""gamma"": 0.7}}",none,0,,1.5436234981093895,1.1912376328453589,1.0869032153086091,1.089233770594878,0.10126219592689044,0.10126219592689044,8915.231524190802,10579.575895430587,0.10126219592689044,18.564
chasedb1,Image_14L,14,4,downsample_upsample;translate,"{""downsample_upsample"": {""scale"": 0.5}, ""translate"": {""dx"": 3, ""dy"": -7}}",none,0,,1.5557095763903852,1.1989508217790534,1.0871499740777544,1.0894966443261322,0.1051609922354099,0.1051609922354099,9049.824453303365,11039.67849253503,0.1051609922354099,16.094
chasedb1,Image_14L,14,5,gaussian_blur;gamma,"{""gaussian_blur"": {""sigma"": 2.0}, ""gamma"": {""gamma"": 0.7}}",none,0,,1.5474320932848125,1.182864305008352,1.0921927521520391,1.0884674840212438,0.10409591128925798,0.10409591128925798,8644.709662890104,10603.191119119736,0.10409591128925798,18.85
chasedb1,Image_14L,14,6,color_gain,"{""color_gain"": {""gains"": [1.0775651217149682, 0.9174695020492081, 0.9717805688525231]}}",none,0,,1.54495279687373,1.1964869327170542,1.094825338703703,1.0937500335374466,0.1028088134698237,0.1028088134698237,8948.351365237948,10683.588088739407,0.1028088134698237,19.38
chasedb1,Image_14L,14,7,downsample_upsample,"{""downsample_upsample"": {""scale"": 0.5}}",none,0,,1.5534897172301485,1.198355490978879,1.0876821182717191,1.0922818587193488,0.10494947616018817,0.10494947616018817,9293.731090914916,11029.962763782492,0.10494947616018817,18.714
chasedb1,Image_14R,14,0,downsample_upsample;sharpen,"{""downsample_upsample"": {""scale"": 0.75}, ""sharpen"": {""amount"": 0.7537284110557755}}",none,0,,1.538439233889057,1.1976370756058976,1.0953179874536083,1.099413241758706,0.10061407009650969,0.10061407009650969,8532.983832869797,10231.511970293657,0.10061407009650969,20.217
chasedb1,Image_14R,14,1,gaussian_blur,"{""gaussian_blur"": {""sigma"": 1.0}}",none,0,,1.5421420803169972,1.1938204644867514,1.0896536739750566,1.102435396146987,0.10264434124277387,0.10264434124277387,8736.410239740992,10439.109950040103,0.10264434124277387,18.699
chasedb1,Image_14R,14,2,color_gain,"{""color_gain"": {""gains"": [1.0084979072817541, 1.067380835433173, 0.9560855613178177]}}",none,0,,1.536969162711904,1.1915188955539229,1.0960319541754424,1.1022537024838428,0.10107212829257674,0.10107212829257674,8546.439676992513,10210.05612617094,0.10107212829257674,20.476
chasedb1,Image_14R,14,3,downsample_upsample;gaussian_noise,"{""downsample_upsample"": {""scale"": 0.75}, ""gaussian_noise"": {""sigma_frac"": 0.0392156862745098}}",none,0,,1.5152166729887286,1.1642923067565702,1.0955961010343163,1.0956264149991295,0.09395786469293471,0.09395786469293471,7506.979648787692,9031.772721475256,0.09395786469293471,19.223
chasedb1,Image_14R,14,4,color_gain,"{""color_gain"": {""gains"": [0.9713211409066859, 0.9409304439074393, 0.9779285113546597]}}",none,0,,1.5373686402677438,1.1894638516396205,1.0931258375728479,1.1030675342294904,0.10109631618411823,0.10109631618411823,8553.824453303365,10230.139387291627,0.10109631618411823,17.159
chasedb1,Image_14R,14,5,gaussian_blur,"{""gaussian_blur"": {""sigma"": 1.0}}",none,0,,1.5421420803169972,1.1938204644867514,1.0896536739750566,1.102435396146987,0.10264434124277387,0.10264434124277387,8736.410239740992,10439.109950040103,0.10264434124277387,19.794
chasedb1,Image_14R,14,6,translate;vignette,"{""translate"": {""dx"": 3, ""dy"": -6}, ""vignette"": {""strength"": 0.23117318324776398}}",none,0,,1.537723762696447,1.1941351500196746,1.0985052787756564,1.1021387409606456,0.10040998476162832,0.10040998476162832,8568.7533854915,10189.570844796704,0.10040998476162832,19.798
chasedb1,Image_14R,14,7,translate;gamma,"{""translate"": {""dx"": -5, ""dy"": -8}, ""gamma"": {""gamma"": 0.7}}",none,0,,1.5295098604275212,1.1864268130842819,1.0938926989059778,1.1080094998649288,0.09969644196115425,0.09969644196115425,8404.71680556504,9885.97791568414,0.09969644196115425,18.234
