dataset,biomarker,n,median,mad,sigma,source,resolution
CHASE_DB1,FD_pvbm,20,1.577267184589836,0.012603827058819794,0.018686433997406226,gateA_train_obs1,native
CHASE_DB1,FD_skan,20,1.2342154975334747,0.01576968354236874,0.023380132819915894,gateA_train_obs1,native
CHASE_DB1,density_pvbm,20,0.10918157315414376,0.004250542669156442,0.00630185456129134,gateA_train_obs1,native
CHASE_DB1,density_skan,20,0.10918157315414376,0.004250542669156442,0.00630185456129134,gateA_train_obs1,native
CHASE_DB1,tortuosity_pvbm,20,1.0962863384896635,0.0049455817486100395,0.007332319500489244,gateA_train_obs1,native
CHASE_DB1,tortuosity_skan,20,1.1112537379435348,0.007465219607206142,0.011067934589643825,gateA_train_obs1,native
CHASE_DB1,total_length_pvbm,20,11911.351724175442,889.9457428549476,1319.4335583567454,gateA_train_obs1,native
CHASE_DB1,total_length_skan,20,12642.748260519224,883.2949852598658,1309.573145146277,gateA_train_obs1,native
DRIVE,FD_pvbm,20,1.6767303146021018,0.010996142457040059,0.01630288080680759,gateA_train_obs1,native
DRIVE,FD_skan,20,1.352796794580755,0.0205516230863948,0.030469836387888926,gateA_train_obs1,native
DRIVE,density_pvbm,20,0.1251574394062198,0.009650713125326338,0.014308147279608828,gateA_train_obs1,native
DRIVE,density_skan,20,0.1251574394062198,0.009650713125326338,0.014308147279608828,gateA_train_obs1,native
DRIVE,tortuosity_pvbm,20,1.1245980732005723,0.010834000601261495,0.016062489291430292,gateA_train_obs1,native
DRIVE,tortuosity_skan,20,1.1106641073066577,0.011907314625485776,0.01765378466374521,gateA_train_obs1,native
DRIVE,total_length_pvbm,20,8668.198515601804,807.816846560564,1197.6692567106923,gateA_train_obs1,native
DRIVE,total_length_skan,20,9864.663161164619,909.7220048756963,1348.7538444287072,gateA_train_obs1,native
FIVES,FD_pvbm,120,1.4911742306747808,0.03231366422330906,0.04790823857747801,fives_native_train120_obs1,native
FIVES,FD_skan,120,1.1705376859794825,0.02375908374572777,0.03522521756141599,fives_native_train120_obs1,native
FIVES,density_pvbm,120,0.09743892888245476,0.014086265151688301,0.020884296713893073,fives_native_train120_obs1,native
FIVES,density_skan,120,0.09743892888245476,0.014086265151688301,0.020884296713893073,fives_native_train120_obs1,native
FIVES,tortuosity_pvbm,118,1.0882273793427748,0.0029195132121494494,0.0043284702883327735,fives_native_train120_obs1,native
FIVES,tortuosity_skan,120,1.0884562942474565,0.00556321703129703,0.008248025570600975,fives_native_train120_obs1,native
FIVES,total_length_pvbm,120,23683.7057941991,3884.267565711001,5758.81509292313,fives_native_train120_obs1,native
FIVES,total_length_skan,120,25152.637610641676,3983.309450078488,5905.654590686367,fives_native_train120_obs1,native
HRF,FD_pvbm,15,1.556337929644879,0.012900706343473844,0.019126587224834322,gateA_train_obs1,native
HRF,FD_skan,15,1.2597482244805922,0.012856534509906759,0.019061098064387758,gateA_train_obs1,native
HRF,density_pvbm,15,0.0773757151607941,0.010552569726378302,0.01564523987632847,gateA_train_obs1,native
HRF,density_skan,15,0.0773757151607941,0.010552569726378302,0.01564523987632847,gateA_train_obs1,native
HRF,tortuosity_pvbm,15,1.087467469078328,0.001596429725481352,0.0023668667109986523,gateA_train_obs1,native
HRF,tortuosity_skan,15,1.0962628526165552,0.00392045467874369,0.005812466106705394,gateA_train_obs1,native
HRF,total_length_pvbm,15,71016.51950798118,3029.45671067448,4491.472519245984,gateA_train_obs1,native
HRF,total_length_skan,15,74224.68812226361,4355.147545195097,6456.941750506251,gateA_train_obs1,native
STARE,FD_pvbm,10,1.5933419313012696,0.02322071171699358,0.03442702719161468,stare_train_obs1,native
STARE,FD_skan,10,1.2478800338698406,0.029530656334432193,0.04378215108142917,stare_train_obs1,native
STARE,density_pvbm,10,0.0996551108845396,0.006679466389097798,0.009902976868476394,stare_train_obs1,native
STARE,density_skan,10,0.0996551108845396,0.006679466389097798,0.009902976868476394,stare_train_obs1,native
STARE,tortuosity_pvbm,10,1.1128583089427897,0.004969657215682544,0.007368013787970939,stare_train_obs1,native
STARE,tortuosity_skan,10,1.1090931629276635,0.011285954949605714,0.01673255680828543,stare_train_obs1,native
STARE,total_length_pvbm,10,7539.188234865287,1092.6646096690683,1619.9845502953606,stare_train_obs1,native
STARE,total_length_skan,10,8738.595485221473,1131.4808434849938,1677.5334985508516,stare_train_obs1,native
