dataset,biomarker,n,spearman,passes,source
CHASE_DB1,FD,20,0.9263157894736842,True,gateA_train_obs1
DRIVE,FD,20,0.9248120300751879,True,gateA_train_obs1
FIVES,FD,120,0.9697895687200498,True,fives_native_train120_obs1
HRF,FD,15,0.9607142857142855,True,gateA_train_obs1
STARE,FD,10,0.8060606060606059,True,stare_train_obs1
CHASE_DB1,density,20,1.0,True,gateA_train_obs1
DRIVE,density,20,1.0,True,gateA_train_obs1
FIVES,density,120,1.0,True,fives_native_train120_obs1
HRF,density,15,1.0,True,gateA_train_obs1
STARE,density,10,0.9999999999999999,True,stare_train_obs1
CHASE_DB1,tortuosity,20,0.5804511278195488,False,gateA_train_obs1
DRIVE,tortuosity,20,0.8556390977443609,True,gateA_train_obs1
FIVES,tortuosity,118,0.5385784039821926,False,fives_native_train120_obs1
HRF,tortuosity,15,0.5,False,gateA_train_obs1
STARE,tortuosity,10,0.8787878787878788,True,stare_train_obs1
CHASE_DB1,total_length,20,0.9954887218045112,True,gateA_train_obs1
DRIVE,total_length,20,0.9699248120300751,True,gateA_train_obs1
FIVES,total_length,120,0.9962514692901141,True,fives_native_train120_obs1
HRF,total_length,15,0.9785714285714284,True,gateA_train_obs1
STARE,total_length,10,0.7575757575757575,False,stare_train_obs1
