dataset,biomarker,n,median,mad,sigma
CHASE_DB1,FD_pvbm,56,1.5733461292764916,0.013680189244734908,0.020282248574243975
CHASE_DB1,FD_skan,56,1.218445813991106,0.014684031330651881,0.021770544850824476
CHASE_DB1,tortuosity_pvbm,56,1.0966986716572134,0.004994917824020728,0.007405465165893131
CHASE_DB1,tortuosity_skan,56,1.1141118808691002,0.010373175152809333,0.015379269481555116
CHASE_DB1,density_pvbm,56,0.0982063500626541,0.010361664259509448,0.015362203431148707
CHASE_DB1,density_skan,56,0.0982063500626541,0.010361664259509448,0.015362203431148707
CHASE_DB1,total_length_pvbm,56,11165.302950940164,1040.8853890554838,1543.2166778136602
CHASE_DB1,total_length_skan,56,11864.518246416817,1070.6711395993625,1587.3770315700147
CHASE_DB1,FD_pvbm_zoneB,56,1.3643197759489851,0.02163875233715029,0.03208161421505902
CHASE_DB1,FD_skan_zoneB,56,1.0187864685882384,0.026867285765544868,0.039833437875996816
CHASE_DB1,tortuosity_pvbm_zoneB,44,1.0845762531236138,0.005833755556185816,0.00864912598760109
CHASE_DB1,tortuosity_skan_zoneB,56,1.093346212676215,0.010380020154049374,0.0153894178803936
CHASE_DB1,density_pvbm_zoneB,56,0.1057236393579134,0.01389388865496475,0.020599079319850735
CHASE_DB1,density_skan_zoneB,56,0.1057236393579134,0.01389388865496475,0.020599079319850735
CHASE_DB1,total_length_pvbm_zoneB,56,1628.8052659963819,704.2960312803928,1044.1892959763102
CHASE_DB1,total_length_skan_zoneB,56,2509.8779925734116,521.8721497261413,773.7276491839771
DRIVE,FD_pvbm,60,1.6767303146021018,0.011498644148528747,0.01704788981460872
DRIVE,FD_skan,60,1.3622022603226713,0.022564649518046154,0.033454349375455224
DRIVE,tortuosity_pvbm,60,1.1242264482598143,0.008081972865573328,0.011982332970499016
DRIVE,tortuosity_skan,60,1.109647801808911,0.008706458340258849,0.012908195135267768
DRIVE,density_pvbm,60,0.1254296848898733,0.00860800820038405,0.012762232957889391
DRIVE,density_skan,60,0.1254296848898733,0.00860800820038405,0.012762232957889391
DRIVE,total_length_pvbm,60,8832.858941188762,587.5218613006973,871.0599115644138
DRIVE,total_length_skan,60,10147.90832716868,824.4457428549504,1222.3232583567494
DRIVE,FD_pvbm_zoneB,60,1.3674971706227854,0.024356422986816728,0.03611083272025448
DRIVE,FD_skan_zoneB,60,1.039824045913339,0.03885316946020201,0.0576037090416955
DRIVE,tortuosity_pvbm_zoneB,59,1.129094580253257,0.019090618353522215,0.028303750770932036
DRIVE,tortuosity_skan_zoneB,60,1.1014194010771337,0.015558516360526409,0.02306705635611645
DRIVE,density_pvbm_zoneB,60,0.14899738680478006,0.020101034587288666,0.029801793879114174
DRIVE,density_skan_zoneB,60,0.14899738680478006,0.020101034587288666,0.029801793879114174
DRIVE,total_length_pvbm_zoneB,60,440.9396462005392,209.60155108391479,310.75525963701205
DRIVE,total_length_skan_zoneB,60,891.7935059634516,162.98885271170695,241.6472730303767
FIVES,FD_pvbm,100,1.5134643734709838,0.026412709956280755,0.03915948378118184
FIVES,FD_skan,100,1.1839552010515537,0.024509923959519342,0.03633841326238337
FIVES,tortuosity_pvbm,99,1.090317459305202,0.0036196446977281305,0.005366485228851726
FIVES,tortuosity_skan,100,1.0921404514160646,0.005994863606705869,0.008887984783302121
FIVES,density_pvbm,100,0.1037417570921152,0.01275057955095471,0.018904009242245452
FIVES,density_skan,100,0.1037417570921152,0.01275057955095471,0.018904009242245452
FIVES,total_length_pvbm,100,25677.70406109555,3755.644586602277,5568.118664096535
FIVES,total_length_skan,100,27167.327652948905,4012.5331137193534,5948.981594400313
FIVES,FD_pvbm_zoneB,100,1.3003850702811708,0.028019462982928012,0.041541655818489065
FIVES,FD_skan_zoneB,100,0.9892644666797838,0.026628032496695098,0.03947872097960015
FIVES,tortuosity_pvbm_zoneB,2,1.0949966017256345,0.019163410931474445,0.02841167304700401
FIVES,tortuosity_skan_zoneB,100,1.0794952212198452,0.007583090384591262,0.011242689804195004
FIVES,density_pvbm_zoneB,100,0.13280416532540645,0.0169109027013723,0.02507210434505457
FIVES,density_skan_zoneB,100,0.13280604626961764,0.016909058917619513,0.025069370751262688
FIVES,total_length_pvbm_zoneB,100,0.0,0.0,125.54908931061625
FIVES,total_length_skan_zoneB,100,3175.8506473629423,730.2884553295687,1082.7256638716185
HRF,FD_pvbm,45,1.5675747817483825,0.010022583536468455,0.01485948235116813
HRF,FD_skan,45,1.272604758990499,0.014929440287430262,0.022134388170144105
HRF,tortuosity_pvbm,45,1.088548802558709,0.0028601675864761145,0.004240484463709487
HRF,tortuosity_skan,45,1.09750934733451,0.00674267439795484,0.009996689062407844
HRF,density_pvbm,45,0.0890450608390758,0.01167428264404391,0.0173082914480595
HRF,density_skan,45,0.0890450608390758,0.01167428264404391,0.0173082914480595
HRF,total_length_pvbm,45,74974.91979513118,5624.537731077333,8338.939640095254
HRF,total_length_skan,45,78760.54670451485,5685.250501237053,8428.952393134054
HRF,FD_pvbm_zoneB,45,1.370050638670253,0.014749550072264972,0.021867682937140046
HRF,FD_skan_zoneB,45,1.059340771258612,0.023410223230098337,0.034707996960943795
HRF,tortuosity_pvbm_zoneB,0,,,
HRF,tortuosity_skan_zoneB,45,1.0883401520387233,0.006859727461588472,0.010170231934551069
HRF,density_pvbm_zoneB,45,0.105213907416416,0.014716137741001,0.021818145814808083
HRF,density_skan_zoneB,45,0.105213907416416,0.014716137741001,0.021818145814808083
HRF,total_length_pvbm_zoneB,45,0.0,0.0,0.0
HRF,total_length_skan_zoneB,45,6225.985565973349,1082.7665940288716,1605.309752307205
