family,seed,dataset,featureset,clf,analysis_set,n_all,n_this,n_empty,n_degenerate,delta_auc_all,delta_auc_all_lo,delta_auc_all_hi,delta_auc_this,delta_auc_this_lo,delta_auc_this_hi,delta_auc_no_degenerate,gap_removed_by_dropping,frac_of_gap_from_failures,frac_defined,split_coverage,source
lwnet,0,fives,primary8,gbdt,main,200,198,2,15,-0.06476666666666653,-0.11521489122844936,-0.015254254895509207,-0.037728040540540464,-0.08614587731336448,0.012143199381158432,-0.03310524986654517,-0.027038626126126064,0.4174775006607224,True,test-only (no out-of-fold predictions exist for this family on the training split),"results/pivot/r2/family2_delta_auc.csv; 'all_incl_empty' keeps the failed masks with their NaN biomarkers zero-filled, which is what a naive pipeline would do; the difference is the share of the reference gap attributable to segmentation failure rather than to measurement calibration"
lwnet,0,fives,primary8,logreg,main,200,198,2,15,-0.03266666666666673,-0.07386035744289073,0.00910319153758115,-0.04071790540540532,-0.08168650400335307,0.002177837528536391,-0.05091757724868762,0.008051238738738586,-0.24646649200220114,True,test-only (no out-of-fold predictions exist for this family on the training split),"results/pivot/r2/family2_delta_auc.csv; 'all_incl_empty' keeps the failed masks with their NaN biomarkers zero-filled, which is what a naive pipeline would do; the difference is the share of the reference gap attributable to segmentation failure rather than to measurement calibration"
lwnet,0,fives,skan4,gbdt,main,200,198,2,15,-0.06043333333333345,-0.11399584792466165,-0.005827653605547518,-0.044614301801801814,-0.09844248553437615,0.0063609107905418134,-0.059551825220609866,-0.015819031531531635,0.2617600363739372,True,test-only (no out-of-fold predictions exist for this family on the training split),"results/pivot/r2/family2_delta_auc.csv; 'all_incl_empty' keeps the failed masks with their NaN biomarkers zero-filled, which is what a naive pipeline would do; the difference is the share of the reference gap attributable to segmentation failure rather than to measurement calibration"
lwnet,0,fives,skan4,logreg,main,200,198,2,15,0.0017333333333333645,-0.03458195665565343,0.040315816672823385,-0.007392079579579769,-0.04727205570868198,0.029545644715398795,-0.028183386011582434,0.009125412912913133,,False,test-only (no out-of-fold predictions exist for this family on the training split),"results/pivot/r2/family2_delta_auc.csv; 'all_incl_empty' keeps the failed masks with their NaN biomarkers zero-filled, which is what a naive pipeline would do; the difference is the share of the reference gap attributable to segmentation failure rather than to measurement calibration"
lwnet,0,fives,primary8,gbdt,sens_no_degen,200,183,2,15,-0.06476666666666653,-0.11521489122844936,-0.015254254895509207,-0.03310524986654517,-0.08696083549066941,0.024608369065630006,-0.03310524986654517,-0.031661416800121356,0.4888535790034188,True,test-only (no out-of-fold predictions exist for this family on the training split),"results/pivot/r2/family2_delta_auc.csv; 'all_incl_empty' keeps the failed masks with their NaN biomarkers zero-filled, which is what a naive pipeline would do; the difference is the share of the reference gap attributable to segmentation failure rather than to measurement calibration"
lwnet,0,fives,primary8,logreg,sens_no_degen,200,183,2,15,-0.03266666666666673,-0.07386035744289073,0.00910319153758115,-0.05091757724868762,-0.09064346065640841,-0.011258336075628868,-0.05091757724868762,0.018250910582020885,-0.558701344347577,True,test-only (no out-of-fold predictions exist for this family on the training split),"results/pivot/r2/family2_delta_auc.csv; 'all_incl_empty' keeps the failed masks with their NaN biomarkers zero-filled, which is what a naive pipeline would do; the difference is the share of the reference gap attributable to segmentation failure rather than to measurement calibration"
lwnet,0,fives,skan4,gbdt,sens_no_degen,200,183,2,15,-0.06043333333333345,-0.11399584792466165,-0.005827653605547518,-0.059551825220609866,-0.11641691707827187,-0.0031569214140962686,-0.059551825220609866,-0.0008815081127235835,0.014586455257422755,True,test-only (no out-of-fold predictions exist for this family on the training split),"results/pivot/r2/family2_delta_auc.csv; 'all_incl_empty' keeps the failed masks with their NaN biomarkers zero-filled, which is what a naive pipeline would do; the difference is the share of the reference gap attributable to segmentation failure rather than to measurement calibration"
lwnet,0,fives,skan4,logreg,sens_no_degen,200,183,2,15,0.0017333333333333645,-0.03458195665565343,0.040315816672823385,-0.028183386011582434,-0.06814875439626243,0.013884074215371583,-0.028183386011582434,0.0299167193449158,,False,test-only (no out-of-fold predictions exist for this family on the training split),"results/pivot/r2/family2_delta_auc.csv; 'all_incl_empty' keeps the failed masks with their NaN biomarkers zero-filled, which is what a naive pipeline would do; the difference is the share of the reference gap attributable to segmentation failure rather than to measurement calibration"
lwnet,0,hrf,primary8,gbdt,main,30,30,0,0,0.13,-0.023339328847480932,0.29238128306878297,0.13,-0.023339328847480932,0.29238128306878297,0.13,0.0,0.0,True,test-only (no out-of-fold predictions exist for this family on the training split),"results/pivot/r2/family2_delta_auc.csv; 'all_incl_empty' keeps the failed masks with their NaN biomarkers zero-filled, which is what a naive pipeline would do; the difference is the share of the reference gap attributable to segmentation failure rather than to measurement calibration"
lwnet,0,hrf,primary8,logreg,main,30,30,0,0,0.24,0.11007676860317969,0.3973303768714683,0.24,0.11007676860317969,0.3973303768714683,0.24,0.0,0.0,True,test-only (no out-of-fold predictions exist for this family on the training split),"results/pivot/r2/family2_delta_auc.csv; 'all_incl_empty' keeps the failed masks with their NaN biomarkers zero-filled, which is what a naive pipeline would do; the difference is the share of the reference gap attributable to segmentation failure rather than to measurement calibration"
lwnet,0,hrf,skan4,gbdt,main,30,30,0,0,0.14666666666666683,-0.014257996353778066,0.315905671279098,0.14666666666666683,-0.014257996353778066,0.315905671279098,0.14666666666666683,0.0,0.0,True,test-only (no out-of-fold predictions exist for this family on the training split),"results/pivot/r2/family2_delta_auc.csv; 'all_incl_empty' keeps the failed masks with their NaN biomarkers zero-filled, which is what a naive pipeline would do; the difference is the share of the reference gap attributable to segmentation failure rather than to measurement calibration"
lwnet,0,hrf,skan4,logreg,main,30,30,0,0,0.2583333333333333,0.12506914381914389,0.3920959156035264,0.2583333333333333,0.12506914381914389,0.3920959156035264,0.2583333333333333,0.0,0.0,True,test-only (no out-of-fold predictions exist for this family on the training split),"results/pivot/r2/family2_delta_auc.csv; 'all_incl_empty' keeps the failed masks with their NaN biomarkers zero-filled, which is what a naive pipeline would do; the difference is the share of the reference gap attributable to segmentation failure rather than to measurement calibration"
lwnet,0,hrf,primary8,gbdt,sens_no_degen,30,30,0,0,0.13,-0.023339328847480932,0.29238128306878297,0.13,-0.023339328847480932,0.29238128306878297,0.13,0.0,0.0,True,test-only (no out-of-fold predictions exist for this family on the training split),"results/pivot/r2/family2_delta_auc.csv; 'all_incl_empty' keeps the failed masks with their NaN biomarkers zero-filled, which is what a naive pipeline would do; the difference is the share of the reference gap attributable to segmentation failure rather than to measurement calibration"
lwnet,0,hrf,primary8,logreg,sens_no_degen,30,30,0,0,0.24,0.11007676860317969,0.3973303768714683,0.24,0.11007676860317969,0.3973303768714683,0.24,0.0,0.0,True,test-only (no out-of-fold predictions exist for this family on the training split),"results/pivot/r2/family2_delta_auc.csv; 'all_incl_empty' keeps the failed masks with their NaN biomarkers zero-filled, which is what a naive pipeline would do; the difference is the share of the reference gap attributable to segmentation failure rather than to measurement calibration"
lwnet,0,hrf,skan4,gbdt,sens_no_degen,30,30,0,0,0.14666666666666683,-0.014257996353778066,0.315905671279098,0.14666666666666683,-0.014257996353778066,0.315905671279098,0.14666666666666683,0.0,0.0,True,test-only (no out-of-fold predictions exist for this family on the training split),"results/pivot/r2/family2_delta_auc.csv; 'all_incl_empty' keeps the failed masks with their NaN biomarkers zero-filled, which is what a naive pipeline would do; the difference is the share of the reference gap attributable to segmentation failure rather than to measurement calibration"
lwnet,0,hrf,skan4,logreg,sens_no_degen,30,30,0,0,0.2583333333333333,0.12506914381914389,0.3920959156035264,0.2583333333333333,0.12506914381914389,0.3920959156035264,0.2583333333333333,0.0,0.0,True,test-only (no out-of-fold predictions exist for this family on the training split),"results/pivot/r2/family2_delta_auc.csv; 'all_incl_empty' keeps the failed masks with their NaN biomarkers zero-filled, which is what a naive pipeline would do; the difference is the share of the reference gap attributable to segmentation failure rather than to measurement calibration"
segformer_b0,0,fives,primary8,gbdt,main,200,200,0,2,-0.01653333333333329,-0.06164612662089068,0.03240366302952105,-0.01653333333333329,-0.06164612662089068,0.03240366302952105,-0.000567755255255209,0.0,,False,test-only (no out-of-fold predictions exist for this family on the training split),"results/pivot/r2/family2_delta_auc.csv; 'all_incl_empty' keeps the failed masks with their NaN biomarkers zero-filled, which is what a naive pipeline would do; the difference is the share of the reference gap attributable to segmentation failure rather than to measurement calibration"
segformer_b0,0,fives,primary8,logreg,main,200,200,0,2,-0.005066666666666775,-0.0331865834048497,0.022135270023096492,-0.005066666666666775,-0.0331865834048497,0.022135270023096492,-0.011074512012012039,0.0,,False,test-only (no out-of-fold predictions exist for this family on the training split),"results/pivot/r2/family2_delta_auc.csv; 'all_incl_empty' keeps the failed masks with their NaN biomarkers zero-filled, which is what a naive pipeline would do; the difference is the share of the reference gap attributable to segmentation failure rather than to measurement calibration"
segformer_b0,0,fives,skan4,gbdt,main,200,200,0,2,0.002266666666666639,-0.03912061144084659,0.047899208868622735,0.002266666666666639,-0.03912061144084659,0.047899208868622735,0.012725225225225234,0.0,,False,test-only (no out-of-fold predictions exist for this family on the training split),"results/pivot/r2/family2_delta_auc.csv; 'all_incl_empty' keeps the failed masks with their NaN biomarkers zero-filled, which is what a naive pipeline would do; the difference is the share of the reference gap attributable to segmentation failure rather than to measurement calibration"
segformer_b0,0,fives,skan4,logreg,main,200,200,0,2,0.002566666666666606,-0.022872471515645806,0.027021165678909838,0.002566666666666606,-0.022872471515645806,0.027021165678909838,0.00511167417417413,0.0,,False,test-only (no out-of-fold predictions exist for this family on the training split),"results/pivot/r2/family2_delta_auc.csv; 'all_incl_empty' keeps the failed masks with their NaN biomarkers zero-filled, which is what a naive pipeline would do; the difference is the share of the reference gap attributable to segmentation failure rather than to measurement calibration"
segformer_b0,0,fives,primary8,gbdt,sens_no_degen,200,198,0,2,-0.01653333333333329,-0.06164612662089068,0.03240366302952105,-0.000567755255255209,-0.045964356435126086,0.04532719517711694,-0.000567755255255209,-0.01596557807807808,,False,test-only (no out-of-fold predictions exist for this family on the training split),"results/pivot/r2/family2_delta_auc.csv; 'all_incl_empty' keeps the failed masks with their NaN biomarkers zero-filled, which is what a naive pipeline would do; the difference is the share of the reference gap attributable to segmentation failure rather than to measurement calibration"
segformer_b0,0,fives,primary8,logreg,sens_no_degen,200,198,0,2,-0.005066666666666775,-0.0331865834048497,0.022135270023096492,-0.011074512012012039,-0.043573383844493836,0.02338978659523478,-0.011074512012012039,0.006007845345345264,,False,test-only (no out-of-fold predictions exist for this family on the training split),"results/pivot/r2/family2_delta_auc.csv; 'all_incl_empty' keeps the failed masks with their NaN biomarkers zero-filled, which is what a naive pipeline would do; the difference is the share of the reference gap attributable to segmentation failure rather than to measurement calibration"
segformer_b0,0,fives,skan4,gbdt,sens_no_degen,200,198,0,2,0.002266666666666639,-0.03912061144084659,0.047899208868622735,0.012725225225225234,-0.035709000170672175,0.056236786988930976,0.012725225225225234,-0.010458558558558595,,False,test-only (no out-of-fold predictions exist for this family on the training split),"results/pivot/r2/family2_delta_auc.csv; 'all_incl_empty' keeps the failed masks with their NaN biomarkers zero-filled, which is what a naive pipeline would do; the difference is the share of the reference gap attributable to segmentation failure rather than to measurement calibration"
segformer_b0,0,fives,skan4,logreg,sens_no_degen,200,198,0,2,0.002566666666666606,-0.022872471515645806,0.027021165678909838,0.00511167417417413,-0.023155662080484838,0.030930652862187817,0.00511167417417413,-0.002545007507507524,,False,test-only (no out-of-fold predictions exist for this family on the training split),"results/pivot/r2/family2_delta_auc.csv; 'all_incl_empty' keeps the failed masks with their NaN biomarkers zero-filled, which is what a naive pipeline would do; the difference is the share of the reference gap attributable to segmentation failure rather than to measurement calibration"
segformer_b0,1,fives,primary8,gbdt,main,200,200,0,3,-0.04623333333333335,-0.09167756469956645,-0.00031256883443022304,-0.04623333333333335,-0.09167756469956645,-0.00031256883443022304,-0.033479519467361385,0.0,-0.0,True,test-only (no out-of-fold predictions exist for this family on the training split),"results/pivot/r2/family2_delta_auc.csv; 'all_incl_empty' keeps the failed masks with their NaN biomarkers zero-filled, which is what a naive pipeline would do; the difference is the share of the reference gap attributable to segmentation failure rather than to measurement calibration"
segformer_b0,1,fives,primary8,logreg,main,200,200,0,3,0.004933333333333234,-0.024752367524437987,0.03308266034468961,0.004933333333333234,-0.024752367524437987,0.03308266034468961,0.013236358373136525,0.0,,False,test-only (no out-of-fold predictions exist for this family on the training split),"results/pivot/r2/family2_delta_auc.csv; 'all_incl_empty' keeps the failed masks with their NaN biomarkers zero-filled, which is what a naive pipeline would do; the difference is the share of the reference gap attributable to segmentation failure rather than to measurement calibration"
segformer_b0,1,fives,skan4,gbdt,main,200,200,0,3,-0.0028000000000000247,-0.04468775654363683,0.03811817102880172,-0.0028000000000000247,-0.04468775654363683,0.03811817102880172,0.0029128672745694084,0.0,,False,test-only (no out-of-fold predictions exist for this family on the training split),"results/pivot/r2/family2_delta_auc.csv; 'all_incl_empty' keeps the failed masks with their NaN biomarkers zero-filled, which is what a naive pipeline would do; the difference is the share of the reference gap attributable to segmentation failure rather than to measurement calibration"
segformer_b0,1,fives,skan4,logreg,main,200,200,0,3,0.0072666666666666435,-0.018361223840541223,0.03177919362662163,0.0072666666666666435,-0.018361223840541223,0.03177919362662163,0.012783326096396097,0.0,,False,test-only (no out-of-fold predictions exist for this family on the training split),"results/pivot/r2/family2_delta_auc.csv; 'all_incl_empty' keeps the failed masks with their NaN biomarkers zero-filled, which is what a naive pipeline would do; the difference is the share of the reference gap attributable to segmentation failure rather than to measurement calibration"
segformer_b0,1,fives,primary8,gbdt,sens_no_degen,200,197,0,3,-0.04623333333333335,-0.09167756469956645,-0.00031256883443022304,-0.033479519467361385,-0.07858162076302018,0.013951265703353402,-0.033479519467361385,-0.012753813865971964,0.27585754576723776,True,test-only (no out-of-fold predictions exist for this family on the training split),"results/pivot/r2/family2_delta_auc.csv; 'all_incl_empty' keeps the failed masks with their NaN biomarkers zero-filled, which is what a naive pipeline would do; the difference is the share of the reference gap attributable to segmentation failure rather than to measurement calibration"
segformer_b0,1,fives,primary8,logreg,sens_no_degen,200,197,0,3,0.004933333333333234,-0.024752367524437987,0.03308266034468961,0.013236358373136525,-0.01773879076773254,0.04387770553935018,0.013236358373136525,-0.008303025039803291,,False,test-only (no out-of-fold predictions exist for this family on the training split),"results/pivot/r2/family2_delta_auc.csv; 'all_incl_empty' keeps the failed masks with their NaN biomarkers zero-filled, which is what a naive pipeline would do; the difference is the share of the reference gap attributable to segmentation failure rather than to measurement calibration"
segformer_b0,1,fives,skan4,gbdt,sens_no_degen,200,197,0,3,-0.0028000000000000247,-0.04468775654363683,0.03811817102880172,0.0029128672745694084,-0.04392404587649196,0.04974384091184633,0.0029128672745694084,-0.005712867274569433,,False,test-only (no out-of-fold predictions exist for this family on the training split),"results/pivot/r2/family2_delta_auc.csv; 'all_incl_empty' keeps the failed masks with their NaN biomarkers zero-filled, which is what a naive pipeline would do; the difference is the share of the reference gap attributable to segmentation failure rather than to measurement calibration"
segformer_b0,1,fives,skan4,logreg,sens_no_degen,200,197,0,3,0.0072666666666666435,-0.018361223840541223,0.03177919362662163,0.012783326096396097,-0.014514026609896464,0.038139979736492954,0.012783326096396097,-0.0055166594297294536,,False,test-only (no out-of-fold predictions exist for this family on the training split),"results/pivot/r2/family2_delta_auc.csv; 'all_incl_empty' keeps the failed masks with their NaN biomarkers zero-filled, which is what a naive pipeline would do; the difference is the share of the reference gap attributable to segmentation failure rather than to measurement calibration"
segformer_b0,0,hrf,primary8,gbdt,main,30,30,0,0,0.08333333333333337,-0.10121801346801337,0.2733392462249389,0.08333333333333337,-0.10121801346801337,0.2733392462249389,0.08333333333333337,0.0,0.0,True,test-only (no out-of-fold predictions exist for this family on the training split),"results/pivot/r2/family2_delta_auc.csv; 'all_incl_empty' keeps the failed masks with their NaN biomarkers zero-filled, which is what a naive pipeline would do; the difference is the share of the reference gap attributable to segmentation failure rather than to measurement calibration"
segformer_b0,0,hrf,primary8,logreg,main,30,30,0,0,0.15000000000000013,0.03394857691471468,0.2867183329425892,0.15000000000000013,0.03394857691471468,0.2867183329425892,0.15000000000000013,0.0,0.0,True,test-only (no out-of-fold predictions exist for this family on the training split),"results/pivot/r2/family2_delta_auc.csv; 'all_incl_empty' keeps the failed masks with their NaN biomarkers zero-filled, which is what a naive pipeline would do; the difference is the share of the reference gap attributable to segmentation failure rather than to measurement calibration"
segformer_b0,0,hrf,skan4,gbdt,main,30,30,0,0,0.13666666666666671,-0.047470127865961054,0.3288710056390978,0.13666666666666671,-0.047470127865961054,0.3288710056390978,0.13666666666666671,0.0,0.0,True,test-only (no out-of-fold predictions exist for this family on the training split),"results/pivot/r2/family2_delta_auc.csv; 'all_incl_empty' keeps the failed masks with their NaN biomarkers zero-filled, which is what a naive pipeline would do; the difference is the share of the reference gap attributable to segmentation failure rather than to measurement calibration"
segformer_b0,0,hrf,skan4,logreg,main,30,30,0,0,0.19833333333333325,0.06144333556784523,0.3480009936505034,0.19833333333333325,0.06144333556784523,0.3480009936505034,0.19833333333333325,0.0,0.0,True,test-only (no out-of-fold predictions exist for this family on the training split),"results/pivot/r2/family2_delta_auc.csv; 'all_incl_empty' keeps the failed masks with their NaN biomarkers zero-filled, which is what a naive pipeline would do; the difference is the share of the reference gap attributable to segmentation failure rather than to measurement calibration"
segformer_b0,0,hrf,primary8,gbdt,sens_no_degen,30,30,0,0,0.08333333333333337,-0.10121801346801337,0.2733392462249389,0.08333333333333337,-0.10121801346801337,0.2733392462249389,0.08333333333333337,0.0,0.0,True,test-only (no out-of-fold predictions exist for this family on the training split),"results/pivot/r2/family2_delta_auc.csv; 'all_incl_empty' keeps the failed masks with their NaN biomarkers zero-filled, which is what a naive pipeline would do; the difference is the share of the reference gap attributable to segmentation failure rather than to measurement calibration"
segformer_b0,0,hrf,primary8,logreg,sens_no_degen,30,30,0,0,0.15000000000000013,0.03394857691471468,0.2867183329425892,0.15000000000000013,0.03394857691471468,0.2867183329425892,0.15000000000000013,0.0,0.0,True,test-only (no out-of-fold predictions exist for this family on the training split),"results/pivot/r2/family2_delta_auc.csv; 'all_incl_empty' keeps the failed masks with their NaN biomarkers zero-filled, which is what a naive pipeline would do; the difference is the share of the reference gap attributable to segmentation failure rather than to measurement calibration"
segformer_b0,0,hrf,skan4,gbdt,sens_no_degen,30,30,0,0,0.13666666666666671,-0.047470127865961054,0.3288710056390978,0.13666666666666671,-0.047470127865961054,0.3288710056390978,0.13666666666666671,0.0,0.0,True,test-only (no out-of-fold predictions exist for this family on the training split),"results/pivot/r2/family2_delta_auc.csv; 'all_incl_empty' keeps the failed masks with their NaN biomarkers zero-filled, which is what a naive pipeline would do; the difference is the share of the reference gap attributable to segmentation failure rather than to measurement calibration"
segformer_b0,0,hrf,skan4,logreg,sens_no_degen,30,30,0,0,0.19833333333333325,0.06144333556784523,0.3480009936505034,0.19833333333333325,0.06144333556784523,0.3480009936505034,0.19833333333333325,0.0,0.0,True,test-only (no out-of-fold predictions exist for this family on the training split),"results/pivot/r2/family2_delta_auc.csv; 'all_incl_empty' keeps the failed masks with their NaN biomarkers zero-filled, which is what a naive pipeline would do; the difference is the share of the reference gap attributable to segmentation failure rather than to measurement calibration"
segformer_b0,1,hrf,primary8,gbdt,main,30,30,0,0,0.15666666666666662,-0.012637139863920007,0.32529976313943704,0.15666666666666662,-0.012637139863920007,0.32529976313943704,0.15666666666666662,0.0,0.0,True,test-only (no out-of-fold predictions exist for this family on the training split),"results/pivot/r2/family2_delta_auc.csv; 'all_incl_empty' keeps the failed masks with their NaN biomarkers zero-filled, which is what a naive pipeline would do; the difference is the share of the reference gap attributable to segmentation failure rather than to measurement calibration"
segformer_b0,1,hrf,primary8,logreg,main,30,30,0,0,0.20666666666666678,0.07515550239234452,0.36442027658332005,0.20666666666666678,0.07515550239234452,0.36442027658332005,0.20666666666666678,0.0,0.0,True,test-only (no out-of-fold predictions exist for this family on the training split),"results/pivot/r2/family2_delta_auc.csv; 'all_incl_empty' keeps the failed masks with their NaN biomarkers zero-filled, which is what a naive pipeline would do; the difference is the share of the reference gap attributable to segmentation failure rather than to measurement calibration"
segformer_b0,1,hrf,skan4,gbdt,main,30,30,0,0,0.15833333333333344,-0.023827352472089378,0.347899402364921,0.15833333333333344,-0.023827352472089378,0.347899402364921,0.15833333333333344,0.0,0.0,True,test-only (no out-of-fold predictions exist for this family on the training split),"results/pivot/r2/family2_delta_auc.csv; 'all_incl_empty' keeps the failed masks with their NaN biomarkers zero-filled, which is what a naive pipeline would do; the difference is the share of the reference gap attributable to segmentation failure rather than to measurement calibration"
segformer_b0,1,hrf,skan4,logreg,main,30,30,0,0,0.20999999999999996,0.0744026681833055,0.35719154095420436,0.20999999999999996,0.0744026681833055,0.35719154095420436,0.20999999999999996,0.0,0.0,True,test-only (no out-of-fold predictions exist for this family on the training split),"results/pivot/r2/family2_delta_auc.csv; 'all_incl_empty' keeps the failed masks with their NaN biomarkers zero-filled, which is what a naive pipeline would do; the difference is the share of the reference gap attributable to segmentation failure rather than to measurement calibration"
segformer_b0,1,hrf,primary8,gbdt,sens_no_degen,30,30,0,0,0.15666666666666662,-0.012637139863920007,0.32529976313943704,0.15666666666666662,-0.012637139863920007,0.32529976313943704,0.15666666666666662,0.0,0.0,True,test-only (no out-of-fold predictions exist for this family on the training split),"results/pivot/r2/family2_delta_auc.csv; 'all_incl_empty' keeps the failed masks with their NaN biomarkers zero-filled, which is what a naive pipeline would do; the difference is the share of the reference gap attributable to segmentation failure rather than to measurement calibration"
segformer_b0,1,hrf,primary8,logreg,sens_no_degen,30,30,0,0,0.20666666666666678,0.07515550239234452,0.36442027658332005,0.20666666666666678,0.07515550239234452,0.36442027658332005,0.20666666666666678,0.0,0.0,True,test-only (no out-of-fold predictions exist for this family on the training split),"results/pivot/r2/family2_delta_auc.csv; 'all_incl_empty' keeps the failed masks with their NaN biomarkers zero-filled, which is what a naive pipeline would do; the difference is the share of the reference gap attributable to segmentation failure rather than to measurement calibration"
segformer_b0,1,hrf,skan4,gbdt,sens_no_degen,30,30,0,0,0.15833333333333344,-0.023827352472089378,0.347899402364921,0.15833333333333344,-0.023827352472089378,0.347899402364921,0.15833333333333344,0.0,0.0,True,test-only (no out-of-fold predictions exist for this family on the training split),"results/pivot/r2/family2_delta_auc.csv; 'all_incl_empty' keeps the failed masks with their NaN biomarkers zero-filled, which is what a naive pipeline would do; the difference is the share of the reference gap attributable to segmentation failure rather than to measurement calibration"
segformer_b0,1,hrf,skan4,logreg,sens_no_degen,30,30,0,0,0.20999999999999996,0.0744026681833055,0.35719154095420436,0.20999999999999996,0.0744026681833055,0.35719154095420436,0.20999999999999996,0.0,0.0,True,test-only (no out-of-fold predictions exist for this family on the training split),"results/pivot/r2/family2_delta_auc.csv; 'all_incl_empty' keeps the failed masks with their NaN biomarkers zero-filled, which is what a naive pipeline would do; the difference is the share of the reference gap attributable to segmentation failure rather than to measurement calibration"
