dataset,k,dice,cldice,pred_fg_frac,disease,fg_px,FD_skan,tortuosity_skan,density_skan,total_length_skan,fg_ratio_to_healthy_median,empty_mask,degenerate_fg,primary_nan
drive,01_test,0.8241058304752572,0.8760190731251537,0.1599985738288683,,35900,1.3722860683764226,1.1160373593562705,0.1599985738288683,10100.988016951896,1.2083,False,False,False
drive,02_test,0.8599772180006633,0.8604797854525732,0.1582943484075046,,35630,1.3411118084260525,1.090442790630355,0.1582943484075046,9605.919907732865,1.1955,False,False,False
drive,03_test,0.822233074903852,0.8054599885604778,0.1445905895174259,,32638,1.333986935032509,1.1129637588030938,0.1445905895174259,9084.207137573154,1.092,False,False,False
drive,04_test,0.840965530942684,0.8100492606558418,0.1320827675907495,,30059,1.2973730191097383,1.0894036332232973,0.1320827675907495,7959.636503037178,0.9975,False,False,False
drive,05_test,0.8278419004160515,0.7910043288063103,0.1260908328319272,,28710,1.3086195324823433,1.115012968263282,0.1260908328319272,8312.442635585336,0.9523,False,False,False
drive,06_test,0.81821576426658,0.7851765981291162,0.1296269434151359,,29490,1.3226116381436142,1.0948662918462655,0.1296269434151359,8774.812259994536,0.979,False,False,False
drive,07_test,0.8287240397793162,0.8061219555806013,0.1175798836060173,,26770,1.2798505148719233,1.0966481129007637,0.1175798836060173,7609.423299601581,0.888,False,False,False
drive,08_test,0.8156883040070975,0.7962339301745862,0.1145093408154567,,25793,1.2801022417266512,1.1216677797785413,0.1145093408154567,7671.825319855134,0.8648,False,False,False
drive,09_test,0.8219188692032142,0.8137975651439427,0.1093955899147852,,24905,1.3045861281123694,1.1102722335815718,0.1093955899147852,7959.619259094474,0.8262,False,False,False
drive,10_test,0.817693129227483,0.7918631841308869,0.1276898984744778,,29028,1.3102575017945288,1.113529322604395,0.1276898984744778,8442.040615331784,0.9643,False,False,False
drive,11_test,0.8178359961628792,0.7920069797994937,0.1357642638292642,,30929,1.3409780519457788,1.0987667484994577,0.1357642638292642,9385.861033229818,1.0253,False,False,False
drive,12_test,0.838998423381423,0.8522959473211734,0.1339909052964565,,30497,1.319610345643041,1.0951839122661011,0.1339909052964565,8774.91781569181,1.0119,False,False,False
drive,13_test,0.8352001483152317,0.8147794642997249,0.1427472527472527,,32475,1.3408622633819032,1.085542785146448,0.1427472527472527,9438.6356364854,1.078,False,False,False
drive,14_test,0.8370641030189081,0.85874439468104,0.131708980137611,,29747,1.3177959569040896,1.1112528419024608,0.131708980137611,8713.53303938096,0.9947,False,False,False
drive,15_test,0.8255260023818976,0.865055521890544,0.1177163865361443,,26768,1.3050038414485672,1.1009027275920071,0.1177163865361443,8120.856849147714,0.889,False,False,False
drive,16_test,0.8447395301327886,0.8871091130232963,0.1357391938303161,,30907,1.3407772867465368,1.087236626700812,0.1357391938303161,9486.772721475249,1.0251,False,False,False
drive,17_test,0.8164577421788011,0.8456628798429036,0.1232092578491615,,27831,1.2934955192319002,1.111766743248633,0.1232092578491615,7961.062909908372,0.9305,False,False,False
drive,18_test,0.8165797362629745,0.8867511177660936,0.1386789800186282,,31565,1.3064184921541966,1.0976027142576883,0.1386789800186282,8538.91781569181,1.0473,False,False,False
drive,19_test,0.8392848459306567,0.9004449201417578,0.1509578341865006,,34326,1.3485258781117384,1.0973509935248795,0.1509578341865006,9721.272288199358,1.1401,False,False,False
drive,20_test,0.8075496640105754,0.8606083633367856,0.1327426238226465,,30202,1.3222365306639323,1.0962947931104303,0.1327426238226465,8666.626401769412,1.0025,False,False,False
chasedb1,Image_11L,0.7410862180832792,0.8680264748946755,0.1196405063821948,,79886,1.190100533917876,1.0930701513136012,0.1196405063821948,10312.011537017766,1.0142,False,False,False
chasedb1,Image_11R,0.7443331246086412,0.8745884587437163,0.1149857831994178,,76634,1.175094704571891,1.1028390473249954,0.1149857831994178,9425.30677608477,0.9748,False,False,False
chasedb1,Image_12L,0.7163736236788543,0.7923276350809955,0.1421680123482521,,94132,1.2279961207157188,1.1177691375249723,0.1421680123482521,11982.7882323144,1.2052,False,False,False
chasedb1,Image_12R,0.7474808803783058,0.8494595642600139,0.1516486293765626,,100806,1.2485718490039652,1.113874964701755,0.1516486293765626,14097.42401747658,1.2856,False,False,False
chasedb1,Image_13L,0.7266352903049988,0.7743264715388498,0.1162810399968532,,76862,1.2051911755384608,1.0891753134286013,0.1162810399968532,10872.550642261163,0.9858,False,False,False
chasedb1,Image_13R,0.6869663711283834,0.7464089059532983,0.1019852577324267,,67394,1.2018037737636236,1.1054624537324873,0.1019852577324267,10441.1099500401,0.8646,False,False,False
chasedb1,Image_14L,0.7813642301957007,0.8735433958424508,0.1283272528712182,,85545,1.2240184920445996,1.1015370540734408,0.1283272528712182,12264.008578424937,1.0879,False,False,False
chasedb1,Image_14R,0.7202586523624073,0.7465996851035036,0.1003374210870038,,66372,1.2054582487196124,1.0966226165344888,0.1003374210870038,10093.102807365163,0.8506,False,False,False
hrf,06_dr,0.628860544751033,0.6161325329332323,0.1043366808639142,dr,721410,1.172308539567076,1.1042977948865438,0.1043366808639142,46310.10711461521,0.795,False,False,False
hrf,06_g,0.670247632168073,0.7696961738322305,0.1290642930970758,g,892195,1.181563840156407,1.091637205305649,0.1290642930970758,49775.85386504605,0.9834,False,False,False
hrf,06_h,0.7586742265924226,0.8463140650683982,0.1589424363503359,h,1098544,1.2320532143806884,1.0935613106060764,0.1589424363503359,65864.396857018,1.211,False,False,False
hrf,07_dr,0.6535407250947273,0.8008031951032253,0.1637757746420212,dr,1132499,1.222763080714157,1.0937092953675005,0.1637757746420212,61926.86331002277,1.2478,False,False,False
hrf,07_g,0.6604651231353542,0.7378104284610661,0.1191982130567093,g,824048,1.187874258984401,1.1050537865059606,0.1191982130567093,51182.37695183602,0.9082,False,False,False
hrf,07_h,0.7772184971707596,0.8274880690580301,0.125080209200639,h,864701,1.1862899698918767,1.1009167907581838,0.125080209200639,51566.20502002327,0.953,False,False,False
hrf,08_dr,0.650278476006355,0.7648589020796306,0.1464896750041948,dr,1012730,1.2010449247821815,1.093084276957881,0.1464896750041948,53555.18481748775,1.1161,False,False,False
hrf,08_g,0.655574819678233,0.7598485365750264,0.1310561498331722,g,906085,1.2071506311165925,1.0859713160810855,0.1310561498331722,57266.18257676991,0.9985,False,False,False
hrf,08_h,0.7882806922700326,0.8187628687109375,0.139099331287433,h,961550,1.2036835391973617,1.105722445470852,0.139099331287433,56487.48026681547,1.0598,False,False,False
hrf,09_dr,0.6485871136375552,0.6758896249425939,0.0936396309166001,dr,647373,1.1520804952445052,1.1334517066063077,0.0936396309166001,39312.55213959517,0.7135,False,False,False
hrf,09_g,0.6504281974334711,0.7721043250342252,0.1285459273863826,g,888978,1.202949854690614,1.0838839688267248,0.1285459273863826,55752.0564595996,0.9794,False,False,False
hrf,09_h,0.7669455206483543,0.7639420815716723,0.1006503386782868,h,695890,1.1669807804650714,1.1108296699408018,0.1006503386782868,45781.0301296177,0.7669,False,False,False
hrf,10_dr,0.6805843360133695,0.783249536214075,0.1549212774155258,dr,1070746,1.2210963542071902,1.1035697017040371,0.1549212774155258,61000.48235885652,1.1804,False,False,False
hrf,10_g,0.6542855635474738,0.7820501618760818,0.1280123788604748,g,885042,1.2079857910193847,1.0854869350732297,0.1280123788604748,57326.510929556265,0.9753,False,False,False
hrf,10_h,0.7503848908282398,0.7504789437094871,0.1150885566416649,h,795637,1.178620228633723,1.0974517852634815,0.1150885566416649,49589.58056161815,0.8769,False,False,False
hrf,11_dr,0.6882383508655213,0.7968756329636307,0.1550647988396613,dr,1071773,1.2335177564510078,1.091170767633143,0.1550647988396613,64638.48935285468,1.1815,False,False,False
hrf,11_g,0.6851255592287075,0.7543310636925113,0.1314416955395938,g,908701,1.202698129888152,1.0896496739425223,0.1314416955395938,55257.656023772826,1.0015,False,False,False
hrf,11_h,0.7717715281911144,0.8832560491944024,0.1425678557590271,h,985720,1.2144048275978552,1.106744806268278,0.1425678557590271,59212.24599429256,1.0862,False,False,False
hrf,12_dr,0.6420683431752533,0.7054080557497034,0.1204738300904062,dr,832971,1.189261305121835,1.099358281925128,0.1204738300904062,49954.374859794974,0.9179,False,False,False
hrf,12_g,0.6651730928061146,0.7620964241971804,0.1501572845574741,g,1038125,1.2235936860735748,1.0907090956329837,0.1501572845574741,62046.11518542586,1.1441,False,False,False
hrf,12_h,0.794571060442051,0.8917538365758902,0.1595497279648647,h,1102921,1.232076575709797,1.0971811159918274,0.1595497279648647,64923.350175823776,1.2156,False,False,False
hrf,13_dr,0.668442389356268,0.7471759211579738,0.1264015557969011,dr,873942,1.1864670233779469,1.1589856076555756,0.1264015557969011,50200.71208835983,0.9631,False,False,False
hrf,13_g,0.6502862946447249,0.7453181666486453,0.1199118528227829,g,829384,1.1935783466450178,1.09920316841864,0.1199118528227829,52853.578828514575,0.9136,False,False,False
hrf,13_h,0.7696258337351635,0.883914801858762,0.1385183344173655,h,957503,1.210843609392995,1.0905747686033205,0.1385183344173655,58810.93019375252,1.0554,False,False,False
hrf,14_dr,0.6452431016732402,0.7198135556651128,0.1381969105441064,dr,955498,1.1946685583074244,1.091465656366086,0.1381969105441064,53486.784022723456,1.0529,False,False,False
hrf,14_g,0.6635656733820211,0.7245971221780518,0.1158392226454994,g,801069,1.1875414226021137,1.0938188755720613,0.1158392226454994,51371.38077698063,0.8826,False,False,False
hrf,14_h,0.7466333822049562,0.8764726035051976,0.1389824970200319,h,960412,1.216111499835434,1.0870024067862347,0.1389824970200319,57933.1177850812,1.0589,False,False,False
hrf,15_dr,0.622352867099032,0.7411804073337143,0.1408806987495877,dr,973897,1.1960329011375126,1.0927113255629144,0.1408806987495877,53698.00141024115,1.0734,False,False,False
hrf,15_g,0.6920170085325197,0.7316139696014208,0.1181521815086493,g,816655,1.1827845962908654,1.0856150381286005,0.1181521815086493,49770.52377915615,0.9002,False,False,False
hrf,15_h,0.7325618551275611,0.9078379223761016,0.1367613825570889,h,945406,1.2052787124096167,1.1077322998240724,0.1367613825570889,56584.68510208685,1.042,False,False,False
fives,100_D,0.8688195686844431,0.9185275985818842,0.098580767351506,DR,312927,1.1397821463339253,1.1112863146263048,0.098580767351506,20647.568096464616,1.015,False,False,False
fives,101_G,0.3333442633701675,0.3099837856543839,0.0116363014880071,Glaucoma,36766,1.093285239591676,1.092795467228781,0.0116363014880071,2894.272436876141,0.1198,False,True,False
fives,102_G,0.4529323919517173,0.3985526993555962,0.0293011131463998,Glaucoma,58226,1.1640179970708435,1.0847588108374189,0.0293011131463998,4288.737515714846,0.3017,False,False,False
fives,103_G,0.6107093891027409,0.6163832764754753,0.0513327816755724,Glaucoma,163275,1.0266865124794935,1.080605574604952,0.0513327816755724,10917.793282948303,0.5285,False,False,False
fives,104_G,0.7758940988330272,0.8449226195872176,0.064997366919043,Glaucoma,206119,1.1472286139578145,1.088296418013884,0.064997366919043,21153.65431617813,0.6692,False,False,False
fives,105_G,0.8625251700599637,0.9087218823689944,0.1049852614224766,Glaucoma,332153,1.1621782534936496,1.0839321910975537,0.1049852614224766,23720.147965716584,1.0809,False,False,False
fives,106_G,0.878568244968021,0.9400435837218184,0.1415753839900247,Glaucoma,448601,1.187432965815954,1.1134076492146194,0.1415753839900247,28340.43504688009,1.4576,False,False,False
fives,107_G,0.8535023443558094,0.9090908468876198,0.1305459902141426,Glaucoma,413415,1.2111186811521717,1.1022730339304014,0.1305459902141426,30786.3349007542,1.3441,False,False,False
fives,108_G,0.7384449255273309,0.7001445503519096,0.0258318882618154,Glaucoma,81931,0.944811290166268,1.075192458616786,0.0258318882618154,6270.789606480465,0.266,False,False,False
fives,109_G,0.8737998035632899,0.93375284652742,0.1185282982430785,Glaucoma,375624,1.1795474941035078,1.0918944881035788,0.1185282982430785,27320.212608728518,1.2203,False,False,False
fives,10_A,0.8442505425008676,0.8801541752229289,0.0878069090785589,AMD,279220,1.1242784247795896,1.0960406701751808,0.0878069090785589,18228.089598827813,0.904,False,False,False
fives,110_G,0.7833468896983414,0.8250359550322307,0.0801915625584109,Glaucoma,253984,1.1454539737600753,1.0973914899045225,0.0801915625584109,20441.126537691765,0.8256,False,False,False
fives,111_G,0.7794736144917457,0.7877628674669707,0.0674656202004688,Glaucoma,213662,1.1039317952735384,1.1072025683685327,0.0674656202004688,15540.47906683504,0.6946,False,False,False
fives,112_G,0.4356610658226723,0.4494111934540192,0.0339325167133511,Glaucoma,106665,1.1321039707762102,1.0845071075852262,0.0339325167133511,7745.655839020944,0.3494,False,False,False
fives,113_G,0.0809070419943884,0.0853018372703412,0.0021359998517602,Glaucoma,3804,0.8306408878512543,1.1013314384115027,0.0021359998517602,320.13708498984766,0.022,False,True,False
fives,114_G,0.0130531262237305,0.0219689119170984,0.0002600199782016,Glaucoma,600,0.7149918640598619,1.055095857842264,0.0002600199782016,72.97056274847712,0.0027,False,True,False
fives,115_G,0.8470432273326935,0.8728209222369591,0.0971273671354848,Glaucoma,307855,1.1541064872708342,1.0956679515917198,0.0971273671354848,23559.177402968104,1.0,False,False,False
fives,116_G,0.4232697707178856,0.4069595086425691,0.0290753532897974,Glaucoma,73962,1.0860124715137391,1.0840127274882234,0.0290753532897974,5436.981381891248,0.2994,False,False,False
fives,117_G,0.8961366233389202,0.9475851109308784,0.0965811202729778,Glaucoma,306141,1.1647231501610091,1.0919432499009925,0.0965811202729778,24589.754313627243,0.9944,False,False,False
fives,118_G,0.8782893986557297,0.929004931889026,0.1412261871467912,Glaucoma,448418,1.2126984296449943,1.0860395371817992,0.1412261871467912,32294.04853746569,1.454,False,False,False
fives,119_G,0.4479371316306483,0.433881738894766,0.0112553782023513,Glaucoma,35674,0.9103140196811388,1.0953682369637163,0.0112553782023513,2779.3069247615467,0.1159,False,True,False
fives,11_A,0.8030314621296736,0.835585850986759,0.0804539606689946,AMD,255646,1.110691301759904,1.0793925008823293,0.0804539606689946,17937.298618181303,0.8283,False,False,False
fives,120_G,0.7586992251303205,0.7944791761425435,0.0824114842953634,Glaucoma,260409,1.1477152215881408,1.092196858187115,0.0824114842953634,18355.23173445154,0.8485,False,False,False
fives,121_G,0.4040133699699056,0.4114663627106524,0.0113246369606054,Glaucoma,35852,0.9217935506644016,1.087436217927104,0.0113246369606054,2944.58614537513,0.1166,False,True,False
fives,122_G,0.0,0.0,0.0,Glaucoma,0,,,0.0,0.0,0.0,True,True,True
fives,123_G,0.0,0.0,0.0,Glaucoma,0,,,0.0,0.0,0.0,True,True,True
fives,124_G,0.6749880952087225,0.6458013036813507,0.0540943995666886,Glaucoma,148609,1.0945572740473737,1.0889753178871449,0.0540943995666886,8627.125968493538,0.5569,False,False,False
fives,125_G,0.8456853286556546,0.8707778901750259,0.1046541132013867,Glaucoma,330788,1.1340696344298515,1.080328293340493,0.1046541132013867,20213.28346627965,1.0775,False,False,False
fives,126_G,0.8203591670786853,0.8596511842521212,0.0726671917225691,Glaucoma,231034,1.1263067958977142,1.081193631821678,0.0726671917225691,18644.27719015649,0.7482,False,False,False
fives,127_G,0.7083020243988685,0.7185966911700823,0.0459919301791641,Glaucoma,145992,1.0460555555813102,1.0916176859422977,0.0459919301791641,12172.025822367656,0.4735,False,False,False
fives,128_G,0.830762086100404,0.8602685637006593,0.0774931994193811,Glaucoma,245792,1.130516195993344,1.087352130216711,0.0774931994193811,19947.221633183777,0.7979,False,False,False
fives,129_G,0.7708732495476837,0.788976983661344,0.061063555004845,Glaucoma,193525,1.1017976723361047,1.0807113556598045,0.061063555004845,14278.870626883325,0.6287,False,False,False
fives,12_A,0.8831523515319274,0.9468426112738804,0.1146961135993793,AMD,364251,1.165917250483847,1.0890161140561347,0.1146961135993793,25132.66390983161,1.1809,False,False,False
fives,130_G,0.8571052261345642,0.9031662564813552,0.1048932877025099,Glaucoma,332612,1.174254835776373,1.099989583458454,0.1048932877025099,25097.4822356886,1.08,False,False,False
fives,131_G,0.8612943133353076,0.9284985880849548,0.1187510041162057,Glaucoma,376228,1.185832866804375,1.0889584115144195,0.1187510041162057,27463.492695893867,1.2226,False,False,False
fives,132_G,0.8193223901087261,0.8495834612578872,0.0677518862904169,Glaucoma,214781,1.1191281384276257,1.0925765855002525,0.0677518862904169,19713.159800087906,0.6976,False,False,False
fives,133_G,0.549131813871358,0.4730995425148896,0.0193491192616383,Glaucoma,38021,1.1060644317639725,1.0823280904711148,0.0193491192616383,1982.1505037879424,0.1992,False,True,False
fives,134_G,0.8498729981417703,0.8880403999874061,0.1008369258944405,Glaucoma,319791,1.1624493055491711,1.0815905065184874,0.1008369258944405,24044.979710371663,1.0382,False,False,False
fives,135_G,0.650046832841705,0.6004387224114636,0.0304148416848968,Glaucoma,96641,0.9748339093377382,1.086494836341472,0.0304148416848968,6643.362333057501,0.3131,False,False,False
fives,136_G,0.0896452007563118,0.1013082623789001,0.0016117182739237,Glaucoma,5094,0.7563075735238121,1.07033319087473,0.0016117182739237,538.5046173579948,0.0166,False,True,False
fives,137_G,0.1971551894960843,0.1833438175303962,0.0040895829016516,Glaucoma,12967,0.850111312854125,1.0730277864673297,0.0040895829016516,1115.7787873376906,0.0421,False,True,False
fives,138_G,0.5185910785871274,0.5385584141574394,0.0105728692673247,Glaucoma,33517,0.9309795023791412,1.1584552109027375,0.0105728692673247,3210.4440097514,0.1089,False,True,False
fives,139_G,0.8809862172933675,0.937884587142896,0.1447249534778256,Glaucoma,459866,1.2108953106028029,1.0993299483524266,0.1447249534778256,32022.814264942783,1.4901,False,False,False
fives,13_A,0.859297401402454,0.9072038296355568,0.1088092662839472,AMD,345962,1.1569056369791693,1.0808000776160482,0.1088092662839472,23623.448614354973,1.1203,False,False,False
fives,140_G,0.7756079432893623,0.784662450062642,0.0497014511939112,Glaucoma,157537,1.0755910603760068,1.0840160982049938,0.0497014511939112,14115.21290608206,0.5117,False,False,False
fives,141_G,0.8758509689285225,0.9246035217505988,0.0991902137925181,Glaucoma,314418,1.1882545238116258,1.1153023127669908,0.0991902137925181,26517.674370036897,1.0212,False,False,False
fives,142_G,0.8813568273478011,0.9470189874020848,0.1406400104961115,Glaucoma,445927,1.223632119342385,1.0928875433107077,0.1406400104961115,33405.7785515681,1.448,False,False,False
fives,143_G,0.86832064375496,0.949451854231721,0.1477963489962289,Glaucoma,469596,1.212512230501447,1.0965758184565744,0.1477963489962289,32371.74615572376,1.5217,False,False,False
fives,144_G,0.4886066589826675,0.4941575084386863,0.0239960686945905,Glaucoma,75297,1.1169354122776731,1.103944761201395,0.0239960686945905,6670.309375740102,0.2471,False,False,False
fives,145_G,0.1866089826668283,0.226558727979576,0.0102897146197634,Glaucoma,18517,1.054406783444932,1.1568956315675831,0.0102897146197634,1809.0306627407992,0.1059,False,True,False
fives,146_G,0.8587406151610559,0.9392227675608288,0.1398560859890471,Glaucoma,443667,1.2176542479284675,1.0924617771236398,0.1398560859890471,32844.15531865224,1.4399,False,False,False
fives,147_G,0.8256012403964301,0.8710364031316746,0.074604429905947,Glaucoma,236688,1.1431458867061048,1.1031644366458144,0.074604429905947,20056.90200749913,0.7681,False,False,False
fives,148_G,0.2410572374794992,0.2321633932051031,0.0084049699361142,Glaucoma,21471,1.0076555880511149,1.1132896055283816,0.0084049699361142,1713.6753236814725,0.0865,False,True,False
fives,149_G,0.6964440504334122,0.6869446005383024,0.0230118983926047,Glaucoma,73033,0.9813079945024034,1.108276821402676,0.0230118983926047,4793.119333432876,0.2369,False,False,False
fives,14_A,0.882168616413053,0.9581786916780932,0.1219696624033758,AMD,387608,1.1808277725562486,1.0951412811629748,0.1219696624033758,26866.519174552566,1.2558,False,False,False
fives,150_G,0.8101018445155515,0.8534305808894733,0.0929616387275919,Glaucoma,294477,1.1606957316038389,1.0941882871036956,0.0929616387275919,22458.920476931107,0.9571,False,False,False
fives,151_N,0.7264599943870139,0.739065643856655,0.0972403930322543,Normal,308155,1.1561306424126665,1.0967289133569194,0.0972403930322543,20401.72119990788,1.0012,False,False,False
fives,152_N,0.6685480161529785,0.7256231763947237,0.0878039123315422,Normal,278085,1.1312837487412315,1.0956912500542682,0.0878039123315422,18825.33433155597,0.904,False,False,False
fives,153_N,0.5461627970400538,0.5203278536120534,0.0475566291216549,Normal,150711,1.0348578291688069,1.0907952304516169,0.0475566291216549,8398.413198333821,0.4896,False,False,False
fives,154_N,0.6434270993397108,0.6131310414454104,0.0540380899633072,Normal,171719,1.036328410492474,1.0869810731323053,0.0540380899633072,9956.72813232209,0.5564,False,False,False
fives,155_N,0.5639629285830055,0.499693483930856,0.0347636562378117,Normal,110167,1.1061805269687506,1.0944220751299196,0.0347636562378117,7306.874093090424,0.3579,False,False,False
fives,156_N,0.7011223165926334,0.6738240085334813,0.0529527741805542,Normal,168263,1.1316316961319175,1.089649539360873,0.0529527741805542,11939.757928511115,0.5452,False,False,False
fives,157_N,0.4034418978006086,0.3485142043154056,0.0406191377893741,Normal,124137,1.0973081646584946,1.097616138644729,0.0406191377893741,8425.555333957549,0.4182,False,False,False
fives,158_N,0.4853623997639131,0.450513113650143,0.0460562774402835,Normal,144858,1.1505029279228172,1.1237421712529847,0.0460562774402835,10199.57798747164,0.4742,False,False,False
fives,159_N,0.7149680610460087,0.7340939970704398,0.0857249743772509,Normal,271082,1.1729025579642554,1.0871969204631486,0.0857249743772509,17842.94032052913,0.8826,False,False,False
fives,15_A,0.8862062610628635,0.953059248517758,0.1179955507469513,AMD,374838,1.1696200726652357,1.0875073114180849,0.1179955507469513,25806.331224286383,1.2149,False,False,False
fives,160_N,0.7613292686607709,0.808294944485014,0.095741384554595,Normal,303120,1.1751925209416345,1.0986442903571485,0.095741384554595,21230.99241129476,0.9857,False,False,False
fives,161_N,0.693130715759939,0.7017673811906361,0.0720781490051254,Normal,227495,1.1304385136663075,1.088752220664832,0.0720781490051254,15322.759154000389,0.7421,False,False,False
fives,162_N,0.6865991123324324,0.7121558989646634,0.0701860747391927,Normal,221929,1.142426874528251,1.0883272865349116,0.0701860747391927,16442.65569034417,0.7226,False,False,False
fives,163_N,0.5481414931311567,0.530019691543209,0.0438891422939138,Normal,136345,1.1376721381361978,1.0891213295953044,0.0438891422939138,9693.25713629773,0.4519,False,False,False
fives,164_N,0.5338378196262014,0.4997198712183869,0.0459163772890229,Normal,145265,1.1344767382855518,1.0836831518965793,0.0459163772890229,9657.664207185157,0.4727,False,False,False
fives,165_N,0.5159489606276372,0.5350656920000815,0.063747538306962,Normal,201696,1.1336344126072908,1.1046649447639891,0.063747538306962,15790.143063759451,0.6563,False,False,False
fives,166_N,0.5258070438481075,0.5022145113823024,0.0856605899483747,Normal,271109,1.181453010603134,1.110308871672272,0.0856605899483747,19347.060161576264,0.8819,False,False,False
fives,167_N,0.537836675777771,0.5527428822838569,0.0557840129709286,Normal,176879,1.0807096947409829,1.0987966343552067,0.0557840129709286,12272.610742253491,0.5743,False,False,False
fives,168_N,0.5800876465346516,0.5635676533811816,0.063636257561122,Normal,201790,1.1033752525261873,1.1008699347795226,0.063636257561122,13833.727624707808,0.6552,False,False,False
fives,169_N,0.6037812527293501,0.6120650083470426,0.0613511051992725,Normal,193532,1.152714893616505,1.0816798565521202,0.0613511051992725,12933.437077337188,0.6317,False,False,False
fives,16_A,0.8465275420646851,0.8634298125874965,0.099956267441897,AMD,317702,1.1256048165691503,1.0972562105029322,0.099956267441897,20199.649265544253,1.0291,False,False,False
fives,170_N,0.4520099803541429,0.4370544025608036,0.0405467163957921,Normal,117378,1.1047828678994462,1.0947493819558582,0.0405467163957921,8111.021279348036,0.4175,False,False,False
fives,171_N,0.8600049301929499,0.9367981723313894,0.1444371318496579,Normal,458023,1.212645027244354,1.095738402676449,0.1444371318496579,31968.84370219431,1.4871,False,False,False
fives,172_N,0.8688183067162121,0.942557636933967,0.1388184788917207,Normal,440099,1.2147508617623648,1.1044717072734296,0.1388184788917207,31523.53172679888,1.4292,False,False,False
fives,173_N,0.7814196494028341,0.8503145264124999,0.1552353113235379,Normal,492507,1.2085008494225398,1.0976521389165608,0.1552353113235379,30863.518308000763,1.5983,False,False,False
fives,174_N,0.7623288709270017,0.8191234861787624,0.127315913290983,Normal,403780,1.2011402340527908,1.0981717213999769,0.127315913290983,28351.30214597233,1.3108,False,False,False
fives,175_N,0.6730541744556128,0.6995306125116124,0.1520158908433898,Normal,482522,1.2363572001144554,1.1116364064220638,0.1520158908433898,35333.21751068559,1.5651,False,False,False
fives,176_N,0.6969154165069166,0.7684073884205901,0.1315102074254727,Normal,417370,1.2125306203209525,1.1058373562730583,0.1315102074254727,30118.77104995564,1.354,False,False,False
fives,177_N,0.6981557906379119,0.7067830754727735,0.1373047336037997,Normal,435673,1.220919538958012,1.1071932936695137,0.1373047336037997,29758.49723891345,1.4137,False,False,False
fives,178_N,0.703258961945005,0.7233158612292319,0.1529424143741807,Normal,485477,1.2264298668553475,1.1058865564950138,0.1529424143741807,32300.930788459576,1.5747,False,False,False
fives,179_N,0.8749982525503234,0.9410585155121256,0.1317552480191786,Normal,418349,1.1947649177303592,1.0933125205961518,0.1317552480191786,29005.03721070865,1.3565,False,False,False
fives,17_A,0.8700527462220201,0.9142228853982148,0.1095850676247682,AMD,347951,1.1766329292646316,1.0885531232374883,0.1095850676247682,25757.748396441584,1.1283,False,False,False
fives,180_N,0.8690724697673043,0.9149596686567132,0.1094585807875944,Normal,347457,1.1819289127730284,1.100655344874346,0.1094585807875944,26133.30265358664,1.127,False,False,False
fives,181_N,0.8912542316559015,0.9531729842780224,0.1091807336931201,Normal,346834,1.168940907744105,1.0928527850988383,0.1091807336931201,24701.911601152635,1.1241,False,False,False
fives,182_N,0.9018673188659114,0.9551164108498796,0.1206389633738048,Normal,394563,1.197811779934677,1.1604376975522968,0.1206389633738048,29793.8652788959,1.2421,False,False,False
fives,183_N,0.7244414547737567,0.7074279082355736,0.0723659110682083,Normal,229322,1.1354891622554846,1.0981507658012994,0.0723659110682083,15732.11867714183,0.7451,False,False,False
fives,184_N,0.894472134299719,0.9444568102279828,0.1178092633209408,Normal,384854,1.1944605341764465,1.1113921457358578,0.1178092633209408,29436.476677440445,1.2129,False,False,False
fives,185_N,0.7426509957476835,0.8010103918664889,0.1381309254851174,Normal,437947,1.195723686311749,1.0938364036295876,0.1381309254851174,28321.570039828875,1.4222,False,False,False
fives,186_N,0.7259625929692329,0.7706324881559972,0.1384216714709043,Normal,438765,1.2222992162962931,1.0983109835228235,0.1384216714709043,30498.6646277066,1.4252,False,False,False
fives,187_N,0.7790184565153851,0.8636781002287849,0.1530063279660902,Normal,485111,1.2246984632391384,1.0984218562266972,0.1530063279660902,33429.49968989201,1.5753,False,False,False
fives,188_N,0.7676642641324308,0.8232175933713233,0.1398251307359378,Normal,443665,1.2340153032958598,1.1054333251090442,0.1398251307359378,36728.20149223217,1.4396,False,False,False
fives,189_N,0.800174128438117,0.8715402326408306,0.1397703169867341,Normal,444012,1.2058112788307898,1.096926671733056,0.1397703169867341,31384.583458626978,1.439,False,False,False
fives,18_A,0.5139162125963285,0.570035896153635,0.0207274790392737,AMD,65760,0.968165152920234,1.0949006229357898,0.0207274790392737,6728.597831069678,0.2134,False,False,False
fives,190_N,0.7913151585116774,0.8324071629445244,0.1262020018863832,Normal,400339,1.1854536075371347,1.096250075182032,0.1262020018863832,27605.021699869496,1.2993,False,False,False
fives,191_N,0.7725276980719002,0.7990444649793099,0.1245882438598653,Normal,395280,1.196313429672755,1.10332086535163,0.1245882438598653,28675.487645259967,1.2827,False,False,False
fives,192_N,0.7469260297754277,0.7928047190850305,0.1453355519418651,Normal,461435,1.2334118764381206,1.0997066812766856,0.1453355519418651,33792.50560707766,1.4963,False,False,False
fives,193_N,0.8348746085482406,0.9015325148838308,0.1285039151476146,Normal,407324,1.2011174026147529,1.0883500973823368,0.1285039151476146,29725.99731325185,1.323,False,False,False
fives,194_N,0.8449419303061111,0.9047823572941686,0.1252789102452899,Normal,397911,1.205158689492998,1.0936389174864345,0.1252789102452899,30179.098177252738,1.2898,False,False,False
fives,195_N,0.8602846054333765,0.9400048327015756,0.1385687943445629,Normal,439838,1.203050274666449,1.0946231385233434,0.1385687943445629,31752.02797599265,1.4267,False,False,False
fives,196_N,0.8513114904782199,0.913912796322652,0.1162571099835996,Normal,369109,1.1413726525673114,1.0927984229810237,0.1162571099835996,21242.328414370324,1.197,False,False,False
fives,197_N,0.6691962432341398,0.7121496622018809,0.0887707572732436,Normal,280861,1.2045083362606754,1.104939538409305,0.0887707572732436,18997.625745478374,0.914,False,False,False
fives,198_N,0.7776716501674208,0.8588558283450702,0.1186750720110746,Normal,375829,1.1989940669591812,1.1034631399669108,0.1186750720110746,28123.067514511957,1.2218,False,False,False
fives,199_N,0.787852438131895,0.8725795369159305,0.1704940572984835,Normal,541632,1.230764333992454,1.0947024449687934,0.1704940572984835,33929.54009496307,1.7554,False,False,False
fives,19_A,0.8346109143507856,0.8463081061362071,0.0776832981475986,AMD,246612,1.121209444598637,1.0889659957097804,0.0776832981475986,16806.218315653445,0.7998,False,False,False
fives,1_A,0.7886635774420021,0.8365590735347812,0.1221698786310604,AMD,386977,1.1803752855034515,1.103770108005322,0.1221698786310604,25075.04067691576,1.2578,False,False,False
fives,200_N,0.7846644139175336,0.846511506508844,0.1622137098259008,Normal,515406,1.2424540854095492,1.099296081533256,0.1622137098259008,35785.615346857034,1.6701,False,False,False
fives,20_A,0.8502845072217294,0.9405162016936894,0.1422024382307942,AMD,451902,1.2075815357571411,1.0969437441941017,0.1422024382307942,31906.587642709084,1.4641,False,False,False
fives,21_A,0.7626839645944431,0.737740698728887,0.0691101249808372,AMD,219544,1.070834732419221,1.0817590896417886,0.0691101249808372,13664.543858523744,0.7115,False,False,False
fives,22_A,0.8715450861992148,0.9549449982677756,0.1303920560804954,AMD,414777,1.1964655405905196,1.0807463485305362,0.1303920560804954,30587.530501309608,1.3425,False,False,False
fives,23_A,0.70949261784419,0.7144728527375435,0.1300800688612956,AMD,413770,1.199404376217854,1.0797192149525592,0.1300800688612956,30233.80553784108,1.3393,False,False,False
fives,24_A,0.6485222110176627,0.6871546887948363,0.0466025506872576,AMD,148306,1.054223459273028,1.108520494813756,0.0466025506872576,11448.776039005596,0.4798,False,False,False
fives,25_A,0.8659734821812525,0.8951599643725989,0.0940986875608194,AMD,298606,1.166809723259473,1.079673393505693,0.0940986875608194,22963.77538271456,0.9688,False,False,False
fives,26_A,0.8711766102923714,0.9509368017366548,0.139078904752483,AMD,441437,1.201485939213895,1.0870718674999509,0.139078904752483,29873.956041629022,1.4319,False,False,False
fives,27_A,0.4229486804508741,0.4055747493996783,0.0152606377991354,AMD,48502,0.9166944159065692,1.0736384705075208,0.0152606377991354,3525.048265621007,0.1571,False,True,False
fives,28_A,0.8321220675526272,0.884591542875363,0.0997660035508552,AMD,317039,1.125798964643249,1.0848613261069149,0.0997660035508552,19857.64003082826,1.0272,False,False,False
fives,29_A,0.852545752140264,0.8501900743916904,0.0909852291281844,AMD,288647,1.1391454894990052,1.087197987048356,0.0909852291281844,21924.384330280547,0.9368,False,False,False
fives,2_A,0.818240458472977,0.8758788869322696,0.1252450000426018,AMD,396886,1.2090115007618645,1.1036418902255567,0.1252450000426018,30482.03843619793,1.2895,False,False,False
fives,30_A,0.8310940530999975,0.8744835554387813,0.0975627674561444,AMD,309425,1.1495469762508004,1.091787859247812,0.0975627674561444,21974.011747278502,1.0045,False,False,False
fives,31_A,0.8797922463364868,0.9417357416326704,0.1390079095454899,AMD,441705,1.2112773278862246,1.0833505229708924,0.1390079095454899,32047.671770381552,1.4312,False,False,False
fives,32_A,0.8844636687613918,0.9647902333653596,0.1318013268023332,AMD,418390,1.2051058508522894,1.079380702405763,0.1318013268023332,30592.127614504272,1.357,False,False,False
fives,33_A,0.8228204090287013,0.952320824324618,0.1888829574016977,AMD,599377,1.2626519489501122,1.0882020123025231,0.1888829574016977,42009.74514049519,1.9447,False,False,False
fives,34_A,0.8281342087576902,0.8658951753404197,0.0866894816192033,AMD,275654,1.090259387021845,1.1082583013457508,0.0866894816192033,16933.696454352754,0.8925,False,False,False
fives,35_A,0.8745958733732427,0.9447022897356864,0.1370677226056781,AMD,435319,1.205110046739789,1.087581203756646,0.1370677226056781,30851.138074709543,1.4112,False,False,False
fives,36_A,0.8746315228792654,0.9466693925280456,0.1366520069465295,AMD,434200,1.2086937399007307,1.0843410966222096,0.1366520069465295,30635.303371461632,1.4069,False,False,False
fives,37_A,0.4904449293325353,0.5012304538146101,0.0189685674429045,AMD,60333,0.9351389708467098,1.0868215470653642,0.0189685674429045,4266.862407395879,0.1953,False,True,False
fives,38_A,0.814748676719064,0.8313457941892974,0.070741772292937,AMD,224758,1.087737029289469,1.076839560899161,0.070741772292937,16359.044650737138,0.7283,False,False,False
fives,39_A,0.8042135851798039,0.8385053119791267,0.0858361907779668,AMD,273059,1.1290581985488133,1.0871640426055045,0.0858361907779668,20468.700997372354,0.8837,False,False,False
fives,3_A,0.8481448015176531,0.9407464915168664,0.1869504981393655,AMD,593064,1.2592673675468882,1.095195229723839,0.1869504981393655,40169.27587757437,1.9248,False,False,False
fives,40_A,0.8969101767919191,0.942112195828766,0.0951303295249863,AMD,301943,1.1490294115350894,1.0829135827612222,0.0951303295249863,22500.989452701928,0.9794,False,False,False
fives,41_A,0.8054613886927257,0.8344340842245217,0.1002686373446154,AMD,318904,1.1278001550337715,1.0920424721319657,0.1002686373446154,19824.75777983435,1.0323,False,False,False
fives,42_A,0.8079812813400016,0.833204494108192,0.0915894807135174,AMD,290630,1.1425281978584898,1.1042513706968955,0.0915894807135174,22178.116436424003,0.943,False,False,False
fives,43_A,0.8557638561663827,0.8860151192979875,0.0853947712789271,AMD,270815,1.1623348871734889,1.082396592529409,0.0853947712789271,23150.631155049767,0.8792,False,False,False
fives,44_A,0.8434452726688895,0.9103084400102764,0.1332558725933471,AMD,423309,1.1899871443729564,1.2235586489527983,0.1332558725933471,28065.288727174266,1.372,False,False,False
fives,45_A,0.8430412896092181,0.8950630593948441,0.0817120426910711,AMD,260002,1.1352498997013187,1.0814454168670342,0.0817120426910711,19398.829714197997,0.8413,False,False,False
fives,46_A,0.8198083427502252,0.8538453648214345,0.0722932067435714,AMD,229895,1.102974306774702,1.0825034530729414,0.0722932067435714,16727.01730552667,0.7443,False,False,False
fives,47_A,0.8174444150613316,0.825014503224046,0.0618314979049949,AMD,196119,1.1104357855642908,1.0869465792651785,0.0618314979049949,13687.406773533896,0.6366,False,False,False
fives,48_A,0.886078501831606,0.9652327888869742,0.1318013268023332,AMD,418390,1.2051058508522894,1.079380702405763,0.1318013268023332,30592.127614504272,1.357,False,False,False
fives,49_A,0.8900977886828472,0.9512062511254789,0.1262946730749596,AMD,400782,1.1869137960526996,1.0867150314894725,0.1262946730749596,28540.886706920708,1.3003,False,False,False
fives,4_A,0.8623386696495627,0.8682249906119863,0.112867443936024,AMD,358524,1.16378060819143,1.090411554331128,0.112867443936024,25017.43050386049,1.1621,False,False,False
fives,50_A,0.8906830424206617,0.9232376021770854,0.1020488876163747,AMD,324343,1.1527486147018051,1.0848973888195197,0.1020488876163747,22495.954098264745,1.0507,False,False,False
fives,51_D,0.1648513327022434,0.215731166622814,0.0022850045668552,DR,7245,0.8453782067810391,1.0777895949812204,0.0022850045668552,1051.187950266181,0.0235,False,True,False
fives,52_D,0.8387316659702032,0.8639830352265161,0.049092934912894,DR,155844,1.070823653542328,1.1110745319377946,0.049092934912894,13657.911390891895,0.5054,False,False,False
fives,53_D,0.7212293388429752,0.6911615192328879,0.0603973232456679,DR,166637,1.072281745363622,1.082821124140004,0.0603973232456679,9964.761753655725,0.6218,False,False,False
fives,54_D,0.8701129359970784,0.9557666751595104,0.1387209172833082,DR,440963,1.2130825517485662,1.0916261258875597,0.1387209172833082,32523.35719533079,1.4282,False,False,False
fives,55_D,0.7864204515391159,0.7652055401170424,0.0327493109405559,DR,103919,1.0237398483975368,1.088523195063594,0.0327493109405559,5798.811901057055,0.3372,False,False,False
fives,56_D,0.8626791297994231,0.892252560537708,0.0969631185748681,DR,307031,1.1364310410063618,1.0846456590151563,0.0969631185748681,20597.665642935182,0.9983,False,False,False
fives,57_D,0.4408693909109132,0.4551900588816832,0.0247219756449816,DR,78621,0.9608017536046356,1.0798712270482085,0.0247219756449816,6207.643286774621,0.2545,False,False,False
fives,58_D,0.8572549144145575,0.894297058504958,0.0974014311833919,DR,309671,1.1505890484046395,1.0922344055423638,0.0974014311833919,22562.999912907188,1.0028,False,False,False
fives,59_D,0.8184260453821052,0.8205095894079711,0.0921834459847028,DR,293295,1.14096406039208,1.0799275264019084,0.0921834459847028,21574.35489302902,0.9491,False,False,False
fives,5_A,0.8567173058581051,0.9083005603811464,0.1613708662116552,AMD,512449,1.2241297033647336,1.09553540617573,0.1613708662116552,33705.34536095949,1.6614,False,False,False
fives,60_D,0.8453387124767091,0.8377568582724183,0.09000569341734,DR,286138,1.133679966013826,1.10015169099918,0.09000569341734,20770.305253241964,0.9267,False,False,False
fives,61_D,0.6254211624266288,0.5695465791209469,0.0284933315760233,DR,90367,1.0091257202917576,1.0878266335262774,0.0284933315760233,7562.93801822736,0.2934,False,False,False
fives,62_D,0.1265134285735314,0.1959311951702426,0.0056203716233373,DR,17818,0.9018504078992368,1.084281886090191,0.0056203716233373,2742.245958217449,0.0579,False,True,False
fives,63_D,0.6929784509159753,0.6986062134021935,0.0700170812578034,DR,222128,1.0596451290798516,1.0797499708449465,0.0700170812578034,13486.208721999952,0.7209,False,False,False
fives,64_D,0.7693635375696872,0.8079818988451044,0.0890244437728804,DR,281917,1.1631703973486105,1.0950064808734312,0.0890244437728804,17509.818387440944,0.9166,False,False,False
fives,65_D,0.7960312182829944,0.8073194199855078,0.0774884008310021,DR,246060,1.0952269999906623,1.0900525568478956,0.0774884008310021,15908.15734910935,0.7978,False,False,False
fives,66_D,0.6392285924739156,0.6352598827919156,0.0419314401791209,DR,133266,0.9946363720123838,1.0857165490669418,0.0419314401791209,7823.355190382562,0.4317,False,False,False
fives,67_D,0.7210475144916709,0.7338551064963735,0.0650197530770313,DR,205200,1.139099111310058,1.0774513440028182,0.0650197530770313,15271.032098490808,0.6694,False,False,False
fives,68_D,0.8155710517712556,0.8698807968291301,0.0926003976030164,DR,293310,1.1555216582825556,1.092852895591844,0.0926003976030164,22018.73339321671,0.9534,False,False,False
fives,69_D,0.8915151952422427,0.9457031631284722,0.1282494565420938,DR,407492,1.1843920655977087,1.0800635880705285,0.1282494565420938,27678.196231337577,1.3204,False,False,False
fives,6_A,0.8671230686896628,0.894122540790224,0.1207413109198967,AMD,382894,1.1832211837699698,1.07978575694846,0.1207413109198967,27001.96491740751,1.2431,False,False,False
fives,70_D,0.8929372164149526,0.9553089012794824,0.1109733079994076,DR,352186,1.1545701203703724,1.089263423641014,0.1109733079994076,23003.533967516723,1.1426,False,False,False
fives,71_D,0.7548254786624817,0.7833455447230919,0.0391687182908103,DR,124127,1.0438123706763227,1.0996842746158728,0.0391687182908103,10804.776905557368,0.4033,False,False,False
fives,72_D,0.8782775237459451,0.8757565532357382,0.0962996168821527,DR,305475,1.139383024179499,1.0849813702058064,0.0962996168821527,21098.00460460357,0.9915,False,False,False
fives,73_D,0.8309003612705463,0.912538580327533,0.1031158033801843,DR,327506,1.138169678625927,1.0864976709336969,0.1031158033801843,21430.193421421536,1.0617,False,False,False
fives,74_D,0.8305417615211315,0.8924984614563227,0.1105694242510526,DR,351042,1.1616259892342795,1.0870148858836397,0.1105694242510526,24371.686204408208,1.1384,False,False,False
fives,75_D,0.8230147669620974,0.9043085693900238,0.1242032759164886,DR,394291,1.1920107513160216,1.0821562080168954,0.1242032759164886,28231.20337401252,1.2788,False,False,False
fives,76_D,0.7075698794914643,0.7163596631076522,0.0351366339073908,DR,111769,1.0260058723632302,1.1426277132250424,0.0351366339073908,7752.874093090436,0.3618,False,False,False
fives,77_D,0.8757799873231379,0.9450922845687708,0.1144530810668106,DR,363298,1.1744803058004405,1.0876592770974896,0.1144530810668106,26550.43259590154,1.1784,False,False,False
fives,78_D,0.8412610374806472,0.8490383329309054,0.0441667443283856,DR,140281,1.030892672482199,1.0900527949928676,0.0441667443283856,10303.39804643218,0.4547,False,False,False
fives,79_D,0.8730111250629834,0.8944633026914229,0.0973057428229672,DR,308965,1.1335102355892523,1.0932041967362882,0.0973057428229672,20550.33555704525,1.0018,False,False,False
fives,7_A,0.849998819577242,0.8767711478018962,0.1211686728476687,AMD,384854,1.2047102175635531,1.0909153883012597,0.1211686728476687,30330.879923183264,1.2475,False,False,False
fives,80_D,0.873712903950485,0.8961136029604893,0.0876268955752167,DR,277374,1.127224507477162,1.0956993855214443,0.0876268955752167,18075.226683817666,0.9022,False,False,False
fives,81_D,0.8689709659568887,0.9307138513282196,0.1039119027745191,DR,330396,1.1716918051525211,1.1005431240282766,0.1039119027745191,24464.87711326722,1.0699,False,False,False
fives,82_D,0.7556054711002367,0.7481524133228462,0.0400915311906522,DR,127233,1.0368449392970318,1.0902614205411667,0.0400915311906522,9893.71088837939,0.4128,False,False,False
fives,83_D,0.786934215318948,0.776228676275747,0.0810814046050072,DR,257393,1.0763623636932556,1.0964564697513353,0.0810814046050072,14916.93368546848,0.8348,False,False,False
fives,84_D,0.8585727899080706,0.8881132822943539,0.1068300420844093,DR,339292,1.1549926936687889,1.087121853138364,0.1068300420844093,24246.05792085846,1.0999,False,False,False
fives,85_D,0.7884138918725385,0.8207179106732305,0.0798261768265825,DR,253187,1.113189973186615,1.0939697321489212,0.0798261768265825,18199.094649461687,0.8219,False,False,False
fives,86_D,0.8046545309261618,0.7997737036647918,0.082584866426111,DR,262082,1.12088351735368,1.08569406722951,0.082584866426111,18803.08454819392,0.8503,False,False,False
fives,87_D,0.8785853644551543,0.9073660684823932,0.1040567144734054,DR,330504,1.1398643467480525,1.1024980181473107,0.1040567144734054,21027.18837078764,1.0713,False,False,False
fives,88_D,0.8176138496738045,0.8229682304740509,0.0812965643890698,DR,258709,1.1137669110883583,1.0910720064550647,0.0812965643890698,17552.603091964294,0.837,False,False,False
fives,89_D,0.8970548587979298,0.9492761870209055,0.1127562078323048,DR,357463,1.1757663725503773,1.0876320589178392,0.1127562078323048,26834.38800674837,1.1609,False,False,False
fives,8_A,0.8139179730433274,0.7856499179510551,0.0760795071592175,AMD,241446,1.133378747402056,1.0885236432175995,0.0760795071592175,20220.88981419032,0.7833,False,False,False
fives,90_D,0.7979202381176648,0.8119090672046689,0.0760661265301477,DR,241294,1.1116020996580416,1.0927584030498687,0.0760661265301477,16450.221274246273,0.7832,False,False,False
fives,91_D,0.7682930907337301,0.7666974308250076,0.07495306254115,DR,237814,1.099432317760645,1.0953363988922442,0.07495306254115,15781.263771358394,0.7717,False,False,False
fives,92_D,0.8202092339533272,0.849873075175685,0.1017784855114839,DR,323027,1.144497650254215,1.093603903650774,0.1017784855114839,21843.29305993313,1.0479,False,False,False
fives,93_D,0.8214650015633836,0.8197424568002321,0.0886846584431341,DR,281203,1.1156407147689658,1.097437210797656,0.0886846584431341,18052.876395392213,0.9131,False,False,False
fives,94_D,0.8262173272132405,0.8684071603054601,0.0617447481090923,DR,195872,1.1006330474560713,1.1123327803763123,0.0617447481090923,14044.725532666758,0.6357,False,False,False
fives,95_D,0.6664982242032751,0.6473707257263217,0.0235253977188751,DR,74811,0.9642644089902574,1.0823772141930483,0.0235253977188751,5392.638236140743,0.2422,False,False,False
fives,96_D,0.8431802694383931,0.8835196365262662,0.1057509260820309,DR,335581,1.1546301253553417,1.0954673969730346,0.1057509260820309,24043.26188957806,1.0888,False,False,False
fives,97_D,0.7869403533836166,0.7794768885535255,0.0682060450002139,DR,216779,1.0679878546441914,1.0849591566922134,0.0682060450002139,13498.374377689548,0.7022,False,False,False
fives,98_D,0.8669090355475925,0.9356112388344614,0.1210569939310268,DR,384416,1.1488140898242618,1.100712901629781,0.1210569939310268,23152.718600252563,1.2464,False,False,False
fives,99_D,0.8722713469367883,0.930633072958194,0.1033243135609268,DR,328462,1.163684537229541,1.0925191222065176,0.1033243135609268,25183.229493733717,1.0638,False,False,False
fives,9_A,0.877508312772214,0.9512453010045056,0.1380376259027008,AMD,438430,1.2063424975891386,1.0864309467871698,0.1380376259027008,30653.30250490987,1.4212,False,False,False
