method,paper_title,first_author,year,venue,doi,dataset,dice,f1_reported_as,iou,cldice,sensitivity,specificity,accuracy,auc_roc,notes,source_url
U-Net,Kalman Filter Based Linear Deformable for Retinal Vessel Segmentation,Zhihao Zhao,2026,arXiv preprint (arXiv:2410.21160v2),,drive,0.8141,Dice,0.6864,,0.8057,0.9833,0.9678,0.9825,"Baseline U-Net as re-implemented/reported by the LDCANet authors; source prints percentages (81.41 etc.), normalised to 0-1 here; official DRIVE 20/20 split",https://arxiv.org/html/2410.21160
UNet++,Kalman Filter Based Linear Deformable for Retinal Vessel Segmentation,Zhihao Zhao,2026,arXiv preprint (arXiv:2410.21160v2),,drive,0.8114,Dice,0.6827,,0.7891,0.9850,0.9679,0.9825,Comparison row reported by LDCANet authors,https://arxiv.org/html/2410.21160
FR-UNet,Kalman Filter Based Linear Deformable for Retinal Vessel Segmentation,Zhihao Zhao,2026,arXiv preprint (arXiv:2410.21160v2),,drive,0.8316,Dice,0.7120,,0.8356,0.9837,0.9705,0.9889,"Matches FR-UNet self-reported DSC 83.16 in Fadugba et al. 2024 survey table; original FR-UNet paper doi 10.1109/JBHI.2022.3188710",https://arxiv.org/html/2410.21160
TransUNet,Kalman Filter Based Linear Deformable for Retinal Vessel Segmentation,Zhihao Zhao,2026,arXiv preprint (arXiv:2410.21160v2),,drive,0.8039,Dice,0.6721,,0.7906,0.9831,0.9662,0.9774,Transformer hybrid comparison row reported by LDCANet authors,https://arxiv.org/html/2410.21160
RVSeg,Kalman Filter Based Linear Deformable for Retinal Vessel Segmentation,Zhihao Zhao,2026,arXiv preprint (arXiv:2410.21160v2),,drive,0.8107,Dice,0.6817,,0.8107,0.9845,0.9681,0.9817,Comparison row reported by LDCANet authors,https://arxiv.org/html/2410.21160
LDCANet,Kalman Filter Based Linear Deformable for Retinal Vessel Segmentation,Zhihao Zhao,2026,arXiv preprint (arXiv:2410.21160v2),,drive,0.8287,Dice,0.7078,,0.8134,0.9869,0.9725,0.9892,Proposed method of that paper,https://arxiv.org/html/2410.21160
R2U-Net,Study Group Learning: Improving Retinal Vessel Segmentation Trained with Noisy Labels,Yuqian Zhou,2021,arXiv preprint (arXiv:2103.03451),,drive,0.8171,DICE,,,0.7792,0.9813,0.9556,0.9784,"Value tabulated by the SGL authors from the original 2018 paper; SGL tables use the word DICE",https://ar5iv.labs.arxiv.org/html/2103.03451
LadderNet,Study Group Learning: Improving Retinal Vessel Segmentation Trained with Noisy Labels,Yuqian Zhou,2021,arXiv preprint (arXiv:2103.03451),,drive,0.8202,DICE,,,0.7856,0.9810,0.9561,0.9793,Comparison row tabulated by SGL authors,https://ar5iv.labs.arxiv.org/html/2103.03451
Dual E-UNet (DEU-Net),Study Group Learning: Improving Retinal Vessel Segmentation Trained with Noisy Labels,Yuqian Zhou,2021,arXiv preprint (arXiv:2103.03451),,drive,0.8270,DICE,,,0.7940,0.9816,0.9567,0.9772,Comparison row tabulated by SGL authors; same value (82.70) appears in Fadugba et al. 2024 survey,https://ar5iv.labs.arxiv.org/html/2103.03451
IterNet,Study Group Learning: Improving Retinal Vessel Segmentation Trained with Noisy Labels,Yuqian Zhou,2021,arXiv preprint (arXiv:2103.03451),,drive,0.8218,DICE,,,0.7791,0.9831,0.9574,0.9813,Comparison row tabulated by SGL authors (Fadugba survey lists 82.05 for the same method - protocol dependent),https://ar5iv.labs.arxiv.org/html/2103.03451
SA-UNet,Study Group Learning: Improving Retinal Vessel Segmentation Trained with Noisy Labels,Yuqian Zhou,2021,arXiv preprint (arXiv:2103.03451),,drive,0.8263,DICE,,,0.8212,0.9840,0.9698,0.9864,"Original SA-UNet is Guo et al. ICPR 2020; identical DSC 82.63 / AUC 98.64 also tabulated in Fadugba et al. 2024",https://ar5iv.labs.arxiv.org/html/2103.03451
BEFD-UNet,Study Group Learning: Improving Retinal Vessel Segmentation Trained with Noisy Labels,Yuqian Zhou,2021,arXiv preprint (arXiv:2103.03451),,drive,0.8267,DICE,,,0.8215,0.9845,0.9701,0.9867,Comparison row tabulated by SGL authors,https://ar5iv.labs.arxiv.org/html/2103.03451
SGL (K=8),Study Group Learning: Improving Retinal Vessel Segmentation Trained with Noisy Labels,Yuqian Zhou,2021,arXiv preprint (arXiv:2103.03451),,drive,0.8316,DICE,,,0.8380,0.9834,0.9705,0.9886,Proposed method; Fadugba survey lists Zhou et al. 2021 DSC 83.16 / AUC 98.86 consistently,https://ar5iv.labs.arxiv.org/html/2103.03451
U-Net,Dynamic Snake Convolution based on Topological Geometric Constraints for Tubular Structure Segmentation,Yaolei Qi,2023,arXiv preprint (arXiv:2307.08388); ICCV 2023 per search listing (not verified on fetched page),,drive,0.8073,Dice,,0.7966,,,0.9674,0.8857,"Mean +/- std over runs (80.73+/-1.77); AUC here is much lower than in other papers (88.57) - DSCNet computes AUC differently, do not compare across papers",https://ar5iv.labs.arxiv.org/html/2307.08388
TransUNet,Dynamic Snake Convolution based on Topological Geometric Constraints for Tubular Structure Segmentation,Yaolei Qi,2023,arXiv preprint (arXiv:2307.08388),,drive,0.8056,Dice,,0.7902,,,0.9675,0.8802,clDice reported; AUC definition differs from other papers,https://ar5iv.labs.arxiv.org/html/2307.08388
CS2-Net,Dynamic Snake Convolution based on Topological Geometric Constraints for Tubular Structure Segmentation,Yaolei Qi,2023,arXiv preprint (arXiv:2307.08388),,drive,0.7753,Dice,,0.7488,,,0.9646,0.8473,CS2-Net re-implemented by DSCNet authors; notably lower than the CS-Net original paper claims,https://ar5iv.labs.arxiv.org/html/2307.08388
DCU-Net,Dynamic Snake Convolution based on Topological Geometric Constraints for Tubular Structure Segmentation,Yaolei Qi,2023,arXiv preprint (arXiv:2307.08388),,drive,0.8083,Dice,,0.8019,,,0.9677,0.8845,Comparison row,https://ar5iv.labs.arxiv.org/html/2307.08388
DSCNet (topology loss),Dynamic Snake Convolution based on Topological Geometric Constraints for Tubular Structure Segmentation,Yaolei Qi,2023,arXiv preprint (arXiv:2307.08388),,drive,0.8206,Dice,,0.8207,,,0.9687,0.9027,Proposed method with L_TC topological continuity loss; one of the few papers reporting clDice on DRIVE,https://ar5iv.labs.arxiv.org/html/2307.08388
FSG-Net-L,Full-scale Representation Guided Network for Retinal Vessel Segmentation,Sunyong Seo,2025,arXiv preprint (arXiv:2501.18921v1),,drive,0.8323,F1 Score,,,0.8421,,0.9704,0.9824,"Paper writes F1 Score; its IoU column is mIoU (class-averaged, 84.068) not vessel-only Jaccard, so IoU left blank; 565x584 padded to 608x608; journal version BMC Med Imaging 2025 doi 10.1186/s12880-025-02021-4 (DOI seen in search-result URL only)",https://arxiv.org/html/2501.18921v1
FR-UNet,Full-scale Representation Guided Network for Retinal Vessel Segmentation,Sunyong Seo,2025,arXiv preprint (arXiv:2501.18921v1),,drive,0.8300,F1 Score,,,0.8387,,0.9701,0.9816,Re-trained by FSG-Net authors under their unified protocol; slightly lower than FR-UNet self-reported 0.8316,https://arxiv.org/html/2501.18921v1
Attention U-Net,Full-scale Representation Guided Network for Retinal Vessel Segmentation,Sunyong Seo,2025,arXiv preprint (arXiv:2501.18921v1),,drive,0.8308,F1 Score,,,0.8342,,0.9704,0.9784,Re-trained by FSG-Net authors,https://arxiv.org/html/2501.18921v1
U-Net3+ (deep supervision),Full-scale Representation Guided Network for Retinal Vessel Segmentation,Sunyong Seo,2025,arXiv preprint (arXiv:2501.18921v1),,drive,0.8303,F1 Score,,,0.8372,,0.9702,0.9808,Re-trained by FSG-Net authors,https://arxiv.org/html/2501.18921v1
U-Net,Retinal Vessel Segmentation via Neuron Programming,Tingting Wu,2024,arXiv preprint (arXiv:2411.11110v1),,drive,0.8012,F1,,,0.7947,0.9803,0.9536,0.9860,Baseline U-Net as reported by the Neuron Programming authors; paper writes F1 not Dice,https://arxiv.org/html/2411.11110v1
Neuron Programming,Retinal Vessel Segmentation via Neuron Programming,Tingting Wu,2024,arXiv preprint (arXiv:2411.11110v1),,drive,0.8334,F1,,,0.8489,0.9825,0.9701,0.9901,Proposed method,https://arxiv.org/html/2411.11110v1
U-Net,Benchmarking Retinal Blood Vessel Segmentation Models for Cross-Dataset and Cross-Disease Generalization,Jeremiah Fadugba,2024,arXiv preprint (arXiv:2406.14994v1),,drive,0.7723,DSC,,,,,,,"Authors' own controlled re-training (DiceBCE loss, CLAHE, images resampled to 512x512, official split). Much lower than DRIVE numbers self-reported in the literature - illustrates protocol sensitivity",https://arxiv.org/pdf/2406.14994
FR-UNet,Benchmarking Retinal Blood Vessel Segmentation Models for Cross-Dataset and Cross-Disease Generalization,Jeremiah Fadugba,2024,arXiv preprint (arXiv:2406.14994v1),,drive,0.8062,DSC,,,,,,,Controlled re-training at 512x512 by the benchmark authors (vs 0.8316 self-reported by FR-UNet at native resolution),https://arxiv.org/pdf/2406.14994
MA-Net,Benchmarking Retinal Blood Vessel Segmentation Models for Cross-Dataset and Cross-Disease Generalization,Jeremiah Fadugba,2024,arXiv preprint (arXiv:2406.14994v1),,drive,0.7778,DSC,,,,,,,Controlled re-training at 512x512 by the benchmark authors,https://arxiv.org/pdf/2406.14994
SA-UNet,Benchmarking Retinal Blood Vessel Segmentation Models for Cross-Dataset and Cross-Disease Generalization,Jeremiah Fadugba,2024,arXiv preprint (arXiv:2406.14994v1),,drive,0.8165,DSC,,,,,,,Controlled re-training at 512x512 by the benchmark authors,https://arxiv.org/pdf/2406.14994
W-Net,Benchmarking Retinal Blood Vessel Segmentation Models for Cross-Dataset and Cross-Disease Generalization,Jeremiah Fadugba,2024,arXiv preprint (arXiv:2406.14994v1),,drive,0.7798,DSC,,,,,,,Controlled re-training at 512x512 by the benchmark authors,https://arxiv.org/pdf/2406.14994
RV-GAN,RV-GAN: Segmenting Retinal Vascular Structure in Fundus Photographs using a Novel Multi-scale Generative Adversarial Network,Sharif Amit Kamran,2021,MICCAI 2021,10.1007/978-3-030-87237-3_4,drive,0.8690,DSC,,,,,,0.9887,"Value transcribed from the literature-survey Table 2 of Fadugba et al. 2024 (self-reported by the original authors); original paper not fetched. This is an outlier high value; several later papers question GAN-based DRIVE numbers",https://arxiv.org/pdf/2406.14994
W-Net,State-of-the-art retinal vessel segmentation with minimalistic models,Adrian Galdran,2022,Scientific Reports 12:6174,10.1038/s41598-022-09675-y,drive,0.8279,DSC,,,,,,0.9810,Value transcribed from the literature-survey Table 2 of Fadugba et al. 2024 (self-reported); MCC 0.8024 also listed; native resolution,https://arxiv.org/pdf/2406.14994
M2U-Net,M2U-Net: Effective and Efficient Retinal Vessel Segmentation for Real-World Applications,Tim Laibacher,2019,CVPRW 2019,10.1109/CVPRW.2019.00020,drive,0.8091,DSC,,,,,,0.9714,Value transcribed from the literature-survey Table 2 of Fadugba et al. 2024 (self-reported),https://arxiv.org/pdf/2406.14994
Discriminative FC-CRF,A discriminatively trained fully connected conditional random field model for blood vessel segmentation in fundus images,Jose Ignacio Orlando,2017,IEEE Trans. Biomedical Engineering 64(1),10.1109/TBME.2016.2535311,drive,0.7857,DSC,,,,,,0.9507,Pre-deep-learning reference point; value transcribed from Fadugba et al. 2024 survey Table 2; MCC 0.7556,https://arxiv.org/pdf/2406.14994
U-Net,Kalman Filter Based Linear Deformable for Retinal Vessel Segmentation,Zhihao Zhao,2026,arXiv preprint (arXiv:2410.21160v2),,chasedb1,0.7898,Dice,0.6526,,0.7650,0.9884,0.9743,0.9836,Baseline U-Net as reported by LDCANet authors,https://arxiv.org/html/2410.21160
UNet++,Kalman Filter Based Linear Deformable for Retinal Vessel Segmentation,Zhihao Zhao,2026,arXiv preprint (arXiv:2410.21160v2),,chasedb1,0.8015,Dice,0.6688,,0.8357,0.9832,0.9739,0.9881,Comparison row,https://arxiv.org/html/2410.21160
FR-UNet,Kalman Filter Based Linear Deformable for Retinal Vessel Segmentation,Zhihao Zhao,2026,arXiv preprint (arXiv:2410.21160v2),,chasedb1,0.8151,Dice,0.6882,,0.8798,0.9814,0.9748,0.9913,Matches FR-UNet self-reported DSC 81.51 in the Fadugba et al. 2024 survey table,https://arxiv.org/html/2410.21160
TransUNet,Kalman Filter Based Linear Deformable for Retinal Vessel Segmentation,Zhihao Zhao,2026,arXiv preprint (arXiv:2410.21160v2),,chasedb1,0.7964,Dice,0.6617,,0.8384,0.9820,0.9730,0.9848,Comparison row,https://arxiv.org/html/2410.21160
LDCANet,Kalman Filter Based Linear Deformable for Retinal Vessel Segmentation,Zhihao Zhao,2026,arXiv preprint (arXiv:2410.21160v2),,chasedb1,0.8172,Dice,0.6912,,0.8349,0.9869,0.9777,0.9911,Proposed method,https://arxiv.org/html/2410.21160
R2U-Net,Study Group Learning: Improving Retinal Vessel Segmentation Trained with Noisy Labels,Yuqian Zhou,2021,arXiv preprint (arXiv:2103.03451),,chasedb1,0.7928,DICE,,,0.7756,0.9712,0.9634,0.9815,Comparison row tabulated by SGL authors,https://ar5iv.labs.arxiv.org/html/2103.03451
LadderNet,Study Group Learning: Improving Retinal Vessel Segmentation Trained with Noisy Labels,Yuqian Zhou,2021,arXiv preprint (arXiv:2103.03451),,chasedb1,0.8031,DICE,,,0.7978,0.9818,0.9656,0.9839,Comparison row tabulated by SGL authors,https://ar5iv.labs.arxiv.org/html/2103.03451
IterNet,Study Group Learning: Improving Retinal Vessel Segmentation Trained with Noisy Labels,Yuqian Zhou,2021,arXiv preprint (arXiv:2103.03451),,chasedb1,0.8072,DICE,,,0.7969,0.9881,0.9760,0.9899,Comparison row tabulated by SGL authors,https://ar5iv.labs.arxiv.org/html/2103.03451
SA-UNet,Study Group Learning: Improving Retinal Vessel Segmentation Trained with Noisy Labels,Yuqian Zhou,2021,arXiv preprint (arXiv:2103.03451),,chasedb1,0.8153,DICE,,,0.8573,0.9835,0.9755,0.9905,Original SA-UNet is Guo et al. ICPR 2020; identical DSC 81.53 / AUC 99.05 also listed in Fadugba et al. 2024 survey,https://ar5iv.labs.arxiv.org/html/2103.03451
SGL (K=8),Study Group Learning: Improving Retinal Vessel Segmentation Trained with Noisy Labels,Yuqian Zhou,2021,arXiv preprint (arXiv:2103.03451),,chasedb1,0.8271,DICE,,,0.8690,0.9843,0.9771,0.9920,Proposed method,https://ar5iv.labs.arxiv.org/html/2103.03451
HED,Feature Enhancer Segmentation Network (FES-Net) for Vessel Segmentation,Tariq M. Khan,2023,arXiv preprint (arXiv:2309.03535),,chasedb1,0.7815,F1,,,0.7516,0.9805,0.9597,0.9796,"Comparison row tabulated by FES-Net authors; all images resized to a standard width of 640 px before training",https://arxiv.org/pdf/2309.03535
Attention U-Net,Feature Enhancer Segmentation Network (FES-Net) for Vessel Segmentation,Tariq M. Khan,2023,arXiv preprint (arXiv:2309.03535),,chasedb1,0.8012,F1,,,0.8010,0.9804,0.9642,0.9840,Comparison row tabulated by FES-Net authors,https://arxiv.org/pdf/2309.03535
H-DenseUNet,Feature Enhancer Segmentation Network (FES-Net) for Vessel Segmentation,Tariq M. Khan,2023,arXiv preprint (arXiv:2309.03535),,chasedb1,0.7901,F1,,,0.7893,0.9792,0.9611,0.9835,Comparison row tabulated by FES-Net authors,https://arxiv.org/pdf/2309.03535
BTS-DSN,Feature Enhancer Segmentation Network (FES-Net) for Vessel Segmentation,Tariq M. Khan,2023,arXiv preprint (arXiv:2309.03535),,chasedb1,0.7983,F1,,,0.7888,0.9801,0.9627,0.9840,Comparison row tabulated by FES-Net authors,https://arxiv.org/pdf/2309.03535
DUNet,Feature Enhancer Segmentation Network (FES-Net) for Vessel Segmentation,Tariq M. Khan,2023,arXiv preprint (arXiv:2309.03535),,chasedb1,0.7932,F1,,,0.7735,0.9801,0.9618,0.9839,"DUNet = deformable U-Net (Jin et al. 2019); value tabulated by FES-Net authors",https://arxiv.org/pdf/2309.03535
M2U-Net,Feature Enhancer Segmentation Network (FES-Net) for Vessel Segmentation,Tariq M. Khan,2023,arXiv preprint (arXiv:2309.03535),,chasedb1,0.8006,F1,,,,,0.9703,0.9666,Comparison row tabulated by FES-Net authors; Se/Sp not reported in that table,https://arxiv.org/pdf/2309.03535
OCE-Net,Feature Enhancer Segmentation Network (FES-Net) for Vessel Segmentation,Tariq M. Khan,2023,arXiv preprint (arXiv:2309.03535),,chasedb1,0.8196,F1,,,0.8138,0.9824,0.9678,0.9872,Comparison row tabulated by FES-Net authors,https://arxiv.org/pdf/2309.03535
Wave-Net,Feature Enhancer Segmentation Network (FES-Net) for Vessel Segmentation,Tariq M. Khan,2023,arXiv preprint (arXiv:2309.03535),,chasedb1,0.8349,F1,,,0.8283,0.9821,0.9664,,Comparison row tabulated by FES-Net authors; AUC not reported,https://arxiv.org/pdf/2309.03535
G-Net Light,Feature Enhancer Segmentation Network (FES-Net) for Vessel Segmentation,Tariq M. Khan,2023,arXiv preprint (arXiv:2309.03535),,chasedb1,0.8048,F1,,,0.8210,0.9838,0.9726,,Comparison row tabulated by FES-Net authors; AUC not reported,https://arxiv.org/pdf/2309.03535
FES-Net,Feature Enhancer Segmentation Network (FES-Net) for Vessel Segmentation,Tariq M. Khan,2023,arXiv preprint (arXiv:2309.03535),,chasedb1,0.8488,F1,,,0.8595,0.9888,0.9755,0.9861,Proposed method; highest CHASE_DB1 F1 found in this survey,https://arxiv.org/pdf/2309.03535
FSG-Net-L,Full-scale Representation Guided Network for Retinal Vessel Segmentation,Sunyong Seo,2025,arXiv preprint (arXiv:2501.18921v1),,chasedb1,0.8102,F1 Score,,,0.8600,,0.9752,0.9938,"IoU column of that paper is mIoU (class-averaged, 82.680) so vessel-only IoU left blank; evaluated at 999x960",https://arxiv.org/html/2501.18921v1
U-Net3+ (deep supervision),Full-scale Representation Guided Network for Retinal Vessel Segmentation,Sunyong Seo,2025,arXiv preprint (arXiv:2501.18921v1),,chasedb1,0.8070,F1 Score,,,0.8574,,0.9748,0.9951,Re-trained by FSG-Net authors,https://arxiv.org/html/2501.18921v1
Attention U-Net,Full-scale Representation Guided Network for Retinal Vessel Segmentation,Sunyong Seo,2025,arXiv preprint (arXiv:2501.18921v1),,chasedb1,0.8074,F1 Score,,,0.8391,,0.9755,0.9943,Re-trained by FSG-Net authors,https://arxiv.org/html/2501.18921v1
U-Net,Retinal Vessel Segmentation via Neuron Programming,Tingting Wu,2024,arXiv preprint (arXiv:2411.11110v1),,chasedb1,0.7933,F1,,,0.8041,0.9809,0.9732,0.9822,Baseline U-Net as reported by the Neuron Programming authors,https://arxiv.org/html/2411.11110v1
Neuron Programming,Retinal Vessel Segmentation via Neuron Programming,Tingting Wu,2024,arXiv preprint (arXiv:2411.11110v1),,chasedb1,0.8224,F1,,,0.8545,0.9860,0.9767,0.9915,Proposed method,https://arxiv.org/html/2411.11110v1
U-Net,Benchmarking Retinal Blood Vessel Segmentation Models for Cross-Dataset and Cross-Disease Generalization,Jeremiah Fadugba,2024,arXiv preprint (arXiv:2406.14994v1),,chasedb1,0.8055,DSC,,,,,,,"Authors' own controlled re-training (DiceBCE, CLAHE, 512x512, official 20/8 split)",https://arxiv.org/pdf/2406.14994
FR-UNet,Benchmarking Retinal Blood Vessel Segmentation Models for Cross-Dataset and Cross-Disease Generalization,Jeremiah Fadugba,2024,arXiv preprint (arXiv:2406.14994v1),,chasedb1,0.8165,DSC,,,,,,,Controlled re-training at 512x512 by the benchmark authors,https://arxiv.org/pdf/2406.14994
MA-Net,Benchmarking Retinal Blood Vessel Segmentation Models for Cross-Dataset and Cross-Disease Generalization,Jeremiah Fadugba,2024,arXiv preprint (arXiv:2406.14994v1),,chasedb1,0.8056,DSC,,,,,,,Controlled re-training at 512x512 by the benchmark authors,https://arxiv.org/pdf/2406.14994
SA-UNet,Benchmarking Retinal Blood Vessel Segmentation Models for Cross-Dataset and Cross-Disease Generalization,Jeremiah Fadugba,2024,arXiv preprint (arXiv:2406.14994v1),,chasedb1,0.7930,DSC,,,,,,,Controlled re-training at 512x512 by the benchmark authors,https://arxiv.org/pdf/2406.14994
W-Net,Benchmarking Retinal Blood Vessel Segmentation Models for Cross-Dataset and Cross-Disease Generalization,Jeremiah Fadugba,2024,arXiv preprint (arXiv:2406.14994v1),,chasedb1,0.7498,DSC,,,,,,,Controlled re-training at 512x512 by the benchmark authors; lowest CHASE_DB1 value in this table,https://arxiv.org/pdf/2406.14994
VascX (U-Net ensemble),VascX Models: Model Ensembles for Retinal Vascular Analysis from Color Fundus Images,Jose Vargas Quiros,2024,arXiv preprint (arXiv:2409.16016v2); journal version in TVST,,chasedb1,0.780,Dice,,,,,,,"5-fold group cross-validation over a pooled multi-dataset training corpus, then scored per source dataset - NOT the official CHASE_DB1 20/8 split",https://arxiv.org/html/2409.16016v2
LWNet (Little W-Net),VascX Models: Model Ensembles for Retinal Vascular Analysis from Color Fundus Images,Jose Vargas Quiros,2024,arXiv preprint (arXiv:2409.16016v2),,chasedb1,0.732,Dice,,,,,,,"Off-the-shelf public weights evaluated by the VascX authors (out-of-the-box generalization, not retrained on CHASE_DB1)",https://arxiv.org/html/2409.16016v2
U-Net,Feature Enhancer Segmentation Network (FES-Net) for Vessel Segmentation,Tariq M. Khan,2023,arXiv preprint (arXiv:2309.03535),,hrf,0.7239,F1,,,,,0.9587,0.8305,"Baseline U-Net as tabulated by FES-Net authors; images resized to standard width 640 px, i.e. HRF heavily downsampled from 3504x2336; the AUC definition in this paper gives much lower values than elsewhere",https://arxiv.org/pdf/2309.03535
CS-Net,Feature Enhancer Segmentation Network (FES-Net) for Vessel Segmentation,Tariq M. Khan,2023,arXiv preprint (arXiv:2309.03535),,hrf,0.7104,F1,,,,,0.9566,0.8232,Comparison row tabulated by FES-Net authors; HRF downsampled to width 640 px,https://arxiv.org/pdf/2309.03535
SA-UNet,Feature Enhancer Segmentation Network (FES-Net) for Vessel Segmentation,Tariq M. Khan,2023,arXiv preprint (arXiv:2309.03535),,hrf,0.7118,F1,,,,,0.9564,0.8270,Comparison row tabulated by FES-Net authors; HRF downsampled to width 640 px,https://arxiv.org/pdf/2309.03535
SCS-Net,Feature Enhancer Segmentation Network (FES-Net) for Vessel Segmentation,Tariq M. Khan,2023,arXiv preprint (arXiv:2309.03535),,hrf,0.7066,F1,,,,,0.9565,0.8180,Comparison row tabulated by FES-Net authors; HRF downsampled to width 640 px,https://arxiv.org/pdf/2309.03535
CogSeg,Feature Enhancer Segmentation Network (FES-Net) for Vessel Segmentation,Tariq M. Khan,2023,arXiv preprint (arXiv:2309.03535),,hrf,0.7475,F1,,,,,0.9622,0.8431,Comparison row tabulated by FES-Net authors,https://arxiv.org/pdf/2309.03535
SuperVessel,Feature Enhancer Segmentation Network (FES-Net) for Vessel Segmentation,Tariq M. Khan,2023,arXiv preprint (arXiv:2309.03535),,hrf,0.7674,F1,,,,,0.9654,0.8506,Comparison row tabulated by FES-Net authors,https://arxiv.org/pdf/2309.03535
FES-Net,Feature Enhancer Segmentation Network (FES-Net) for Vessel Segmentation,Tariq M. Khan,2023,arXiv preprint (arXiv:2309.03535),,hrf,0.7998,F1,,,0.8026,0.9837,0.9705,0.8855,Proposed method; HRF images resized to width 640 px,https://arxiv.org/pdf/2309.03535
FSG-Net-L,Full-scale Representation Guided Network for Retinal Vessel Segmentation,Sunyong Seo,2025,arXiv preprint (arXiv:2501.18921v1),,hrf,0.8157,F1 Score,,,0.8362,,0.9711,0.9874,"Evaluated at native 3504x2336 (zero-padded to multiples of 32) - explains the ~0.07-0.09 F1 gap vs papers that downsample HRF; mIoU 83.088 is class-averaged, so vessel IoU left blank",https://arxiv.org/html/2501.18921v1
ConvU-NeXt,Full-scale Representation Guided Network for Retinal Vessel Segmentation,Sunyong Seo,2025,arXiv preprint (arXiv:2501.18921v1),,hrf,0.8142,F1 Score,,,0.8252,,0.9712,0.9853,Re-trained by FSG-Net authors at native HRF resolution,https://arxiv.org/html/2501.18921v1
Attention U-Net,Full-scale Representation Guided Network for Retinal Vessel Segmentation,Sunyong Seo,2025,arXiv preprint (arXiv:2501.18921v1),,hrf,0.8145,F1 Score,,,0.8283,,0.9711,0.9856,Re-trained by FSG-Net authors at native HRF resolution,https://arxiv.org/html/2501.18921v1
DUNet,Retinal Vessel Segmentation via Neuron Programming,Tingting Wu,2024,arXiv preprint (arXiv:2411.11110v1),,hrf,,,,,0.7464,0.9874,0.9651,0.9831,"F1/Dice NOT reported for DUNet on HRF in that table - cell intentionally left empty; DUNet original is Jin et al. 2019 Knowledge-Based Systems",https://arxiv.org/html/2411.11110v1
Neuron Programming,Retinal Vessel Segmentation via Neuron Programming,Tingting Wu,2024,arXiv preprint (arXiv:2411.11110v1),,hrf,0.8123,F1,,,0.8195,0.9838,0.9709,0.9885,"HRF images and labels downsampled by a factor of four during training - a common and important caveat for HRF numbers",https://arxiv.org/html/2411.11110v1
VascX (U-Net ensemble),VascX Models: Model Ensembles for Retinal Vascular Analysis from Color Fundus Images,Jose Vargas Quiros,2024,arXiv preprint (arXiv:2409.16016v2); journal version in TVST,,hrf,0.786,Dice,,,,,,,5-fold group cross-validation over pooled multi-dataset training; not the conventional HRF split,https://arxiv.org/html/2409.16016v2
LWNet (Little W-Net),VascX Models: Model Ensembles for Retinal Vascular Analysis from Color Fundus Images,Jose Vargas Quiros,2024,arXiv preprint (arXiv:2409.16016v2),,hrf,0.573,Dice,,,,,,,"Off-the-shelf public weights, no HRF fine-tuning - shows how badly out-of-the-box models degrade on high-resolution HRF",https://arxiv.org/html/2409.16016v2
SwinV2-Large + RLAD,Enhancing Retinal Vessel Segmentation Generalization via Layout-Aware Generative Modelling,Jonathan Fhima,2025,arXiv preprint (arXiv:2503.01190v1),,hrf,0.804,Dice,0.675,0.811,,,,,"CAVEAT: Dice is averaged over artery and vein classes (A/V segmentation), not a binary vessel mask - not directly comparable to the binary-vessel rows; HRF is an external (near-domain) test set here, zero-shot",https://arxiv.org/html/2503.01190v1
SwinV2-Large + RLAD,Enhancing Retinal Vessel Segmentation Generalization via Layout-Aware Generative Modelling,Jonathan Fhima,2025,arXiv preprint (arXiv:2503.01190v1),,drive,0.771,Dice,0.629,0.803,,,,,"CAVEAT: artery/vein-averaged Dice, zero-shot out-of-domain evaluation on DRIVE (model never trained on DRIVE) - explains the low value",https://arxiv.org/html/2503.01190v1
FIVES dataset (no model benchmark),FIVES: A Fundus Image Dataset for Artificial Intelligence based Vessel Segmentation,Kai Jin,2022,Scientific Data 9:475,10.1038/s41597-022-01564-3,fives,,,,,,,,,"IMPORTANT: the FIVES data descriptor itself reports NO model segmentation benchmark. It reports only annotation agreement: intra-annotator mean Dice 0.9679 (0.9602-0.9810), inter-annotator same-level mean Dice 0.9241 (0.8792-0.9823), inter-annotator different-level mean Dice 0.9608 (0.9564-0.9676). Use these as the human/inter-rater ceiling, not as a model score. Official split 600 train / 200 test, 800 images at 2048x2048",https://www.nature.com/articles/s41597-022-01564-3
U-Net,Benchmarking Retinal Blood Vessel Segmentation Models for Cross-Dataset and Cross-Disease Generalization,Jeremiah Fadugba,2024,arXiv preprint (arXiv:2406.14994v1),,fives,0.9015,DSC,,,,,,,"Controlled re-training, DiceBCE loss, CLAHE, images resampled to 512x512, official 600/200 split. Same paper reports UNet DSC 89.76 (BCE), 89.87 (Dice), 90.06 (clDice loss)",https://arxiv.org/pdf/2406.14994
FR-UNet,Benchmarking Retinal Blood Vessel Segmentation Models for Cross-Dataset and Cross-Disease Generalization,Jeremiah Fadugba,2024,arXiv preprint (arXiv:2406.14994v1),,fives,0.9037,DSC,,,,,,,Controlled re-training at 512x512; best in-domain FIVES model in that benchmark,https://arxiv.org/pdf/2406.14994
MA-Net,Benchmarking Retinal Blood Vessel Segmentation Models for Cross-Dataset and Cross-Disease Generalization,Jeremiah Fadugba,2024,arXiv preprint (arXiv:2406.14994v1),,fives,0.8997,DSC,,,,,,,Controlled re-training at 512x512,https://arxiv.org/pdf/2406.14994
SA-UNet,Benchmarking Retinal Blood Vessel Segmentation Models for Cross-Dataset and Cross-Disease Generalization,Jeremiah Fadugba,2024,arXiv preprint (arXiv:2406.14994v1),,fives,0.8655,DSC,,,,,,,Controlled re-training at 512x512,https://arxiv.org/pdf/2406.14994
W-Net,Benchmarking Retinal Blood Vessel Segmentation Models for Cross-Dataset and Cross-Disease Generalization,Jeremiah Fadugba,2024,arXiv preprint (arXiv:2406.14994v1),,fives,0.8565,DSC,,,,,,,Controlled re-training at 512x512,https://arxiv.org/pdf/2406.14994
U-Net,PASC-Net: Plug-and-play Shape Self-learning Convolutions Network with Hierarchical Topology Constraints for Vessel Segmentation,Xiao Zhang,2025,arXiv preprint (arXiv:2507.04008v1),,fives,0.8080,Dice,0.7026,0.8177,,,,,"Mean +/- std (80.80+/-1.34 Dice, 70.26+/-1.68 IoU, 81.77+/-1.29 clDice); official 600/200 FIVES split; markedly lower U-Net Dice than the Fadugba benchmark (0.9015) - protocols differ",https://arxiv.org/html/2507.04008v1
ResUNet,PASC-Net: Plug-and-play Shape Self-learning Convolutions Network with Hierarchical Topology Constraints for Vessel Segmentation,Xiao Zhang,2025,arXiv preprint (arXiv:2507.04008v1),,fives,0.8462,Dice,0.7515,0.8691,,,,,Comparison row; precision 93.40 recall 79.41 also reported,https://arxiv.org/html/2507.04008v1
CS2-Net,PASC-Net: Plug-and-play Shape Self-learning Convolutions Network with Hierarchical Topology Constraints for Vessel Segmentation,Xiao Zhang,2025,arXiv preprint (arXiv:2507.04008v1),,fives,0.8859,Dice,0.8071,0.8862,0.8449,,,,Recall 84.49 reported as Recall (not Sensitivity); precision 93.90,https://arxiv.org/html/2507.04008v1
DSCNet,PASC-Net: Plug-and-play Shape Self-learning Convolutions Network with Hierarchical Topology Constraints for Vessel Segmentation,Xiao Zhang,2025,arXiv preprint (arXiv:2507.04008v1),,fives,0.8857,Dice,0.8061,0.8870,0.8553,,,,Dynamic snake convolution net evaluated on FIVES by the PASC-Net authors,https://arxiv.org/html/2507.04008v1
nnUNet,PASC-Net: Plug-and-play Shape Self-learning Convolutions Network with Hierarchical Topology Constraints for Vessel Segmentation,Xiao Zhang,2025,arXiv preprint (arXiv:2507.04008v1),,fives,0.8940,Dice,0.8187,0.8920,0.8830,,,,Strong self-configuring baseline,https://arxiv.org/html/2507.04008v1
PASC-Net,PASC-Net: Plug-and-play Shape Self-learning Convolutions Network with Hierarchical Topology Constraints for Vessel Segmentation,Xiao Zhang,2025,arXiv preprint (arXiv:2507.04008v1),,fives,0.9183,Dice,0.8583,0.9174,0.9097,,,,Proposed method; highest FIVES Dice found in this survey,https://arxiv.org/html/2507.04008v1
VascX (U-Net ensemble),VascX Models: Model Ensembles for Retinal Vascular Analysis from Color Fundus Images,Jose Vargas Quiros,2024,arXiv preprint (arXiv:2409.16016v2); journal version in TVST,,fives,0.831,Dice,,,,,,,5-fold group cross-validation over a pooled multi-dataset corpus; not the official FIVES 600/200 split,https://arxiv.org/html/2409.16016v2
AutoMorph,VascX Models: Model Ensembles for Retinal Vascular Analysis from Color Fundus Images,Jose Vargas Quiros,2024,arXiv preprint (arXiv:2409.16016v2),,fives,0.824,Dice,,,,,,,"AutoMorph pipeline evaluated off-the-shelf by the VascX authors (number reported by VascX, not by the AutoMorph paper)",https://arxiv.org/html/2409.16016v2
LWNet (Little W-Net),VascX Models: Model Ensembles for Retinal Vascular Analysis from Color Fundus Images,Jose Vargas Quiros,2024,arXiv preprint (arXiv:2409.16016v2),,fives,0.756,Dice,,,,,,,Off-the-shelf public weights evaluated by the VascX authors,https://arxiv.org/html/2409.16016v2
SwinV2-Large + RLAD,Enhancing Retinal Vessel Segmentation Generalization via Layout-Aware Generative Modelling,Jonathan Fhima,2025,arXiv preprint (arXiv:2503.01190v1),,fives,0.873,Dice,0.777,0.869,,,,,"CAVEAT: artery/vein-averaged Dice, not binary vessel; FIVES treated as an external near-domain test set",https://arxiv.org/html/2503.01190v1
