dataset,clf,mechanism,target_r,k,n_draws,r_mean,resid_sd,auc,auc_lo,auc_hi,delta_auc,source
fives,gbdt,gaussian_corr,0.4,,5,0.4128004624814758,2.796348504165112,0.5540016666666666,0.5165975,0.5970933333333334,-0.12674000000000002,mean over independent draws of results/pivot/r2/r2_injection_panel.csv
fives,gbdt,gaussian_corr,0.5,,5,0.510753678600947,2.1138407774538153,0.5651233333333334,0.5294716666666667,0.5846066666666667,-0.11561833333333334,mean over independent draws of results/pivot/r2/r2_injection_panel.csv
fives,gbdt,gaussian_corr,0.6,,5,0.6084972484660461,1.627235389182624,0.5764783333333334,0.5524583333333334,0.5911716666666667,-0.10426333333333333,mean over independent draws of results/pivot/r2/r2_injection_panel.csv
fives,gbdt,gaussian_corr,0.7,,5,0.706120740812586,1.245084114454262,0.581745,0.5474133333333332,0.6075458333333333,-0.0989966666666667,mean over independent draws of results/pivot/r2/r2_injection_panel.csv
fives,gbdt,gaussian_corr,0.8,,5,0.8037393524646209,0.915319906415226,0.6219633333333333,0.6051341666666666,0.6418691666666667,-0.058778333333333356,mean over independent draws of results/pivot/r2/r2_injection_panel.csv
fives,gbdt,gaussian_corr,0.9,,5,0.9015355303213866,0.5910795515666778,0.63598,0.6199933333333333,0.6512891666666667,-0.0447616666666667,mean over independent draws of results/pivot/r2/r2_injection_panel.csv
fives,gbdt,gaussian_corr,0.95,,5,0.9506125524897847,0.4011348058566525,0.6470966666666668,0.6208100000000001,0.6863891666666667,-0.033644999999999994,mean over independent draws of results/pivot/r2/r2_injection_panel.csv
fives,gbdt,gaussian_corr,0.99,,5,0.9900722465539762,0.1739013637270311,0.6782533333333334,0.6583666666666667,0.6951108333333332,-0.0024883333333333814,mean over independent draws of results/pivot/r2/r2_injection_panel.csv
fives,gbdt,gaussian_indep,0.4,,5,0.4091765733286163,2.796348504165111,0.5759183333333333,0.5290383333333334,0.6087183333333333,-0.10482333333333335,mean over independent draws of results/pivot/r2/r2_injection_panel.csv
fives,gbdt,gaussian_indep,0.5,,5,0.5076845099714827,2.113840777453815,0.5869916666666667,0.5345375,0.6201858333333332,-0.09375000000000004,mean over independent draws of results/pivot/r2/r2_injection_panel.csv
fives,gbdt,gaussian_indep,0.6,,5,0.6060828477482457,1.6272353891826234,0.600295,0.5555783333333333,0.6284208333333333,-0.08044666666666671,mean over independent draws of results/pivot/r2/r2_injection_panel.csv
fives,gbdt,gaussian_indep,0.7,,5,0.7044224547189171,1.2450841144542621,0.6085566666666666,0.5628358333333334,0.6386116666666666,-0.07218500000000001,mean over independent draws of results/pivot/r2/r2_injection_panel.csv
fives,gbdt,gaussian_indep,0.8,,5,0.8027597521559422,0.915319906415226,0.6135683333333333,0.6044191666666666,0.6210558333333334,-0.06717333333333338,mean over independent draws of results/pivot/r2/r2_injection_panel.csv
fives,gbdt,gaussian_indep,0.9,,5,0.9011853092377604,0.5910795515666777,0.6294150000000001,0.6091675000000001,0.6701758333333333,-0.0513266666666667,mean over independent draws of results/pivot/r2/r2_injection_panel.csv
fives,gbdt,gaussian_indep,0.95,,5,0.9504956301288742,0.4011348058566525,0.6623883333333334,0.6453574999999999,0.67845,-0.018353333333333353,mean over independent draws of results/pivot/r2/r2_injection_panel.csv
fives,gbdt,gaussian_indep,0.99,,5,0.9900652932444547,0.17390136372703108,0.6724183333333333,0.6491825,0.6875258333333333,-0.008323333333333372,mean over independent draws of results/pivot/r2/r2_injection_panel.csv
fives,gbdt,hetero_quality,0.4,,5,0.4027432990414635,2.7963485041651124,0.64159,0.6110058333333334,0.670395,-0.039151666666666717,mean over independent draws of results/pivot/r2/r2_injection_panel.csv
fives,gbdt,hetero_quality,0.5,,5,0.5022833881685205,2.1138407774538153,0.6441433333333333,0.61539,0.6780966666666668,-0.03659833333333333,mean over independent draws of results/pivot/r2/r2_injection_panel.csv
fives,gbdt,hetero_quality,0.6,,5,0.6018129330504083,1.627235389182624,0.6467116666666667,0.6367941666666667,0.6668783333333334,-0.034030000000000005,mean over independent draws of results/pivot/r2/r2_injection_panel.csv
fives,gbdt,hetero_quality,0.7,,5,0.7013401049825786,1.2450841144542624,0.6496116666666667,0.6335616666666667,0.6686875,-0.031130000000000012,mean over independent draws of results/pivot/r2/r2_injection_panel.csv
fives,gbdt,hetero_quality,0.8,,5,0.8008672513158409,0.9153199064152258,0.6548066666666668,0.6287908333333334,0.6801941666666667,-0.02593500000000002,mean over independent draws of results/pivot/r2/r2_injection_panel.csv
fives,gbdt,hetero_quality,0.9,,5,0.9003991870760482,0.5910795515666779,0.6742933333333333,0.6562975,0.6923716666666667,-0.006448333333333345,mean over independent draws of results/pivot/r2/r2_injection_panel.csv
fives,gbdt,hetero_quality,0.95,,5,0.9501777440763597,0.4011348058566525,0.6818716666666667,0.6677441666666667,0.6934091666666666,0.0011299999999999865,mean over independent draws of results/pivot/r2/r2_injection_panel.csv
fives,gbdt,hetero_quality,0.99,,5,0.9900264034702777,0.1739013637270312,0.6834833333333333,0.6677408333333333,0.6974516666666667,0.0027416666666666423,mean over independent draws of results/pivot/r2/r2_injection_panel.csv
fives,gbdt,hetero_reference,0.4,,5,0.4277823685656168,2.7963485041651124,0.5908599999999999,0.5612641666666667,0.6086766666666666,-0.0898816666666667,mean over independent draws of results/pivot/r2/r2_injection_panel.csv
fives,gbdt,hetero_reference,0.5,,5,0.5233521192092538,2.1138407774538153,0.581995,0.5512075000000001,0.6151858333333334,-0.09874666666666668,mean over independent draws of results/pivot/r2/r2_injection_panel.csv
fives,gbdt,hetero_reference,0.6,,5,0.6184496643866311,1.627235389182624,0.5869783333333334,0.5477008333333333,0.6085308333333334,-0.09376333333333334,mean over independent draws of results/pivot/r2/r2_injection_panel.csv
fives,gbdt,hetero_reference,0.7,,5,0.7132738844681488,1.2450841144542621,0.5845916666666666,0.5535108333333333,0.6085283333333333,-0.09615000000000003,mean over independent draws of results/pivot/r2/r2_injection_panel.csv
fives,gbdt,hetero_reference,0.8,,5,0.8080869380238049,0.915319906415226,0.6186416666666666,0.5950691666666666,0.6450358333333334,-0.062100000000000044,mean over independent draws of results/pivot/r2/r2_injection_panel.csv
fives,gbdt,hetero_reference,0.9,,5,0.9033031703259526,0.591079551566678,0.6410516666666667,0.6151108333333334,0.6807241666666667,-0.03969,mean over independent draws of results/pivot/r2/r2_injection_panel.csv
fives,gbdt,hetero_reference,0.95,,5,0.9513116441750293,0.4011348058566525,0.6524316666666667,0.6368341666666667,0.6732641666666667,-0.02830999999999999,mean over independent draws of results/pivot/r2/r2_injection_panel.csv
fives,gbdt,hetero_reference,0.99,,5,0.9901534227021169,0.17390136372703105,0.6770483333333333,0.6530775000000001,0.6974975000000001,-0.0036933333333333484,mean over independent draws of results/pivot/r2/r2_injection_panel.csv
fives,gbdt,label_dependent,0.4,,5,0.4318166376358613,2.7963485041651124,0.7354566666666666,0.7126633333333333,0.7597633333333333,0.05471499999999998,mean over independent draws of results/pivot/r2/r2_injection_panel.csv
fives,gbdt,label_dependent,0.5,,5,0.5267833174403764,2.1138407774538153,0.7430733333333333,0.7110458333333333,0.7598716666666667,0.062331666666666605,mean over independent draws of results/pivot/r2/r2_injection_panel.csv
fives,gbdt,label_dependent,0.6,,5,0.621140721062222,1.6272353891826241,0.7237216666666667,0.6821358333333334,0.7458349999999999,0.04297999999999998,mean over independent draws of results/pivot/r2/r2_injection_panel.csv
fives,gbdt,label_dependent,0.7,,5,0.7151400314478374,1.2450841144542621,0.7191033333333332,0.6966225,0.7304391666666665,0.038361666666666586,mean over independent draws of results/pivot/r2/r2_injection_panel.csv
fives,gbdt,label_dependent,0.8,,5,0.8091246109627119,0.915319906415226,0.71205,0.6900483333333334,0.7325533333333333,0.03130833333333334,mean over independent draws of results/pivot/r2/r2_injection_panel.csv
fives,gbdt,label_dependent,0.9,,5,0.9036355411551602,0.591079551566678,0.6958966666666667,0.6662266666666667,0.7177741666666667,0.015154999999999984,mean over independent draws of results/pivot/r2/r2_injection_panel.csv
fives,gbdt,label_dependent,0.95,,5,0.9514020473860796,0.40113480585665257,0.6774883333333334,0.6536516666666667,0.7104258333333333,-0.0032533333333333524,mean over independent draws of results/pivot/r2/r2_injection_panel.csv
fives,gbdt,label_dependent,0.99,,5,0.9901510633780347,0.17390136372703108,0.6717016666666666,0.6623141666666666,0.6869333333333334,-0.009040000000000025,mean over independent draws of results/pivot/r2/r2_injection_panel.csv
fives,gbdt,proportional,1.0,0.5,1,0.9999999999999999,0.6102132709434838,0.6807416666666667,0.6807416666666667,0.6807416666666667,0.0,mean over independent draws of results/pivot/r2/r2_injection_panel.csv
fives,gbdt,proportional,1.0,0.75,1,0.9999999999999998,0.305106635471742,0.6807416666666667,0.6807416666666667,0.6807416666666667,0.0,mean over independent draws of results/pivot/r2/r2_injection_panel.csv
fives,gbdt,proportional,1.0,1.25,1,0.9999999999999999,0.30510663547174205,0.6807416666666667,0.6807416666666667,0.6807416666666667,0.0,mean over independent draws of results/pivot/r2/r2_injection_panel.csv
fives,gbdt,proportional,1.0,1.5,1,0.9999999999999998,0.6102132709434838,0.6807416666666667,0.6807416666666667,0.6807416666666667,0.0,mean over independent draws of results/pivot/r2/r2_injection_panel.csv
fives,gbdt,proportional,1.0,2.0,1,1.0,1.2204265418869678,0.6807416666666667,0.6807416666666667,0.6807416666666667,0.0,mean over independent draws of results/pivot/r2/r2_injection_panel.csv
fives,gbdt,resid_bootstrap,0.4,,5,0.3930574528007441,2.7963485041651124,0.56931,0.5477483333333334,0.5992941666666667,-0.11143166666666666,mean over independent draws of results/pivot/r2/r2_injection_panel.csv
fives,gbdt,resid_bootstrap,0.5,,5,0.49409607409762185,2.1138407774538153,0.5722050000000001,0.5527183333333333,0.5897341666666668,-0.10853666666666668,mean over independent draws of results/pivot/r2/r2_injection_panel.csv
fives,gbdt,resid_bootstrap,0.6,,5,0.5953655241186764,1.627235389182624,0.5839183333333333,0.5538391666666667,0.6033258333333333,-0.09682333333333334,mean over independent draws of results/pivot/r2/r2_injection_panel.csv
fives,gbdt,resid_bootstrap,0.7,,5,0.6967790115854987,1.245084114454262,0.598735,0.5734775000000001,0.6123066666666667,-0.08200666666666667,mean over independent draws of results/pivot/r2/r2_injection_panel.csv
fives,gbdt,resid_bootstrap,0.8,,5,0.7981985809850768,0.915319906415226,0.6171666666666666,0.57294,0.6572333333333333,-0.06357500000000002,mean over independent draws of results/pivot/r2/r2_injection_panel.csv
fives,gbdt,resid_bootstrap,0.9,,5,0.8994092802979589,0.591079551566678,0.6362249999999999,0.6152841666666666,0.6492725,-0.04451666666666669,mean over independent draws of results/pivot/r2/r2_injection_panel.csv
fives,gbdt,resid_bootstrap,0.95,,5,0.9498292966915516,0.40113480585665257,0.6522650000000001,0.6372533333333333,0.672855,-0.02847666666666666,mean over independent draws of results/pivot/r2/r2_injection_panel.csv
fives,gbdt,resid_bootstrap,0.99,,5,0.9899992499614184,0.1739013637270311,0.6792383333333334,0.6687141666666667,0.6930375000000001,-0.0015033333333333454,mean over independent draws of results/pivot/r2/r2_injection_panel.csv
fives,logreg,gaussian_corr,0.4,,10,0.40702352873054853,2.796348504165112,0.5642533333333334,0.5151629166666667,0.6081672916666667,-0.13848000000000008,mean over independent draws of results/pivot/r2/r2_injection_panel.csv
fives,logreg,gaussian_corr,0.5,,10,0.5058848462673466,2.1138407774538153,0.5812133333333334,0.535346875,0.623056875,-0.1215200000000001,mean over independent draws of results/pivot/r2/r2_injection_panel.csv
fives,logreg,gaussian_corr,0.6,,10,0.6046566355486993,1.627235389182624,0.5977166666666667,0.556935,0.6376025000000001,-0.10501666666666676,mean over independent draws of results/pivot/r2/r2_injection_panel.csv
fives,logreg,gaussian_corr,0.7,,10,0.7033797599900884,1.2450841144542621,0.61421,0.5786822916666667,0.6501110416666668,-0.08852333333333343,mean over independent draws of results/pivot/r2/r2_injection_panel.csv
fives,logreg,gaussian_corr,0.8,,10,0.8021009566702035,0.915319906415226,0.6325366666666666,0.6038033333333334,0.6632377083333334,-0.07019666666666675,mean over independent draws of results/pivot/r2/r2_injection_panel.csv
fives,logreg,gaussian_corr,0.9,,10,0.900895029249312,0.5910795515666779,0.6552450000000001,0.6318775000000001,0.6802016666666667,-0.04748833333333341,mean over independent draws of results/pivot/r2/r2_injection_panel.csv
fives,logreg,gaussian_corr,0.95,,10,0.9503710551384097,0.4011348058566525,0.6718008333333334,0.6527712499999999,0.6901683333333333,-0.030932500000000095,mean over independent draws of results/pivot/r2/r2_injection_panel.csv
fives,logreg,gaussian_corr,0.99,,10,0.9900479234108758,0.17390136372703108,0.6933566666666666,0.6837483333333334,0.7029745833333333,-0.009376666666666755,mean over independent draws of results/pivot/r2/r2_injection_panel.csv
fives,logreg,gaussian_indep,0.4,,10,0.40384759968933165,2.7963485041651115,0.5775316666666667,0.5230335416666667,0.6232116666666667,-0.12520166666666677,mean over independent draws of results/pivot/r2/r2_injection_panel.csv
fives,logreg,gaussian_indep,0.5,,10,0.5031903431791038,2.1138407774538153,0.5949633333333334,0.5453672916666668,0.6378683333333334,-0.1077700000000001,mean over independent draws of results/pivot/r2/r2_injection_panel.csv
fives,logreg,gaussian_indep,0.6,,10,0.6025385281136201,1.6272353891826234,0.6110183333333333,0.5666883333333333,0.650158125,-0.09171500000000012,mean over independent draws of results/pivot/r2/r2_injection_panel.csv
fives,logreg,gaussian_indep,0.7,,10,0.7018969289281446,1.2450841144542621,0.6257866666666667,0.5873802083333334,0.6604006250000001,-0.07694666666666675,mean over independent draws of results/pivot/r2/r2_injection_panel.csv
fives,logreg,gaussian_indep,0.8,,10,0.8012558819002068,0.915319906415226,0.6410425,0.6093087500000001,0.6701147916666667,-0.06169083333333342,mean over independent draws of results/pivot/r2/r2_injection_panel.csv
fives,logreg,gaussian_indep,0.9,,10,0.9006022064633322,0.5910795515666778,0.6582158333333333,0.6367608333333333,0.68066375,-0.04451750000000011,mean over independent draws of results/pivot/r2/r2_injection_panel.csv
fives,logreg,gaussian_indep,0.95,,10,0.9502776988173641,0.4011348058566525,0.6704166666666667,0.6565908333333333,0.6873454166666667,-0.032316666666666785,mean over independent draws of results/pivot/r2/r2_injection_panel.csv
fives,logreg,gaussian_indep,0.99,,10,0.9900438704576082,0.1739013637270311,0.6901658333333334,0.6807377083333334,0.7025649999999999,-0.01256750000000011,mean over independent draws of results/pivot/r2/r2_injection_panel.csv
fives,logreg,hetero_quality,0.4,,10,0.4060222151894347,2.7963485041651124,0.5696866666666667,0.5207820833333333,0.6013683333333334,-0.13304666666666676,mean over independent draws of results/pivot/r2/r2_injection_panel.csv
fives,logreg,hetero_quality,0.5,,10,0.5050462322506519,2.1138407774538153,0.5847533333333333,0.5424883333333334,0.6127754166666667,-0.11798000000000008,mean over independent draws of results/pivot/r2/r2_injection_panel.csv
fives,logreg,hetero_quality,0.6,,10,0.6039928045824818,1.627235389182624,0.59925,0.5613466666666667,0.6246941666666667,-0.10348333333333341,mean over independent draws of results/pivot/r2/r2_injection_panel.csv
fives,logreg,hetero_quality,0.7,,10,0.7028972262180998,1.2450841144542624,0.614195,0.5812297916666667,0.6376539583333334,-0.0885383333333334,mean over independent draws of results/pivot/r2/r2_injection_panel.csv
fives,logreg,hetero_quality,0.8,,10,0.8017999770856183,0.9153199064152258,0.6315091666666667,0.6043068750000001,0.65373125,-0.07122416666666674,mean over independent draws of results/pivot/r2/r2_injection_panel.csv
fives,logreg,hetero_quality,0.9,,10,0.9007658291162912,0.5910795515666779,0.6545225,0.6318395833333333,0.6740806250000001,-0.048210833333333425,mean over independent draws of results/pivot/r2/r2_injection_panel.csv
fives,logreg,hetero_quality,0.95,,10,0.950317026288513,0.4011348058566525,0.6709400000000001,0.6534558333333333,0.6873591666666666,-0.03179333333333343,mean over independent draws of results/pivot/r2/r2_injection_panel.csv
fives,logreg,hetero_quality,0.99,,10,0.990040792974798,0.1739013637270312,0.6921825,0.6842789583333333,0.7033095833333334,-0.010550833333333464,mean over independent draws of results/pivot/r2/r2_injection_panel.csv
fives,logreg,hetero_reference,0.4,,10,0.41566513333415844,2.7963485041651124,0.5647458333333334,0.5046427083333334,0.6172275,-0.1379875000000001,mean over independent draws of results/pivot/r2/r2_injection_panel.csv
fives,logreg,hetero_reference,0.5,,10,0.5131507403645282,2.1138407774538153,0.5821975,0.52888625,0.6299922916666667,-0.12053583333333343,mean over independent draws of results/pivot/r2/r2_injection_panel.csv
fives,logreg,hetero_reference,0.6,,10,0.6103964956193295,1.627235389182624,0.5986791666666667,0.552576875,0.6411133333333333,-0.10405416666666674,mean over independent draws of results/pivot/r2/r2_injection_panel.csv
fives,logreg,hetero_reference,0.7,,10,0.7075061231144655,1.2450841144542621,0.6147591666666667,0.5762597916666667,0.6530166666666667,-0.08797416666666677,mean over independent draws of results/pivot/r2/r2_injection_panel.csv
fives,logreg,hetero_reference,0.8,,10,0.8046102409277072,0.9153199064152258,0.6322408333333334,0.601238125,0.6640939583333333,-0.07049250000000011,mean over independent draws of results/pivot/r2/r2_injection_panel.csv
fives,logreg,hetero_reference,0.9,,10,0.9019160939630375,0.5910795515666779,0.6541416666666666,0.6283533333333333,0.6758839583333334,-0.048591666666666755,mean over independent draws of results/pivot/r2/r2_injection_panel.csv
fives,logreg,hetero_reference,0.95,,10,0.9507750246132524,0.4011348058566525,0.6705975000000001,0.6495066666666667,0.6865539583333334,-0.032135833333333405,mean over independent draws of results/pivot/r2/r2_injection_panel.csv
fives,logreg,hetero_reference,0.99,,10,0.9900948079246147,0.17390136372703108,0.6922458333333333,0.680681875,0.7016627083333333,-0.010487500000000104,mean over independent draws of results/pivot/r2/r2_injection_panel.csv
fives,logreg,label_dependent,0.4,,10,0.42435191774301784,2.7963485041651124,0.6513275000000001,0.6156297916666666,0.694035625,-0.05140583333333341,mean over independent draws of results/pivot/r2/r2_injection_panel.csv
fives,logreg,label_dependent,0.5,,10,0.5204812789684325,2.1138407774538153,0.6610741666666666,0.6273939583333333,0.7005622916666667,-0.04165916666666678,mean over independent draws of results/pivot/r2/r2_injection_panel.csv
fives,logreg,label_dependent,0.6,,10,0.6161750527871391,1.6272353891826241,0.66877,0.636005,0.705106875,-0.033963333333333436,mean over independent draws of results/pivot/r2/r2_injection_panel.csv
fives,logreg,label_dependent,0.7,,10,0.7116150865497669,1.2450841144542621,0.67503,0.64335125,0.7078872916666666,-0.027703333333333413,mean over independent draws of results/pivot/r2/r2_injection_panel.csv
fives,logreg,label_dependent,0.8,,10,0.807044724102016,0.9153199064152258,0.6799691666666667,0.6501579166666667,0.710076875,-0.022764166666666762,mean over independent draws of results/pivot/r2/r2_injection_panel.csv
fives,logreg,label_dependent,0.9,,10,0.9028480968920931,0.591079551566678,0.68496,0.6593027083333334,0.7107766666666666,-0.01777333333333342,mean over independent draws of results/pivot/r2/r2_injection_panel.csv
fives,logreg,label_dependent,0.95,,10,0.9511174356937016,0.4011348058566525,0.688245,0.6662414583333334,0.7111475,-0.014488333333333391,mean over independent draws of results/pivot/r2/r2_injection_panel.csv
fives,logreg,label_dependent,0.99,,10,0.9901264560164058,0.17390136372703113,0.6938858333333333,0.6809225,0.7079525,-0.008847500000000097,mean over independent draws of results/pivot/r2/r2_injection_panel.csv
fives,logreg,proportional,1.0,0.5,1,0.9999999999999999,0.6102132709434838,0.7027333333333334,0.7027333333333334,0.7027333333333334,0.0,mean over independent draws of results/pivot/r2/r2_injection_panel.csv
fives,logreg,proportional,1.0,0.75,1,0.9999999999999998,0.305106635471742,0.7027333333333334,0.7027333333333334,0.7027333333333334,0.0,mean over independent draws of results/pivot/r2/r2_injection_panel.csv
fives,logreg,proportional,1.0,1.25,1,0.9999999999999999,0.30510663547174205,0.7027333333333334,0.7027333333333334,0.7027333333333334,0.0,mean over independent draws of results/pivot/r2/r2_injection_panel.csv
fives,logreg,proportional,1.0,1.5,1,0.9999999999999998,0.6102132709434838,0.7027333333333334,0.7027333333333334,0.7027333333333334,0.0,mean over independent draws of results/pivot/r2/r2_injection_panel.csv
fives,logreg,proportional,1.0,2.0,1,1.0,1.2204265418869678,0.7027333333333334,0.7027333333333334,0.7027333333333334,0.0,mean over independent draws of results/pivot/r2/r2_injection_panel.csv
fives,logreg,resid_bootstrap,0.4,,10,0.4097314811147987,2.7963485041651124,0.5733425000000001,0.5441475,0.607764375,-0.12939083333333343,mean over independent draws of results/pivot/r2/r2_injection_panel.csv
fives,logreg,resid_bootstrap,0.5,,10,0.5081501699027184,2.1138407774538153,0.5935699999999999,0.5693908333333334,0.6252639583333334,-0.10916333333333346,mean over independent draws of results/pivot/r2/r2_injection_panel.csv
fives,logreg,resid_bootstrap,0.6,,10,0.606451164417156,1.627235389182624,0.6105941666666667,0.59063,0.6405633333333334,-0.09213916666666677,mean over independent draws of results/pivot/r2/r2_injection_panel.csv
fives,logreg,resid_bootstrap,0.7,,10,0.7046888241439673,1.245084114454262,0.6260458333333333,0.60826375,0.652986875,-0.0766875000000001,mean over independent draws of results/pivot/r2/r2_injection_panel.csv
fives,logreg,resid_bootstrap,0.8,,10,0.8029239876607148,0.915319906415226,0.6419383333333333,0.6252283333333334,0.664963125,-0.060795000000000085,mean over independent draws of results/pivot/r2/r2_injection_panel.csv
fives,logreg,resid_bootstrap,0.9,,10,0.9012542300064096,0.5910795515666779,0.6610641666666667,0.6458558333333334,0.6795197916666667,-0.04166916666666676,mean over independent draws of results/pivot/r2/r2_injection_panel.csv
fives,logreg,resid_bootstrap,0.95,,10,0.9505238488929642,0.40113480585665257,0.6751375,0.6633560416666666,0.6893264583333333,-0.02759583333333344,mean over independent draws of results/pivot/r2/r2_injection_panel.csv
fives,logreg,resid_bootstrap,0.99,,10,0.9900688599586427,0.1739013637270311,0.6942483333333334,0.688879375,0.7019627083333333,-0.008485000000000086,mean over independent draws of results/pivot/r2/r2_injection_panel.csv
hrf,gbdt,gaussian_corr,0.4,,5,0.3435162169553441,3.8855670064048162,0.5762962962962963,0.42703703703703705,0.6692592592592592,-0.33185185185185184,mean over independent draws of results/pivot/r2/r2_injection_panel.csv
hrf,gbdt,gaussian_corr,0.5,,5,0.45194313758399984,2.9372125718356736,0.6124444444444443,0.47281481481481474,0.6847407407407406,-0.29570370370370375,mean over independent draws of results/pivot/r2/r2_injection_panel.csv
hrf,gbdt,gaussian_corr,0.6,,5,0.5622533177648018,2.2610672920219725,0.6457777777777778,0.5323703703703704,0.7022222222222222,-0.2623703703703704,mean over independent draws of results/pivot/r2/r2_injection_panel.csv
hrf,gbdt,gaussian_corr,0.7,,5,0.6737553158076273,1.7300625255100843,0.7176296296296296,0.6283703703703704,0.7739259259259259,-0.1905185185185185,mean over independent draws of results/pivot/r2/r2_injection_panel.csv
hrf,gbdt,gaussian_corr,0.8,,5,0.7853079831831342,1.2718503517623594,0.7819259259259259,0.6822222222222222,0.843925925925926,-0.1262222222222222,mean over independent draws of results/pivot/r2/r2_injection_panel.csv
hrf,gbdt,gaussian_corr,0.9,,5,0.8951378488926641,0.821313652539079,0.8589629629629629,0.8380740740740741,0.8702222222222222,-0.0491851851851852,mean over independent draws of results/pivot/r2/r2_injection_panel.csv
hrf,gbdt,gaussian_corr,0.95,,5,0.9485532952038771,0.5573826597205782,0.904888888888889,0.8825925925925925,0.9337037037037037,-0.003259259259259273,mean over independent draws of results/pivot/r2/r2_injection_panel.csv
hrf,gbdt,gaussian_corr,0.99,,5,0.9899720850977731,0.2416384797031216,0.9237037037037037,0.8922962962962963,0.9622962962962964,0.015555555555555545,mean over independent draws of results/pivot/r2/r2_injection_panel.csv
hrf,gbdt,gaussian_indep,0.4,,5,0.3451595638793934,3.885567006404817,0.542074074074074,0.4516296296296296,0.681037037037037,-0.36607407407407405,mean over independent draws of results/pivot/r2/r2_injection_panel.csv
hrf,gbdt,gaussian_indep,0.5,,5,0.45328783776957293,2.9372125718356745,0.5785185185185184,0.4931111111111111,0.6942222222222223,-0.3296296296296296,mean over independent draws of results/pivot/r2/r2_injection_panel.csv
hrf,gbdt,gaussian_indep,0.6,,5,0.5633165248377405,2.2610672920219725,0.5785185185185184,0.46496296296296297,0.6956296296296297,-0.3296296296296296,mean over independent draws of results/pivot/r2/r2_injection_panel.csv
hrf,gbdt,gaussian_indep,0.7,,5,0.6745594789967378,1.7300625255100837,0.6586666666666667,0.5486666666666667,0.7742222222222223,-0.24948148148148147,mean over independent draws of results/pivot/r2/r2_injection_panel.csv
hrf,gbdt,gaussian_indep,0.8,,5,0.7858542916298509,1.2718503517623598,0.7444444444444445,0.6244444444444445,0.8233333333333334,-0.1637037037037037,mean over independent draws of results/pivot/r2/r2_injection_panel.csv
hrf,gbdt,gaussian_indep,0.9,,5,0.895397591152412,0.8213136525390787,0.8442962962962962,0.7768148148148147,0.9012592592592593,-0.06385185185185185,mean over independent draws of results/pivot/r2/r2_injection_panel.csv
hrf,gbdt,gaussian_indep,0.95,,5,0.9486651879479456,0.5573826597205784,0.8971851851851852,0.8758518518518519,0.9167407407407407,-0.010962962962962952,mean over independent draws of results/pivot/r2/r2_injection_panel.csv
hrf,gbdt,gaussian_indep,0.99,,5,0.9899862369113037,0.2416384797031212,0.9093333333333333,0.8825925925925925,0.9405925925925925,0.001185185185185156,mean over independent draws of results/pivot/r2/r2_injection_panel.csv
hrf,gbdt,hetero_quality,0.4,,5,0.3476673287764608,3.8855670064048162,0.6299259259259259,0.542074074074074,0.6837777777777778,-0.27822222222222226,mean over independent draws of results/pivot/r2/r2_injection_panel.csv
hrf,gbdt,hetero_quality,0.5,,5,0.4553918817570242,2.9372125718356745,0.6653333333333333,0.5775555555555555,0.7434814814814814,-0.24281481481481482,mean over independent draws of results/pivot/r2/r2_injection_panel.csv
hrf,gbdt,hetero_quality,0.6,,5,0.5649836252566337,2.2610672920219725,0.6694814814814815,0.5606666666666666,0.7278518518518517,-0.23866666666666667,mean over independent draws of results/pivot/r2/r2_injection_panel.csv
hrf,gbdt,hetero_quality,0.7,,5,0.6757696926973098,1.730062525510084,0.737037037037037,0.6727407407407408,0.7842962962962963,-0.1711111111111111,mean over independent draws of results/pivot/r2/r2_injection_panel.csv
hrf,gbdt,hetero_quality,0.8,,5,0.7866067850778077,1.2718503517623596,0.7902222222222223,0.7374074074074075,0.8199259259259261,-0.11792592592592588,mean over independent draws of results/pivot/r2/r2_injection_panel.csv
hrf,gbdt,hetero_quality,0.9,,5,0.8957215228744786,0.8213136525390784,0.8681481481481482,0.8289629629629629,0.9112592592592593,-0.039999999999999994,mean over independent draws of results/pivot/r2/r2_injection_panel.csv
hrf,gbdt,hetero_quality,0.95,,5,0.9488026995623619,0.557382659720578,0.9093333333333333,0.8911851851851852,0.9380000000000001,0.0011851851851852001,mean over independent draws of results/pivot/r2/r2_injection_panel.csv
hrf,gbdt,hetero_quality,0.99,,5,0.9900053690156294,0.24163847970312152,0.9250370370370371,0.9022222222222221,0.9434074074074075,0.016888888888888908,mean over independent draws of results/pivot/r2/r2_injection_panel.csv
hrf,gbdt,hetero_reference,0.4,,5,0.35087973738237743,3.885567006404817,0.6511111111111111,0.4708148148148148,0.772,-0.257037037037037,mean over independent draws of results/pivot/r2/r2_injection_panel.csv
hrf,gbdt,hetero_reference,0.5,,5,0.4576456219164477,2.9372125718356736,0.6567407407407407,0.5848148148148148,0.7266666666666667,-0.2514074074074074,mean over independent draws of results/pivot/r2/r2_injection_panel.csv
hrf,gbdt,hetero_reference,0.6,,5,0.5668726825376911,2.2610672920219725,0.6851851851851851,0.622074074074074,0.756962962962963,-0.22296296296296297,mean over independent draws of results/pivot/r2/r2_injection_panel.csv
hrf,gbdt,hetero_reference,0.7,,5,0.6777459041991144,1.7300625255100837,0.7637037037037037,0.7228148148148149,0.8402222222222222,-0.14444444444444443,mean over independent draws of results/pivot/r2/r2_injection_panel.csv
hrf,gbdt,hetero_reference,0.8,,5,0.7886908607653487,1.2718503517623598,0.8185185185185185,0.7904444444444444,0.8632592592592593,-0.08962962962962966,mean over independent draws of results/pivot/r2/r2_injection_panel.csv
hrf,gbdt,hetero_reference,0.9,,5,0.8972847196549132,0.821313652539079,0.8960000000000001,0.8774074074074074,0.9254814814814815,-0.012148148148148153,mean over independent draws of results/pivot/r2/r2_injection_panel.csv
hrf,gbdt,hetero_reference,0.95,,5,0.9496948782413103,0.557382659720578,0.9023703703703705,0.8645185185185187,0.9275555555555556,-0.005777777777777682,mean over independent draws of results/pivot/r2/r2_injection_panel.csv
hrf,gbdt,hetero_reference,0.99,,5,0.9901825260565712,0.2416384797031214,0.9167407407407406,0.909037037037037,0.9268888888888889,0.008592592592592574,mean over independent draws of results/pivot/r2/r2_injection_panel.csv
hrf,gbdt,label_dependent,0.4,,5,0.1304332840207657,3.8855670064048162,0.8164444444444445,0.742,0.8925925925925927,-0.09170370370370365,mean over independent draws of results/pivot/r2/r2_injection_panel.csv
hrf,gbdt,label_dependent,0.5,,5,0.26638400793137135,2.9372125718356736,0.7548148148148148,0.6268148148148149,0.8538518518518519,-0.15333333333333332,mean over independent draws of results/pivot/r2/r2_injection_panel.csv
hrf,gbdt,label_dependent,0.6,,5,0.4164200880569456,2.2610672920219725,0.6794074074074075,0.5368148148148147,0.7978518518518518,-0.22874074074074074,mean over independent draws of results/pivot/r2/r2_injection_panel.csv
hrf,gbdt,label_dependent,0.7,,5,0.5768745272723015,1.730062525510084,0.6333333333333333,0.5308888888888889,0.734148148148148,-0.27481481481481485,mean over independent draws of results/pivot/r2/r2_injection_panel.csv
hrf,gbdt,label_dependent,0.8,,5,0.7378075638570605,1.2718503517623596,0.6757037037037037,0.5522962962962963,0.752,-0.23244444444444445,mean over independent draws of results/pivot/r2/r2_injection_panel.csv
hrf,gbdt,label_dependent,0.9,,5,0.8841737981094484,0.8213136525390791,0.7131851851851853,0.6276296296296296,0.7865925925925927,-0.19496296296296295,mean over independent draws of results/pivot/r2/r2_injection_panel.csv
hrf,gbdt,label_dependent,0.95,,5,0.9470921527389781,0.5573826597205778,0.8105185185185185,0.7538518518518519,0.8812592592592593,-0.09762962962962958,mean over independent draws of results/pivot/r2/r2_injection_panel.csv
hrf,gbdt,label_dependent,0.99,,5,0.9905376377928317,0.24163847970312108,0.8871111111111112,0.8734074074074073,0.9145185185185185,-0.02103703703703701,mean over independent draws of results/pivot/r2/r2_injection_panel.csv
hrf,gbdt,proportional,1.0,0.5,1,0.9999999999999998,0.8479002345082395,0.9081481481481481,0.9081481481481481,0.9081481481481481,0.0,mean over independent draws of results/pivot/r2/r2_injection_panel.csv
hrf,gbdt,proportional,1.0,0.75,1,1.0,0.42395011725411924,0.9081481481481481,0.9081481481481481,0.9081481481481481,0.0,mean over independent draws of results/pivot/r2/r2_injection_panel.csv
hrf,gbdt,proportional,1.0,1.25,1,0.9999999999999999,0.42395011725411924,0.9081481481481481,0.9081481481481481,0.9081481481481481,0.0,mean over independent draws of results/pivot/r2/r2_injection_panel.csv
hrf,gbdt,proportional,1.0,1.5,1,0.9999999999999998,0.8479002345082395,0.9081481481481481,0.9081481481481481,0.9081481481481481,0.0,mean over independent draws of results/pivot/r2/r2_injection_panel.csv
hrf,gbdt,proportional,1.0,2.0,1,0.9999999999999998,1.6958004690164799,0.9081481481481481,0.9081481481481481,0.9081481481481481,0.0,mean over independent draws of results/pivot/r2/r2_injection_panel.csv
hrf,gbdt,resid_bootstrap,0.4,,5,0.45222733462720255,3.8855670064048162,0.6325925925925926,0.5664444444444445,0.706888888888889,-0.2755555555555555,mean over independent draws of results/pivot/r2/r2_injection_panel.csv
hrf,gbdt,resid_bootstrap,0.5,,5,0.5434788072525039,2.9372125718356736,0.6811851851851851,0.5949629629629628,0.7446666666666666,-0.22696296296296303,mean over independent draws of results/pivot/r2/r2_injection_panel.csv
hrf,gbdt,resid_bootstrap,0.6,,5,0.6345632902703916,2.2610672920219725,0.7260740740740741,0.654,0.7977037037037037,-0.18207407407407403,mean over independent draws of results/pivot/r2/r2_injection_panel.csv
hrf,gbdt,resid_bootstrap,0.7,,5,0.7256112169417699,1.730062525510084,0.7568888888888889,0.6984444444444444,0.8356296296296295,-0.15125925925925926,mean over independent draws of results/pivot/r2/r2_injection_panel.csv
hrf,gbdt,resid_bootstrap,0.8,,5,0.8166588181838893,1.271850351762359,0.7834074074074073,0.6939259259259258,0.8987407407407406,-0.12474074074074079,mean over independent draws of results/pivot/r2/r2_injection_panel.csv
hrf,gbdt,resid_bootstrap,0.9,,5,0.9077811461968928,0.8213136525390791,0.8699259259259259,0.8204444444444443,0.9220740740740742,-0.0382222222222222,mean over independent draws of results/pivot/r2/r2_injection_panel.csv
hrf,gbdt,resid_bootstrap,0.95,,5,0.9535418009719494,0.557382659720578,0.8970370370370372,0.8551851851851853,0.9393333333333335,-0.011111111111111072,mean over independent draws of results/pivot/r2/r2_injection_panel.csv
hrf,gbdt,resid_bootstrap,0.99,,5,0.9905604352145708,0.2416384797031217,0.9185185185185185,0.8998518518518518,0.9351851851851852,0.01037037037037034,mean over independent draws of results/pivot/r2/r2_injection_panel.csv
hrf,logreg,gaussian_corr,0.4,,10,0.3363777405794133,3.8855670064048162,0.5918518518518519,0.47194444444444444,0.6690925925925927,-0.3785185185185186,mean over independent draws of results/pivot/r2/r2_injection_panel.csv
hrf,logreg,gaussian_corr,0.5,,10,0.44582414639977885,2.937212571835674,0.6631111111111111,0.5821481481481482,0.725962962962963,-0.3072592592592593,mean over independent draws of results/pivot/r2/r2_injection_panel.csv
hrf,logreg,gaussian_corr,0.6,,10,0.5574537774296705,2.2610672920219725,0.7328148148148148,0.6674444444444444,0.7849814814814815,-0.23755555555555566,mean over independent draws of results/pivot/r2/r2_injection_panel.csv
hrf,logreg,gaussian_corr,0.7,,10,0.6704745293897484,1.730062525510084,0.8003703703703703,0.7485,0.8436111111111111,-0.17000000000000007,mean over independent draws of results/pivot/r2/r2_injection_panel.csv
hrf,logreg,gaussian_corr,0.8,,10,0.7835546147822274,1.2718503517623592,0.8649629629629629,0.8145925925925926,0.8942222222222223,-0.10540740740740748,mean over independent draws of results/pivot/r2/r2_injection_panel.csv
hrf,logreg,gaussian_corr,0.9,,10,0.894626853644968,0.8213136525390791,0.9217037037037036,0.8882407407407407,0.9392407407407408,-0.04866666666666676,mean over independent draws of results/pivot/r2/r2_injection_panel.csv
hrf,logreg,gaussian_corr,0.95,,10,0.9484321347646001,0.5573826597205781,0.947037037037037,0.9232222222222222,0.9608888888888889,-0.023333333333333407,mean over independent draws of results/pivot/r2/r2_injection_panel.csv
hrf,logreg,gaussian_corr,0.99,,10,0.9899805723566258,0.24163847970312147,0.9655555555555555,0.9579444444444444,0.9709444444444444,-0.004814814814814905,mean over independent draws of results/pivot/r2/r2_injection_panel.csv
hrf,logreg,gaussian_indep,0.4,,10,0.3538817653124052,3.885567006404817,0.5419259259259259,0.45179629629629625,0.656814814814815,-0.4284444444444445,mean over independent draws of results/pivot/r2/r2_injection_panel.csv
hrf,logreg,gaussian_indep,0.5,,10,0.46060413699508446,2.937212571835674,0.6068148148148149,0.5165555555555557,0.7025370370370371,-0.3635555555555556,mean over independent draws of results/pivot/r2/r2_injection_panel.csv
hrf,logreg,gaussian_indep,0.6,,10,0.5691013646833636,2.2610672920219725,0.6790370370370371,0.5992037037037038,0.7525185185185187,-0.29133333333333333,mean over independent draws of results/pivot/r2/r2_injection_panel.csv
hrf,logreg,gaussian_indep,0.7,,10,0.6787434861112285,1.730062525510084,0.7554074074074074,0.7010740740740741,0.805425925925926,-0.21496296296296302,mean over independent draws of results/pivot/r2/r2_injection_panel.csv
hrf,logreg,gaussian_indep,0.8,,10,0.7884346993583986,1.2718503517623596,0.825925925925926,0.7758148148148148,0.8668148148148148,-0.14444444444444451,mean over independent draws of results/pivot/r2/r2_injection_panel.csv
hrf,logreg,gaussian_indep,0.9,,10,0.8964778832021055,0.821313652539079,0.9013333333333333,0.8648703703703704,0.9290370370370371,-0.06903703703703709,mean over independent draws of results/pivot/r2/r2_injection_panel.csv
hrf,logreg,gaussian_indep,0.95,,10,0.9491047902725598,0.5573826597205785,0.9356296296296296,0.9117037037037036,0.9547962962962963,-0.03474074074074081,mean over independent draws of results/pivot/r2/r2_injection_panel.csv
hrf,logreg,gaussian_indep,0.99,,10,0.9900407128607676,0.2416384797031214,0.9653333333333334,0.9551481481481482,0.9731666666666666,-0.005037037037037085,mean over independent draws of results/pivot/r2/r2_injection_panel.csv
hrf,logreg,hetero_quality,0.4,,10,0.3366628568644715,3.8855670064048162,0.6323703703703704,0.5701296296296297,0.709425925925926,-0.3380000000000001,mean over independent draws of results/pivot/r2/r2_injection_panel.csv
hrf,logreg,hetero_quality,0.5,,10,0.446029603672229,2.937212571835674,0.6868148148148149,0.6284814814814814,0.7512037037037037,-0.2835555555555556,mean over independent draws of results/pivot/r2/r2_injection_panel.csv
hrf,logreg,hetero_quality,0.6,,10,0.5576286107176959,2.2610672920219725,0.7414074074074074,0.6904629629629631,0.7894074074074074,-0.22896296296296298,mean over independent draws of results/pivot/r2/r2_injection_panel.csv
hrf,logreg,hetero_quality,0.7,,10,0.6706532449556422,1.730062525510084,0.8010370370370371,0.7530370370370372,0.8331481481481481,-0.16933333333333334,mean over independent draws of results/pivot/r2/r2_injection_panel.csv
hrf,logreg,hetero_quality,0.8,,10,0.7837387409303652,1.2718503517623596,0.8644444444444443,0.8293703703703704,0.8873148148148148,-0.105925925925926,mean over independent draws of results/pivot/r2/r2_injection_panel.csv
hrf,logreg,hetero_quality,0.9,,10,0.894767610704293,0.8213136525390785,0.921037037037037,0.8932037037037037,0.9328333333333333,-0.049333333333333396,mean over independent draws of results/pivot/r2/r2_injection_panel.csv
hrf,logreg,hetero_quality,0.95,,10,0.9485155016308984,0.557382659720578,0.9478518518518518,0.9288148148148148,0.9577777777777778,-0.02251851851851857,mean over independent draws of results/pivot/r2/r2_injection_panel.csv
hrf,logreg,hetero_quality,0.99,,10,0.9899982183248588,0.24163847970312133,0.966,0.9585370370370371,0.9722592592592592,-0.004370370370370425,mean over independent draws of results/pivot/r2/r2_injection_panel.csv
hrf,logreg,hetero_reference,0.4,,10,0.3217287876185928,3.885567006404817,0.5876296296296296,0.44829629629629625,0.6736296296296297,-0.3827407407407408,mean over independent draws of results/pivot/r2/r2_injection_panel.csv
hrf,logreg,hetero_reference,0.5,,10,0.43178234141735183,2.937212571835674,0.6582222222222223,0.5027037037037038,0.7371296296296297,-0.3121481481481482,mean over independent draws of results/pivot/r2/r2_injection_panel.csv
hrf,logreg,hetero_reference,0.6,,10,0.5465560033462298,2.2610672920219725,0.7353333333333334,0.640574074074074,0.7961111111111111,-0.23503703703703716,mean over independent draws of results/pivot/r2/r2_injection_panel.csv
hrf,logreg,hetero_reference,0.7,,10,0.6647968291900487,1.7300625255100837,0.8085185185185185,0.7596481481481482,0.851425925925926,-0.1618518518518519,mean over independent draws of results/pivot/r2/r2_injection_panel.csv
hrf,logreg,hetero_reference,0.8,,10,0.7831966401825842,1.2718503517623598,0.8752592592592592,0.843462962962963,0.9058148148148149,-0.09511111111111119,mean over independent draws of results/pivot/r2/r2_injection_panel.csv
hrf,logreg,hetero_reference,0.9,,10,0.8967419684855754,0.821313652539079,0.9356296296296296,0.908,0.9565185185185185,-0.034740740740740815,mean over independent draws of results/pivot/r2/r2_injection_panel.csv
hrf,logreg,hetero_reference,0.95,,10,0.9500584570526642,0.557382659720578,0.9585185185185185,0.9441296296296295,0.9685555555555555,-0.011851851851851924,mean over independent draws of results/pivot/r2/r2_injection_panel.csv
hrf,logreg,hetero_reference,0.99,,10,0.9903779093859939,0.24163847970312155,0.9671851851851851,0.9614074074074074,0.9716851851851852,-0.003185185185185224,mean over independent draws of results/pivot/r2/r2_injection_panel.csv
hrf,logreg,label_dependent,0.4,,10,0.11267190132596536,3.8855670064048162,0.8154074074074075,0.7287037037037036,0.8883888888888889,-0.15496296296296305,mean over independent draws of results/pivot/r2/r2_injection_panel.csv
hrf,logreg,label_dependent,0.5,,10,0.2505225993194645,2.9372125718356736,0.7565925925925926,0.6663333333333333,0.8264814814814816,-0.2137777777777779,mean over independent draws of results/pivot/r2/r2_injection_panel.csv
hrf,logreg,label_dependent,0.6,,10,0.4039062109978751,2.2610672920219725,0.6739259259259259,0.5717037037037037,0.7509444444444444,-0.29644444444444457,mean over independent draws of results/pivot/r2/r2_injection_panel.csv
hrf,logreg,label_dependent,0.7,,10,0.5689482304792289,1.730062525510084,0.5769629629629629,0.4614444444444444,0.6890555555555555,-0.3934074074074075,mean over independent draws of results/pivot/r2/r2_injection_panel.csv
hrf,logreg,label_dependent,0.8,,10,0.7345301245487308,1.2718503517623596,0.6257037037037037,0.569462962962963,0.7062777777777778,-0.34466666666666673,mean over independent draws of results/pivot/r2/r2_injection_panel.csv
hrf,logreg,label_dependent,0.9,,10,0.8838597519213647,0.8213136525390791,0.7931851851851852,0.7705370370370371,0.8257222222222222,-0.17718518518518525,mean over independent draws of results/pivot/r2/r2_injection_panel.csv
hrf,logreg,label_dependent,0.95,,10,0.9472850652360527,0.557382659720578,0.8827407407407408,0.8589444444444444,0.8990740740740741,-0.0876296296296297,mean over independent draws of results/pivot/r2/r2_injection_panel.csv
hrf,logreg,label_dependent,0.99,,10,0.9906383467380875,0.24163847970312116,0.9442222222222222,0.9341666666666666,0.9568703703703704,-0.026148148148148233,mean over independent draws of results/pivot/r2/r2_injection_panel.csv
hrf,logreg,proportional,1.0,0.5,1,0.9999999999999998,0.8479002345082395,0.9703703703703704,0.9703703703703704,0.9703703703703704,0.0,mean over independent draws of results/pivot/r2/r2_injection_panel.csv
hrf,logreg,proportional,1.0,0.75,1,1.0,0.42395011725411924,0.9703703703703704,0.9703703703703704,0.9703703703703704,0.0,mean over independent draws of results/pivot/r2/r2_injection_panel.csv
hrf,logreg,proportional,1.0,1.25,1,0.9999999999999999,0.42395011725411924,0.9703703703703704,0.9703703703703704,0.9703703703703704,0.0,mean over independent draws of results/pivot/r2/r2_injection_panel.csv
hrf,logreg,proportional,1.0,1.5,1,0.9999999999999998,0.8479002345082395,0.9703703703703704,0.9703703703703704,0.9703703703703704,0.0,mean over independent draws of results/pivot/r2/r2_injection_panel.csv
hrf,logreg,proportional,1.0,2.0,1,0.9999999999999998,1.6958004690164799,0.9703703703703704,0.9703703703703704,0.9703703703703704,0.0,mean over independent draws of results/pivot/r2/r2_injection_panel.csv
hrf,logreg,resid_bootstrap,0.4,,10,0.42793601005302523,3.8855670064048162,0.6645925925925926,0.5642222222222222,0.7461111111111112,-0.3057777777777778,mean over independent draws of results/pivot/r2/r2_injection_panel.csv
hrf,logreg,resid_bootstrap,0.5,,10,0.5229132841906633,2.9372125718356736,0.7175555555555555,0.5938703703703704,0.8023888888888888,-0.25281481481481494,mean over independent draws of results/pivot/r2/r2_injection_panel.csv
hrf,logreg,resid_bootstrap,0.6,,10,0.6183029999449087,2.2610672920219725,0.7757777777777778,0.6581481481481481,0.8467407407407409,-0.19459259259259265,mean over independent draws of results/pivot/r2/r2_injection_panel.csv
hrf,logreg,resid_bootstrap,0.7,,10,0.7140496797213064,1.730062525510084,0.8324444444444443,0.732962962962963,0.8915185185185185,-0.137925925925926,mean over independent draws of results/pivot/r2/r2_injection_panel.csv
hrf,logreg,resid_bootstrap,0.8,,10,0.8098134245944975,1.2718503517623594,0.8825925925925926,0.8169259259259259,0.941,-0.08777777777777782,mean over independent draws of results/pivot/r2/r2_injection_panel.csv
hrf,logreg,resid_bootstrap,0.9,,10,0.9050919399020678,0.8213136525390787,0.9313333333333335,0.8929444444444444,0.9689814814814816,-0.03903703703703706,mean over independent draws of results/pivot/r2/r2_injection_panel.csv
hrf,logreg,resid_bootstrap,0.95,,10,0.9524835431245562,0.5573826597205781,0.9533333333333334,0.9307962962962962,0.9792037037037038,-0.017037037037037094,mean over independent draws of results/pivot/r2/r2_injection_panel.csv
hrf,logreg,resid_bootstrap,0.99,,10,0.9904303710190044,0.24163847970312163,0.9686666666666668,0.9572962962962963,0.9810555555555556,-0.0017037037037037183,mean over independent draws of results/pivot/r2/r2_injection_panel.csv
