dataset,biomarker,panel,n,mu,mu_lo,mu_hi,alpha,alpha_lo,alpha_hi,beta,beta_lo,beta_hi,resid_sd,resid_sd_lo,resid_sd_hi,ccc,ccc_lo,ccc_hi,r_pearson,r_pearson_lo,r_pearson_hi,prop_bias_slope,prop_bias_slope_lo,prop_bias_slope_hi,prop_bias_p,auc_gap_skan4_logreg,auc_gap_lo,auc_gap_hi,units,source
drive,FD_pvbm,sensitivity,20,-0.9851888627572389,-1.4427697010814602,-0.568213599012755,-0.9878047733722932,-1.5521530317538805,-0.5419447773464547,0.9786049732271077,0.3319480166882381,2.4973700792795763,1.029259167885393,0.6095135120550039,1.778438963239469,0.30806861874281355,0.10988857077039421,0.5134913289337426,0.46395819717792786,0.2099505967609868,0.6799551514261771,-0.01370880985155607,-0.6253354656610602,0.5880096784033357,0.9621974759664563,,,,"sigma (results/gateA_biomarker_scales_train.csv), centred on the reference median of the same cohort (ref_median_raw, native units): alpha is therefore the predicted-minus-reference offset at a median-valued image. beta, CCC, r, residual SD, the Bland-Altman limits and the proportional-bias slope are unaffected by the centring","results/pivot/r2/r2_calibration.csv (method=deming_l1) joined to results/pivot/r2/r2_delta_auc.csv (featureset=skan4, clf=logreg) for the dataset-level AUC gap"
drive,FD_skan,primary,20,-1.166517118934119,-1.5664763409955904,-0.7690127141395847,-1.2077146370095018,-1.6826119173734864,-0.8181913296888619,0.7669073532600551,0.20270322900540816,2.865336740549407,0.8018948673855103,0.5515874270051137,1.6771167309013437,0.20074089582037696,0.02998270983422223,0.40943667368846565,0.40884298524685947,0.08665803163801497,0.6721486154125269,-0.15518342879545338,-0.6490942448502813,0.5154886812147729,0.6159985569669552,,,,"sigma (results/gateA_biomarker_scales_train.csv), centred on the reference median of the same cohort (ref_median_raw, native units): alpha is therefore the predicted-minus-reference offset at a median-valued image. beta, CCC, r, residual SD, the Bland-Altman limits and the proportional-bias slope are unaffected by the centring","results/pivot/r2/r2_calibration.csv (method=deming_l1) joined to results/pivot/r2/r2_delta_auc.csv (featureset=skan4, clf=logreg) for the dataset-level AUC gap"
drive,tortuosity_pvbm,sensitivity,20,-0.8950900759170194,-1.140119009793575,-0.6523239797050858,-0.8588134665998267,-1.043829357011172,-0.6784726478379645,0.5514467839157992,0.3666176964366045,1.00997397596511,0.40041794236650197,0.2047828665549431,0.6209971056665486,0.29237766680283267,0.1510178570380346,0.4303092325083462,0.6388927082700285,0.42544674956145456,0.8583689730242986,-0.4695497363347232,-0.8260450472150611,0.006855457677722413,0.03924409331684581,,,,"sigma (results/gateA_biomarker_scales_train.csv), centred on the reference median of the same cohort (ref_median_raw, native units): alpha is therefore the predicted-minus-reference offset at a median-valued image. beta, CCC, r, residual SD, the Bland-Altman limits and the proportional-bias slope are unaffected by the centring","results/pivot/r2/r2_calibration.csv (method=deming_l1) joined to results/pivot/r2/r2_delta_auc.csv (featureset=skan4, clf=logreg) for the dataset-level AUC gap"
drive,tortuosity_skan,primary,20,-1.3586881952798342,-2.491679775290743,-0.6312852052851928,-0.7193332021721123,-1.0067344312840887,-0.4412191999966995,0.03364245646842347,-0.03612400340876749,0.7924720842256772,0.6433608265256814,0.3597118642260351,0.7669362501571308,0.043424363880002134,-0.047322612301799336,0.5342573810585914,0.11228844877699387,-0.20931082301825024,0.8177496682935707,-1.6214065382691123,-2.0357294771703573,-0.17672501001549534,1.2421982479797165e-06,,,,"sigma (results/gateA_biomarker_scales_train.csv), centred on the reference median of the same cohort (ref_median_raw, native units): alpha is therefore the predicted-minus-reference offset at a median-valued image. beta, CCC, r, residual SD, the Bland-Altman limits and the proportional-bias slope are unaffected by the centring","results/pivot/r2/r2_calibration.csv (method=deming_l1) joined to results/pivot/r2/r2_delta_auc.csv (featureset=skan4, clf=logreg) for the dataset-level AUC gap"
drive,density_pvbm,sensitivity,20,0.13297059573078904,-0.2604902247346127,0.5445515805499452,0.12586029523363512,-0.40968209149488344,0.5761675825651964,0.7172521344249023,-1.2147883421679144,3.401087983480126,0.810125757683756,0.5101418201046415,2.9650196292083724,0.3227751702780006,-0.11212836979108395,0.6350979073494909,0.3293386575595919,-0.1165013314269304,0.6682332523347263,-0.16693589468262413,-0.6693261473966068,0.4782604546959849,0.6225193142242127,,,,"sigma (results/gateA_biomarker_scales_train.csv), centred on the reference median of the same cohort (ref_median_raw, native units): alpha is therefore the predicted-minus-reference offset at a median-valued image. beta, CCC, r, residual SD, the Bland-Altman limits and the proportional-bias slope are unaffected by the centring","results/pivot/r2/r2_calibration.csv (method=deming_l1) joined to results/pivot/r2/r2_delta_auc.csv (featureset=skan4, clf=logreg) for the dataset-level AUC gap"
drive,density_skan,primary,20,0.13297059573078904,-0.25215026471993895,0.5523648399265189,0.12586029523363512,-0.5074637910954737,0.5927872932180055,0.7172521344249023,-1.2751056754788357,3.224805632824396,0.810125757683756,0.5014332413324563,3.4008967244473705,0.3227751702780006,-0.11146169676318579,0.6378464237163205,0.3293386575595919,-0.11803847057760954,0.669952185144751,-0.16693589468262413,-0.6839027041924708,0.4630941819441952,0.6225193142242127,,,,"sigma (results/gateA_biomarker_scales_train.csv), centred on the reference median of the same cohort (ref_median_raw, native units): alpha is therefore the predicted-minus-reference offset at a median-valued image. beta, CCC, r, residual SD, the Bland-Altman limits and the proportional-bias slope are unaffected by the centring","results/pivot/r2/r2_calibration.csv (method=deming_l1) joined to results/pivot/r2/r2_delta_auc.csv (featureset=skan4, clf=logreg) for the dataset-level AUC gap"
drive,total_length_pvbm,sensitivity,20,-1.163058028719336,-1.4227875822701577,-0.8840877385756515,-1.162148562885292,-1.5368079256064744,-0.8563040795452997,0.7499870672958693,-0.10906192285456316,3.8399395244945356,0.5351531507226607,0.35110833793572815,1.7024223691531295,0.09414252621840756,-0.004839964017397981,0.19478621383612754,0.33456177029708356,-0.023492702949966228,0.60298324978045,-0.14572634604950369,-0.7408613903501118,0.6155121605666447,0.6656425245501248,,,,"sigma (results/gateA_biomarker_scales_train.csv), centred on the reference median of the same cohort (ref_median_raw, native units): alpha is therefore the predicted-minus-reference offset at a median-valued image. beta, CCC, r, residual SD, the Bland-Altman limits and the proportional-bias slope are unaffected by the centring","results/pivot/r2/r2_calibration.csv (method=deming_l1) joined to results/pivot/r2/r2_delta_auc.csv (featureset=skan4, clf=logreg) for the dataset-level AUC gap"
drive,total_length_skan,primary,20,-1.0503333011182416,-1.3457608997016772,-0.7373115697091255,-1.049596794446779,-1.305155908983822,-0.8150031124720108,0.4536312390103619,-0.03411213775405253,1.449740283074411,0.5143194796762444,0.36859726839666523,0.817493956877864,0.1338318449793659,-0.005099263913494313,0.28166447074588874,0.34678460193503996,-0.015477126444673502,0.6343759525071109,-0.43621947175733367,-0.9548025310432133,0.1736537911866131,0.1865628948908605,,,,"sigma (results/gateA_biomarker_scales_train.csv), centred on the reference median of the same cohort (ref_median_raw, native units): alpha is therefore the predicted-minus-reference offset at a median-valued image. beta, CCC, r, residual SD, the Bland-Altman limits and the proportional-bias slope are unaffected by the centring","results/pivot/r2/r2_calibration.csv (method=deming_l1) joined to results/pivot/r2/r2_delta_auc.csv (featureset=skan4, clf=logreg) for the dataset-level AUC gap"
chasedb1,FD_pvbm,sensitivity,8,-0.4941705096969518,-0.9301094982813282,0.007308395537726994,-0.4737082916806053,-0.6412833620636383,-0.3376596104506013,0.5671467782753024,0.42637942937227136,0.7056585596150258,0.2180289140030377,0.05260824819381311,0.2544259439198928,0.7763164474789429,0.5570834068007687,0.8408296265251056,0.9715825364683206,0.9428789573922085,0.9981587965924048,-0.5460546705025234,-0.794317312117914,-0.3445731766714655,0.0009537692588458482,,,,"sigma (results/gateA_biomarker_scales_train.csv), centred on the reference median of the same cohort (ref_median_raw, native units): alpha is therefore the predicted-minus-reference offset at a median-valued image. beta, CCC, r, residual SD, the Bland-Altman limits and the proportional-bias slope are unaffected by the centring","results/pivot/r2/r2_calibration.csv (method=deming_l1) joined to results/pivot/r2/r2_delta_auc.csv (featureset=skan4, clf=logreg) for the dataset-level AUC gap"
chasedb1,FD_skan,primary,8,-0.7849911791977002,-0.9821461583059126,-0.5911007349615783,-0.7583009302032644,-0.9593834284980953,-0.5677099472117604,0.8201642728975116,0.6501991170532032,1.245400642100068,0.24081750031911456,0.06801238013094484,0.3125432431891045,0.602466715065931,0.3280516413433601,0.700162994172834,0.9447789861714662,0.8611398089436532,0.9948688124820939,-0.19214508556682772,-0.4174824250859203,0.20727702785870225,0.20843625144780284,,,,"sigma (results/gateA_biomarker_scales_train.csv), centred on the reference median of the same cohort (ref_median_raw, native units): alpha is therefore the predicted-minus-reference offset at a median-valued image. beta, CCC, r, residual SD, the Bland-Altman limits and the proportional-bias slope are unaffected by the centring","results/pivot/r2/r2_calibration.csv (method=deming_l1) joined to results/pivot/r2/r2_delta_auc.csv (featureset=skan4, clf=logreg) for the dataset-level AUC gap"
chasedb1,tortuosity_pvbm,sensitivity,8,-0.49160463024692297,-0.9193171814858688,-0.04965175844764037,-0.49066407301977794,-0.8404543082508246,0.23815364947875095,0.6883523390178359,-2.8621578373360332,2.5042023844773156,0.5565612625962105,0.1780408569356401,1.8998977566548139,0.15885652854303475,-0.535133557059796,0.6496233172795731,0.2377540344177259,-0.7920614885944289,0.8602654498896943,-0.1463411581211427,-0.8453735282248623,2.280899029967546,0.826361598237412,,,,"sigma (results/gateA_biomarker_scales_train.csv), centred on the reference median of the same cohort (ref_median_raw, native units): alpha is therefore the predicted-minus-reference offset at a median-valued image. beta, CCC, r, residual SD, the Bland-Altman limits and the proportional-bias slope are unaffected by the centring","results/pivot/r2/r2_calibration.csv (method=deming_l1) joined to results/pivot/r2/r2_delta_auc.csv (featureset=skan4, clf=logreg) for the dataset-level AUC gap"
chasedb1,tortuosity_skan,primary,8,-1.1177804904551856,-2.9488088875464333,0.8247319075236622,-1.249819285117277,-10.881717694719981,10.955387464205195,1.2532129471051434,-12.736583734692735,21.117797947039335,3.249905230288365,0.22010319323129127,65.25928133970847,0.10338933737813506,-0.21265182590463808,0.38150335944893105,0.11920299416083621,-0.2615077994468582,0.9120509291015177,0.0484728741645325,-1.5683040750282413,1.4757779240815867,0.9488022173622721,,,,"sigma (results/gateA_biomarker_scales_train.csv), centred on the reference median of the same cohort (ref_median_raw, native units): alpha is therefore the predicted-minus-reference offset at a median-valued image. beta, CCC, r, residual SD, the Bland-Altman limits and the proportional-bias slope are unaffected by the centring","results/pivot/r2/r2_calibration.csv (method=deming_l1) joined to results/pivot/r2/r2_delta_auc.csv (featureset=skan4, clf=logreg) for the dataset-level AUC gap"
chasedb1,density_pvbm,sensitivity,8,1.9591657313942386,1.4274016129843161,2.4593195331248703,1.9481240744664314,1.2546209206154628,2.4545072867386146,1.1167048923371907,0.5745406626697556,1.5251793799972855,0.8258159983817213,0.269598232734445,0.997674674000463,0.5712424694132683,0.24480197876467027,0.6640628287032098,0.9165908423790038,0.7974720691285886,0.987477640534466,0.10551084327252985,-0.5232829736586722,0.3956845284100029,0.5573778631108469,,,,"sigma (results/gateA_biomarker_scales_train.csv), centred on the reference median of the same cohort (ref_median_raw, native units): alpha is therefore the predicted-minus-reference offset at a median-valued image. beta, CCC, r, residual SD, the Bland-Altman limits and the proportional-bias slope are unaffected by the centring","results/pivot/r2/r2_calibration.csv (method=deming_l1) joined to results/pivot/r2/r2_delta_auc.csv (featureset=skan4, clf=logreg) for the dataset-level AUC gap"
chasedb1,density_skan,primary,8,1.9591657313942386,1.4151202097208793,2.4649356396320607,1.9481240744664314,1.1934787280264427,2.4483728772577544,1.1167048923371907,0.5745214433383542,1.563292630801472,0.8258159983817213,0.282140441986527,0.9926333713086868,0.5712424694132683,0.23002452499014184,0.6708145924313214,0.9165908423790038,0.794731180193893,0.9858646620364901,0.10551084327252985,-0.5260686788521495,0.4198298835289527,0.5573778631108469,,,,"sigma (results/gateA_biomarker_scales_train.csv), centred on the reference median of the same cohort (ref_median_raw, native units): alpha is therefore the predicted-minus-reference offset at a median-valued image. beta, CCC, r, residual SD, the Bland-Altman limits and the proportional-bias slope are unaffected by the centring","results/pivot/r2/r2_calibration.csv (method=deming_l1) joined to results/pivot/r2/r2_delta_auc.csv (featureset=skan4, clf=logreg) for the dataset-level AUC gap"
chasedb1,total_length_pvbm,sensitivity,8,-1.2290017248857137,-1.5056935294638734,-0.9214671803885567,-1.185866321579713,-1.4434688298478684,-1.035839667005146,0.6573094501312547,0.388375890290401,0.9211792244266102,0.25347120894568975,0.028553333624591663,0.3361657323182699,0.4194455790623312,0.12117234345978267,0.5546020724042018,0.9351618286887737,0.6933790104166332,0.9957944251488369,-0.401263698408766,-0.8513115361257836,-0.08153369883457588,0.03141996307802347,,,,"sigma (results/gateA_biomarker_scales_train.csv), centred on the reference median of the same cohort (ref_median_raw, native units): alpha is therefore the predicted-minus-reference offset at a median-valued image. beta, CCC, r, residual SD, the Bland-Altman limits and the proportional-bias slope are unaffected by the centring","results/pivot/r2/r2_calibration.csv (method=deming_l1) joined to results/pivot/r2/r2_delta_auc.csv (featureset=skan4, clf=logreg) for the dataset-level AUC gap"
chasedb1,total_length_skan,primary,8,-0.4916368011933254,-0.7994919561659177,-0.13777295865151054,-0.43309532288820785,-0.7352563202311626,-0.23795676982525854,0.6656570193714568,0.3799192379058967,0.9083780738349274,0.2957499821406624,0.06742643995985291,0.3700691909725595,0.7612787798323785,0.42491772140722384,0.8436004719434866,0.9297897844379339,0.6258520471163025,0.996376103963081,-0.3884027001344943,-0.7929432909394774,-0.09561402109641115,0.04131013748141157,,,,"sigma (results/gateA_biomarker_scales_train.csv), centred on the reference median of the same cohort (ref_median_raw, native units): alpha is therefore the predicted-minus-reference offset at a median-valued image. beta, CCC, r, residual SD, the Bland-Altman limits and the proportional-bias slope are unaffected by the centring","results/pivot/r2/r2_calibration.csv (method=deming_l1) joined to results/pivot/r2/r2_delta_auc.csv (featureset=skan4, clf=logreg) for the dataset-level AUC gap"
hrf,FD_pvbm,sensitivity,30,-0.9544346375884118,-1.2288361813515283,-0.7024980704422975,-0.9519614278552543,-1.3148212582047127,-0.6423992176770666,1.0776270388732816,0.5542611218384701,3.0898948954199783,0.784500109400788,0.533738165186067,1.7092905826542522,0.23337389169363496,0.05459560436790071,0.3777360625291734,0.44684275786879674,0.1263814717078182,0.67770644898683,0.046203810221021935,-0.323287631250137,0.5032506087565016,0.844646583181292,0.217037037037037,0.1187928636072558,0.3322941990134112,"sigma (results/gateA_biomarker_scales_train.csv), centred on the reference median of the same cohort (ref_median_raw, native units): alpha is therefore the predicted-minus-reference offset at a median-valued image. beta, CCC, r, residual SD, the Bland-Altman limits and the proportional-bias slope are unaffected by the centring","results/pivot/r2/r2_calibration.csv (method=deming_l1) joined to results/pivot/r2/r2_delta_auc.csv (featureset=skan4, clf=logreg) for the dataset-level AUC gap"
hrf,FD_skan,primary,30,-1.6268678090884487,-2.0434491363818594,-1.1971510495675097,-1.6952094481074766,-2.0455141379258683,-1.372587839510761,0.4785957168219933,-0.07941104252412208,1.241312800054926,0.848027612821593,0.6304884137490916,1.2625689999651255,0.11568786048704172,-0.009327282602394736,0.2187190787921252,0.2946757254769304,-0.028942067340696594,0.5723513115080456,-0.35893742144903307,-0.8038179203345094,0.09646613826499481,0.19943160731492196,0.217037037037037,0.1187928636072558,0.3322941990134112,"sigma (results/gateA_biomarker_scales_train.csv), centred on the reference median of the same cohort (ref_median_raw, native units): alpha is therefore the predicted-minus-reference offset at a median-valued image. beta, CCC, r, residual SD, the Bland-Altman limits and the proportional-bias slope are unaffected by the centring","results/pivot/r2/r2_calibration.csv (method=deming_l1) joined to results/pivot/r2/r2_delta_auc.csv (featureset=skan4, clf=logreg) for the dataset-level AUC gap"
hrf,tortuosity_pvbm,sensitivity,30,-2.9381563158571082,-3.649473499622637,-2.291727521264524,-2.5651221350750273,-2.8715273632753973,-2.251798902585542,0.4643535201736509,0.22911498274754521,0.5890419141932896,0.956758725872943,0.6212283518524018,1.1591344412330504,0.37022576440615573,0.1378063382717291,0.546714844945343,0.7990391755376341,0.4605583189787516,0.9281735474881911,-0.6730245563339113,-1.0766907007831727,-0.49496319364199814,2.1564713748179972e-06,0.217037037037037,0.1187928636072558,0.3322941990134112,"sigma (results/gateA_biomarker_scales_train.csv), centred on the reference median of the same cohort (ref_median_raw, native units): alpha is therefore the predicted-minus-reference offset at a median-valued image. beta, CCC, r, residual SD, the Bland-Altman limits and the proportional-bias slope are unaffected by the centring","results/pivot/r2/r2_calibration.csv (method=deming_l1) joined to results/pivot/r2/r2_delta_auc.csv (featureset=skan4, clf=logreg) for the dataset-level AUC gap"
hrf,tortuosity_skan,primary,30,-2.3126965274377724,-3.3543206533698404,-1.4751996518204822,-1.4735136654706729,-1.7291526117090845,-1.1433695825560135,0.36725954610008577,0.11849199702665592,0.6930592804425829,1.2900730165340601,0.594353302452508,1.7054499799254945,0.4022399570033535,0.140739918164432,0.7483454293064246,0.687827821636756,0.43582311934694484,0.9504980488595877,-0.820463659184066,-1.4741975881473663,-0.3557178833728747,2.3593330077405067e-06,0.217037037037037,0.1187928636072558,0.3322941990134112,"sigma (results/gateA_biomarker_scales_train.csv), centred on the reference median of the same cohort (ref_median_raw, native units): alpha is therefore the predicted-minus-reference offset at a median-valued image. beta, CCC, r, residual SD, the Bland-Altman limits and the proportional-bias slope are unaffected by the centring","results/pivot/r2/r2_calibration.csv (method=deming_l1) joined to results/pivot/r2/r2_delta_auc.csv (featureset=skan4, clf=logreg) for the dataset-level AUC gap"
hrf,density_pvbm,sensitivity,30,0.4306561986443839,0.18098937801046525,0.661579555809769,0.46092281186433476,0.21654832533330612,0.6861332689505666,0.8138817317809728,0.5351237239828753,1.2465507463936158,0.6076129781242126,0.45197797531122574,0.7513209340780774,0.570114199963096,0.33394238057092174,0.7529278603424739,0.6583700437366032,0.4370787892498379,0.8129812055893301,-0.16375780398106501,-0.4785340970308363,0.16299557147561147,0.3453097263570461,0.217037037037037,0.1187928636072558,0.3322941990134112,"sigma (results/gateA_biomarker_scales_train.csv), centred on the reference median of the same cohort (ref_median_raw, native units): alpha is therefore the predicted-minus-reference offset at a median-valued image. beta, CCC, r, residual SD, the Bland-Altman limits and the proportional-bias slope are unaffected by the centring","results/pivot/r2/r2_calibration.csv (method=deming_l1) joined to results/pivot/r2/r2_delta_auc.csv (featureset=skan4, clf=logreg) for the dataset-level AUC gap"
hrf,density_skan,primary,30,0.4306561986443839,0.1821446985111631,0.6686403866337449,0.46092281186433476,0.22158741150513353,0.7006781067255763,0.8138817317809728,0.5219437559754319,1.2749704211067021,0.6076129781242126,0.4445592320282871,0.7684870896556675,0.570114199963096,0.31777257988684354,0.7421747931625492,0.6583700437366032,0.41548024313886833,0.8106701512835891,-0.16375780398106501,-0.4683103085163797,0.1706881629039663,0.3453097263570461,0.217037037037037,0.1187928636072558,0.3322941990134112,"sigma (results/gateA_biomarker_scales_train.csv), centred on the reference median of the same cohort (ref_median_raw, native units): alpha is therefore the predicted-minus-reference offset at a median-valued image. beta, CCC, r, residual SD, the Bland-Altman limits and the proportional-bias slope are unaffected by the centring","results/pivot/r2/r2_calibration.csv (method=deming_l1) joined to results/pivot/r2/r2_delta_auc.csv (featureset=skan4, clf=logreg) for the dataset-level AUC gap"
hrf,total_length_pvbm,sensitivity,30,-3.0956349829788095,-3.7787599476411224,-2.414750079739692,-3.1604047987450627,-3.802710792957502,-2.565844344646347,0.4865398995203711,-0.2586345220163945,1.4053215999884803,1.45298194405414,1.0509034284858039,2.2922343571008756,0.07896149887324334,-0.02971480567309133,0.1901071036801133,0.24298255869436702,-0.09500031581217204,0.5820166980500414,-0.30229465054354043,-0.7983009121664209,0.15710034686932992,0.3073794762424364,0.217037037037037,0.1187928636072558,0.3322941990134112,"sigma (results/gateA_biomarker_scales_train.csv), centred on the reference median of the same cohort (ref_median_raw, native units): alpha is therefore the predicted-minus-reference offset at a median-valued image. beta, CCC, r, residual SD, the Bland-Altman limits and the proportional-bias slope are unaffected by the centring","results/pivot/r2/r2_calibration.csv (method=deming_l1) joined to results/pivot/r2/r2_delta_auc.csv (featureset=skan4, clf=logreg) for the dataset-level AUC gap"
hrf,total_length_skan,primary,30,-1.7887443991246839,-2.2212746868775493,-1.3251922195239578,-1.874890932516199,-2.212810416604967,-1.531240413492372,0.4150003202705757,-0.08156877887430734,0.9522682654009144,0.8988539393267094,0.6865798137992681,1.1561177350107399,0.12124690824574848,-0.012335496055499967,0.2283202550755689,0.30548718420324256,-0.03651685763669159,0.5865983031400984,-0.45106962864809474,-0.8734916081689887,-0.011433602512406854,0.10153801428621798,0.217037037037037,0.1187928636072558,0.3322941990134112,"sigma (results/gateA_biomarker_scales_train.csv), centred on the reference median of the same cohort (ref_median_raw, native units): alpha is therefore the predicted-minus-reference offset at a median-valued image. beta, CCC, r, residual SD, the Bland-Altman limits and the proportional-bias slope are unaffected by the centring","results/pivot/r2/r2_calibration.csv (method=deming_l1) joined to results/pivot/r2/r2_delta_auc.csv (featureset=skan4, clf=logreg) for the dataset-level AUC gap"
fives,FD_pvbm,sensitivity,200,-0.15580628419893938,-0.28313641612226265,-0.06154850468893139,-0.04851285362273172,-0.11757068914065372,0.04596783115891182,1.2709544348345172,0.926858181395906,1.6613511002106485,0.8276787778201733,0.2663162983928091,1.282868309297005,0.8630687843567768,0.7590972001204485,0.9748169659168734,0.887169097425614,0.8301225868587483,0.9773886842921151,0.22488194977347029,-0.07441399136547454,0.46285034275371634,4.881726314583557e-10,-0.0027416666666665,-0.0222892014489915,0.016175986371708,"sigma (results/gateA_biomarker_scales_train.csv), centred on the reference median of the same cohort (ref_median_raw, native units): alpha is therefore the predicted-minus-reference offset at a median-valued image. beta, CCC, r, residual SD, the Bland-Altman limits and the proportional-bias slope are unaffected by the centring","results/pivot/r2/r2_calibration.csv (method=deming_l1) joined to results/pivot/r2/r2_delta_auc.csv (featureset=skan4, clf=logreg) for the dataset-level AUC gap"
fives,FD_skan,primary,200,-0.6312003288070029,-0.791387554746477,-0.5084925465799125,-0.4759756791630246,-0.5716000198283152,-0.3753625116542237,1.5823843640539184,1.2480122477875584,1.9316180600943607,0.9140930877312526,0.4638348310505393,1.2602270746693465,0.7868929560256287,0.7101852006282807,0.8812163883615707,0.9110113672106773,0.8862663710003381,0.9602810528549961,0.4327730221070915,0.21569306734011393,0.6096779969258643,8.878294449954228e-34,-0.0027416666666665,-0.0222892014489915,0.016175986371708,"sigma (results/gateA_biomarker_scales_train.csv), centred on the reference median of the same cohort (ref_median_raw, native units): alpha is therefore the predicted-minus-reference offset at a median-valued image. beta, CCC, r, residual SD, the Bland-Altman limits and the proportional-bias slope are unaffected by the centring","results/pivot/r2/r2_calibration.csv (method=deming_l1) joined to results/pivot/r2/r2_delta_auc.csv (featureset=skan4, clf=logreg) for the dataset-level AUC gap"
fives,tortuosity_pvbm,sensitivity,197,-1.0271212574375086,-1.598114625073232,-0.6647043975811805,-0.7084798906016487,-0.8618861742729306,-0.5744476117306949,0.025011450877236628,-0.03303505013411983,0.8486437482283251,1.0695324685908252,0.8106414522141482,1.236612063648154,0.037914409330597185,-0.05734230176036512,0.5775258444091036,0.07177751505830582,-0.18007912589984956,0.6842606485779547,-1.5758040432924874,-1.9987825813346456,-0.1293829460831078,2.435055154883775e-49,-0.0027416666666665,-0.0222892014489915,0.016175986371708,"sigma (results/gateA_biomarker_scales_train.csv), centred on the reference median of the same cohort (ref_median_raw, native units): alpha is therefore the predicted-minus-reference offset at a median-valued image. beta, CCC, r, residual SD, the Bland-Altman limits and the proportional-bias slope are unaffected by the centring","results/pivot/r2/r2_calibration.csv (method=deming_l1) joined to results/pivot/r2/r2_delta_auc.csv (featureset=skan4, clf=logreg) for the dataset-level AUC gap"
fives,tortuosity_skan,primary,200,-0.09427893986422867,-0.29139265191173824,0.07936253978641447,0.0012026967305522052,-0.0960201893591249,0.10953005123418082,0.5762720675379369,0.19804744534570415,0.996287867370278,1.036688268841147,0.8039488980440296,1.2009517033035557,0.40718562142593695,0.15524013738336417,0.6779942294071553,0.42031577172905926,0.1665530019986073,0.6823474243044408,-0.33607191193979763,-0.6892264319862637,-0.002889194627995444,0.0002096269929817205,-0.0027416666666665,-0.0222892014489915,0.016175986371708,"sigma (results/gateA_biomarker_scales_train.csv), centred on the reference median of the same cohort (ref_median_raw, native units): alpha is therefore the predicted-minus-reference offset at a median-valued image. beta, CCC, r, residual SD, the Bland-Altman limits and the proportional-bias slope are unaffected by the centring","results/pivot/r2/r2_calibration.csv (method=deming_l1) joined to results/pivot/r2/r2_delta_auc.csv (featureset=skan4, clf=logreg) for the dataset-level AUC gap"
fives,density_pvbm,sensitivity,200,-0.02375780925921167,-0.05569584066131565,0.006634769718737812,-0.014235823387078628,-0.043291021105160844,0.013800705804554468,1.0266384455974633,0.9914415970830703,1.0612849168394507,0.22929127073666755,0.19300125345223357,0.2651414132528857,0.9838138288117998,0.9773284014422903,0.9886096350625538,0.984314195268858,0.9783994014733044,0.9891817119264545,0.026080605089697895,-0.008549904571270346,0.058923760639131594,0.04030531812992699,-0.0027416666666665,-0.0222892014489915,0.016175986371708,"sigma (results/gateA_biomarker_scales_train.csv), centred on the reference median of the same cohort (ref_median_raw, native units): alpha is therefore the predicted-minus-reference offset at a median-valued image. beta, CCC, r, residual SD, the Bland-Altman limits and the proportional-bias slope are unaffected by the centring","results/pivot/r2/r2_calibration.csv (method=deming_l1) joined to results/pivot/r2/r2_delta_auc.csv (featureset=skan4, clf=logreg) for the dataset-level AUC gap"
fives,density_skan,primary,200,-0.02375780925921167,-0.05612465702056014,0.0073809174582121755,-0.014235823387078628,-0.04236846455444491,0.012983029372486528,1.0266384455974633,0.9922620273944011,1.0612741703381567,0.22929127073666755,0.19339521513271857,0.26444924881825377,0.9838138288117998,0.9772908317319305,0.9887344423988398,0.984314195268858,0.9781860928676703,0.9891252538885724,0.026080605089697895,-0.0077036109958003385,0.0590015009234452,0.04030531812992699,-0.0027416666666665,-0.0222892014489915,0.016175986371708,"sigma (results/gateA_biomarker_scales_train.csv), centred on the reference median of the same cohort (ref_median_raw, native units): alpha is therefore the predicted-minus-reference offset at a median-valued image. beta, CCC, r, residual SD, the Bland-Altman limits and the proportional-bias slope are unaffected by the centring","results/pivot/r2/r2_calibration.csv (method=deming_l1) joined to results/pivot/r2/r2_delta_auc.csv (featureset=skan4, clf=logreg) for the dataset-level AUC gap"
fives,total_length_pvbm,sensitivity,200,-0.43538802848302127,-0.4857961981691957,-0.38400691662325964,-0.433143251617221,-0.4802764242995358,-0.38326152811429837,1.0077831759182376,0.9660809546097036,1.0581881582616193,0.38611336432408344,0.2967099587498024,0.4742114126074599,0.9182789922723341,0.8860623785773858,0.9422145326252256,0.962569885048358,0.9425470160588922,0.9774391113288315,0.0076051455656137275,-0.03401140662814005,0.05500167060274338,0.6988375350228551,-0.0027416666666665,-0.0222892014489915,0.016175986371708,"sigma (results/gateA_biomarker_scales_train.csv), centred on the reference median of the same cohort (ref_median_raw, native units): alpha is therefore the predicted-minus-reference offset at a median-valued image. beta, CCC, r, residual SD, the Bland-Altman limits and the proportional-bias slope are unaffected by the centring","results/pivot/r2/r2_calibration.csv (method=deming_l1) joined to results/pivot/r2/r2_delta_auc.csv (featureset=skan4, clf=logreg) for the dataset-level AUC gap"
fives,total_length_skan,primary,200,-0.24172404713703574,-0.27853481967105503,-0.2064342290363334,-0.24489709302374907,-0.2819258201016879,-0.20943470085371801,0.9878559426094553,0.9562589306673007,1.0192802225677045,0.26653292839161846,0.22753021946709762,0.3012622015913875,0.9621123139897747,0.9479765518825488,0.9722816802238585,0.9788207912561213,0.9704193982244597,0.9850484773785515,-0.012087489999719868,-0.04418008509129041,0.018893620247458782,0.41203235434583574,-0.0027416666666665,-0.0222892014489915,0.016175986371708,"sigma (results/gateA_biomarker_scales_train.csv), centred on the reference median of the same cohort (ref_median_raw, native units): alpha is therefore the predicted-minus-reference offset at a median-valued image. beta, CCC, r, residual SD, the Bland-Altman limits and the proportional-bias slope are unaffected by the centring","results/pivot/r2/r2_calibration.csv (method=deming_l1) joined to results/pivot/r2/r2_delta_auc.csv (featureset=skan4, clf=logreg) for the dataset-level AUC gap"
