dataset,metric,n_images,n_seeds,mean,sd_images,ci_lo,ci_hi,seed0,seed1,seed2,seed_spread,min_image,max_image,patch,stride,resize_longest,threshold,architecture,source
drive,dice,20,3,0.8262247793282892,0.012492420008978525,0.8213166583307989,0.8318695676632939,0.8275591265432377,0.8240458791458751,0.8270693322957549,0.0035132473973625844,0.8076981339411766,0.8551213862984509,512,256,,0.5,"nnU-Net-style U-Net, 7.77 M parameters","results/seg_per_image.csv (method=unet, split=test, seeds 0-2; metrics from src.topo.metrics.evaluate_all inside the FOV); working resolution from runs/seg/<ds>/seed0/pred/infer_meta.json; 2000-draw image-clustered bootstrap"
drive,iou,20,3,0.7040985430415404,0.01830836690359838,0.6969165722157115,0.7123567036047611,0.7060226510946498,0.7009400143454597,0.7053329636845114,0.005082636749190073,0.677448300014559,0.7469294796867588,512,256,,0.5,"nnU-Net-style U-Net, 7.77 M parameters","results/seg_per_image.csv (method=unet, split=test, seeds 0-2; metrics from src.topo.metrics.evaluate_all inside the FOV); working resolution from runs/seg/<ds>/seed0/pred/infer_meta.json; 2000-draw image-clustered bootstrap"
drive,cldice,20,3,0.8330507470073241,0.03652264367022446,0.8177835738081825,0.8486174422485019,0.8337871807655682,0.8307448157445101,0.8346202445118938,0.0038754287673836707,0.7759584931852695,0.8939350479778857,512,256,,0.5,"nnU-Net-style U-Net, 7.77 M parameters","results/seg_per_image.csv (method=unet, split=test, seeds 0-2; metrics from src.topo.metrics.evaluate_all inside the FOV); working resolution from runs/seg/<ds>/seed0/pred/infer_meta.json; 2000-draw image-clustered bootstrap"
drive,sen,20,3,0.834867645124923,0.04845386045436693,0.8146754453558817,0.8556068682357145,0.8365979879685377,0.8348724205078053,0.8331325268984264,0.003465461070111253,0.7485646057208118,0.9269071022277439,512,256,,0.5,"nnU-Net-style U-Net, 7.77 M parameters","results/seg_per_image.csv (method=unet, split=test, seeds 0-2; metrics from src.topo.metrics.evaluate_all inside the FOV); working resolution from runs/seg/<ds>/seed0/pred/infer_meta.json; 2000-draw image-clustered bootstrap"
drive,spe,20,3,0.9735890693036342,0.00683214384155481,0.9706532829279036,0.9765787245899298,0.9736590683751947,0.9728660195545551,0.9742421199811527,0.0013761004265976373,0.961187450494197,0.9851466352116883,512,256,,0.5,"nnU-Net-style U-Net, 7.77 M parameters","results/seg_per_image.csv (method=unet, split=test, seeds 0-2; metrics from src.topo.metrics.evaluate_all inside the FOV); working resolution from runs/seg/<ds>/seed0/pred/infer_meta.json; 2000-draw image-clustered bootstrap"
drive,acc,20,3,0.9555240081662674,0.0037603896397805626,0.953810676781635,0.957082674159656,0.9558491856327219,0.95484868587142,0.9558741529946605,0.0010254671232404755,0.9468975059843675,0.9621909101037288,512,256,,0.5,"nnU-Net-style U-Net, 7.77 M parameters","results/seg_per_image.csv (method=unet, split=test, seeds 0-2; metrics from src.topo.metrics.evaluate_all inside the FOV); working resolution from runs/seg/<ds>/seed0/pred/infer_meta.json; 2000-draw image-clustered bootstrap"
drive,auc,20,3,0.9806180779285202,0.0055036762039933065,0.9782746998263231,0.9828673078248745,0.9809722004546518,0.980236550970859,0.9806454823600499,0.0007356494837927885,0.9699807484979504,0.990233536318993,512,256,,0.5,"nnU-Net-style U-Net, 7.77 M parameters","results/seg_per_image.csv (method=unet, split=test, seeds 0-2; metrics from src.topo.metrics.evaluate_all inside the FOV); working resolution from runs/seg/<ds>/seed0/pred/infer_meta.json; 2000-draw image-clustered bootstrap"
drive,pr_auc,20,3,0.9157160859912025,0.012693589174710142,0.9108786361535697,0.9213871100829197,0.9171833160175081,0.9140408802687471,0.9159240616873519,0.003142435748761052,0.9011091691051777,0.9497073374110542,512,256,,0.5,"nnU-Net-style U-Net, 7.77 M parameters","results/seg_per_image.csv (method=unet, split=test, seeds 0-2; metrics from src.topo.metrics.evaluate_all inside the FOV); working resolution from runs/seg/<ds>/seed0/pred/infer_meta.json; 2000-draw image-clustered bootstrap"
chasedb1,dice,8,3,0.8164839629511288,0.014140966114743143,0.8075439321304786,0.825729808751697,0.8152427629474905,0.8190317797537563,0.8151773461521391,0.003854433601617191,0.798106856952983,0.838481389961886,512,256,,0.5,"nnU-Net-style U-Net, 7.77 M parameters","results/seg_per_image.csv (method=unet, split=test, seeds 0-2; metrics from src.topo.metrics.evaluate_all inside the FOV); working resolution from runs/seg/<ds>/seed0/pred/infer_meta.json; 2000-draw image-clustered bootstrap"
chasedb1,iou,8,3,0.6901069343599925,0.020208119216424743,0.6774062471284297,0.7032520157795297,0.68831628620766,0.6937318617122167,0.6882726551601008,0.005459206552115847,0.6640749723819291,0.7219014686095937,512,256,,0.5,"nnU-Net-style U-Net, 7.77 M parameters","results/seg_per_image.csv (method=unet, split=test, seeds 0-2; metrics from src.topo.metrics.evaluate_all inside the FOV); working resolution from runs/seg/<ds>/seed0/pred/infer_meta.json; 2000-draw image-clustered bootstrap"
chasedb1,cldice,8,3,0.8404348979606802,0.01815865037955844,0.8282242194716305,0.8514035248704414,0.8420092117458974,0.8423772399392617,0.836918242196881,0.005458997742380678,0.813317984178391,0.8669299412681956,512,256,,0.5,"nnU-Net-style U-Net, 7.77 M parameters","results/seg_per_image.csv (method=unet, split=test, seeds 0-2; metrics from src.topo.metrics.evaluate_all inside the FOV); working resolution from runs/seg/<ds>/seed0/pred/infer_meta.json; 2000-draw image-clustered bootstrap"
chasedb1,sen,8,3,0.8572361927827705,0.02718148483356658,0.8380044220698523,0.8731804097906201,0.8711598047832066,0.85615293467349,0.8443958388916147,0.026763965891591912,0.7995249171079329,0.885626348976571,512,256,,0.5,"nnU-Net-style U-Net, 7.77 M parameters","results/seg_per_image.csv (method=unet, split=test, seeds 0-2; metrics from src.topo.metrics.evaluate_all inside the FOV); working resolution from runs/seg/<ds>/seed0/pred/infer_meta.json; 2000-draw image-clustered bootstrap"
chasedb1,spe,8,3,0.9758236743368968,0.004723112775155708,0.9726664400722408,0.9786195128294874,0.9734112204785834,0.9767546937462489,0.9773051087858582,0.003893888307274773,0.9667472555386585,0.9812543948886924,512,256,,0.5,"nnU-Net-style U-Net, 7.77 M parameters","results/seg_per_image.csv (method=unet, split=test, seeds 0-2; metrics from src.topo.metrics.evaluate_all inside the FOV); working resolution from runs/seg/<ds>/seed0/pred/infer_meta.json; 2000-draw image-clustered bootstrap"
chasedb1,acc,8,3,0.9649635856914788,0.004989430427625078,0.9614635738221288,0.9680826475591532,0.9640630767806145,0.9656663493572926,0.9651613309365292,0.0016032725766780276,0.9561865609050552,0.9716920990978712,512,256,,0.5,"nnU-Net-style U-Net, 7.77 M parameters","results/seg_per_image.csv (method=unet, split=test, seeds 0-2; metrics from src.topo.metrics.evaluate_all inside the FOV); working resolution from runs/seg/<ds>/seed0/pred/infer_meta.json; 2000-draw image-clustered bootstrap"
chasedb1,auc,8,3,0.985762914667044,0.003405956370267847,0.9834917450344608,0.9879080522625291,0.9860453864477241,0.9866753023648582,0.9845680551885493,0.002107247176308946,0.9811225727165761,0.9893788735472032,512,256,,0.5,"nnU-Net-style U-Net, 7.77 M parameters","results/seg_per_image.csv (method=unet, split=test, seeds 0-2; metrics from src.topo.metrics.evaluate_all inside the FOV); working resolution from runs/seg/<ds>/seed0/pred/infer_meta.json; 2000-draw image-clustered bootstrap"
chasedb1,pr_auc,8,3,0.9005429629570368,0.015018861467089672,0.890338862615903,0.9102096900581415,0.9000258822192578,0.9047963026894306,0.8968067039624221,0.00798959872700844,0.8787188512100418,0.9217786519802699,512,256,,0.5,"nnU-Net-style U-Net, 7.77 M parameters","results/seg_per_image.csv (method=unet, split=test, seeds 0-2; metrics from src.topo.metrics.evaluate_all inside the FOV); working resolution from runs/seg/<ds>/seed0/pred/infer_meta.json; 2000-draw image-clustered bootstrap"
hrf,dice,30,3,0.8136477141566034,0.04048060358032482,0.7995111801754669,0.8282887536407163,0.8139418046898653,0.8131558465243823,0.8138454912555628,0.0007859581654829917,0.7237996347955943,0.8850709390611698,768,384,1536.0,0.5,"nnU-Net-style U-Net, 7.77 M parameters","results/seg_per_image.csv (method=unet, split=test, seeds 0-2; metrics from src.topo.metrics.evaluate_all inside the FOV); working resolution from runs/seg/<ds>/seed0/pred/infer_meta.json; 2000-draw image-clustered bootstrap"
hrf,iou,30,3,0.6877660433232745,0.057889330659295454,0.6674549356411025,0.708711342450919,0.6882965362959582,0.6868955172175967,0.6881060764562689,0.0014010190783615428,0.5671589104233993,0.7938488641675151,768,384,1536.0,0.5,"nnU-Net-style U-Net, 7.77 M parameters","results/seg_per_image.csv (method=unet, split=test, seeds 0-2; metrics from src.topo.metrics.evaluate_all inside the FOV); working resolution from runs/seg/<ds>/seed0/pred/infer_meta.json; 2000-draw image-clustered bootstrap"
hrf,cldice,30,3,0.8224299568449013,0.06050241396102745,0.801458233658568,0.8447283630551865,0.8250238626320816,0.8196635500388357,0.8226024578637862,0.005360312593245875,0.7009395597827336,0.9222344761322377,768,384,1536.0,0.5,"nnU-Net-style U-Net, 7.77 M parameters","results/seg_per_image.csv (method=unet, split=test, seeds 0-2; metrics from src.topo.metrics.evaluate_all inside the FOV); working resolution from runs/seg/<ds>/seed0/pred/infer_meta.json; 2000-draw image-clustered bootstrap"
hrf,sen,30,3,0.835574535435534,0.04350169306267537,0.820032042638889,0.850431963199435,0.8459315647912018,0.8262029014219652,0.8345891400934354,0.01972866336923662,0.7423734907687031,0.8969213403448256,768,384,1536.0,0.5,"nnU-Net-style U-Net, 7.77 M parameters","results/seg_per_image.csv (method=unet, split=test, seeds 0-2; metrics from src.topo.metrics.evaluate_all inside the FOV); working resolution from runs/seg/<ds>/seed0/pred/infer_meta.json; 2000-draw image-clustered bootstrap"
hrf,spe,30,3,0.9784454001810561,0.008108483561973204,0.9755775114401635,0.9812118568669489,0.9769261176865417,0.9797198871445135,0.9786901957121131,0.0027937694579718286,0.9660487003941062,0.9933801878020444,768,384,1536.0,0.5,"nnU-Net-style U-Net, 7.77 M parameters","results/seg_per_image.csv (method=unet, split=test, seeds 0-2; metrics from src.topo.metrics.evaluate_all inside the FOV); working resolution from runs/seg/<ds>/seed0/pred/infer_meta.json; 2000-draw image-clustered bootstrap"
hrf,acc,30,3,0.9651299344688999,0.005993008292687688,0.962961309683524,0.9672128167114099,0.9647622055174198,0.9653729440200647,0.9652546538692158,0.0006107385026449252,0.948598192342164,0.9759522835537724,768,384,1536.0,0.5,"nnU-Net-style U-Net, 7.77 M parameters","results/seg_per_image.csv (method=unet, split=test, seeds 0-2; metrics from src.topo.metrics.evaluate_all inside the FOV); working resolution from runs/seg/<ds>/seed0/pred/infer_meta.json; 2000-draw image-clustered bootstrap"
hrf,auc,30,3,0.9855937879089941,0.006035842151897995,0.9833236087015815,0.9876117298827898,0.9860242813329224,0.9854004475173773,0.9853566348766825,0.0006676464562399564,0.9646636327212098,0.9939409177634344,768,384,1536.0,0.5,"nnU-Net-style U-Net, 7.77 M parameters","results/seg_per_image.csv (method=unet, split=test, seeds 0-2; metrics from src.topo.metrics.evaluate_all inside the FOV); working resolution from runs/seg/<ds>/seed0/pred/infer_meta.json; 2000-draw image-clustered bootstrap"
hrf,pr_auc,30,3,0.9048078424664759,0.035821290938838166,0.8917875898352653,0.917256484671501,0.905841950136337,0.9039475139736128,0.9046340632894779,0.0018944361627241113,0.8113184240066902,0.9595069199935523,768,384,1536.0,0.5,"nnU-Net-style U-Net, 7.77 M parameters","results/seg_per_image.csv (method=unet, split=test, seeds 0-2; metrics from src.topo.metrics.evaluate_all inside the FOV); working resolution from runs/seg/<ds>/seed0/pred/infer_meta.json; 2000-draw image-clustered bootstrap"
fives,dice,200,3,0.9021206532213409,0.0979359530896567,0.8874153675534326,0.9138956871339888,0.9028631333611883,0.9025493195288449,0.90094950677399,0.0019136265871982916,0.07796793392026384,0.9668172842955859,768,384,1536.0,0.5,"nnU-Net-style U-Net, 7.77 M parameters","results/seg_per_image.csv (method=unet, split=test, seeds 0-2; metrics from src.topo.metrics.evaluate_all inside the FOV); working resolution from runs/seg/<ds>/seed0/pred/infer_meta.json; 2000-draw image-clustered bootstrap"
fives,iou,200,3,0.8318716606217031,0.1174667939999519,0.8145927227138996,0.8463438675106246,0.8327267697979367,0.8326252428353337,0.8302629692318387,0.0024638005660979623,0.04116041148362034,0.935766208661804,768,384,1536.0,0.5,"nnU-Net-style U-Net, 7.77 M parameters","results/seg_per_image.csv (method=unet, split=test, seeds 0-2; metrics from src.topo.metrics.evaluate_all inside the FOV); working resolution from runs/seg/<ds>/seed0/pred/infer_meta.json; 2000-draw image-clustered bootstrap"
fives,cldice,200,3,0.9066491116651186,0.09809543140655144,0.8925462379008517,0.9183093276855546,0.9077956039712134,0.9071264039417732,0.9050253270823694,0.0027702768888440144,0.08660248669177063,0.9787151067022606,768,384,1536.0,0.5,"nnU-Net-style U-Net, 7.77 M parameters","results/seg_per_image.csv (method=unet, split=test, seeds 0-2; metrics from src.topo.metrics.evaluate_all inside the FOV); working resolution from runs/seg/<ds>/seed0/pred/infer_meta.json; 2000-draw image-clustered bootstrap"
fives,sen,200,3,0.8986345825036284,0.11022777038856356,0.8820732502160268,0.9122740561167324,0.9010886679591463,0.9029673917226867,0.891847687829052,0.011119703893634703,0.042636260577922636,0.983880931554778,768,384,1536.0,0.5,"nnU-Net-style U-Net, 7.77 M parameters","results/seg_per_image.csv (method=unet, split=test, seeds 0-2; metrics from src.topo.metrics.evaluate_all inside the FOV); working resolution from runs/seg/<ds>/seed0/pred/infer_meta.json; 2000-draw image-clustered bootstrap"
fives,spe,200,3,0.9920878862417836,0.0038547709974569157,0.9915232009519421,0.9925901737223891,0.9919356055948385,0.9916741202006425,0.9926539329298697,0.000979812729227203,0.9616551499491566,0.9992792483543719,768,384,1536.0,0.5,"nnU-Net-style U-Net, 7.77 M parameters","results/seg_per_image.csv (method=unet, split=test, seeds 0-2; metrics from src.topo.metrics.evaluate_all inside the FOV); working resolution from runs/seg/<ds>/seed0/pred/infer_meta.json; 2000-draw image-clustered bootstrap"
fives,acc,200,3,0.9848903960221265,0.006736061298345136,0.9838627827120239,0.9857479333588219,0.9849253572357702,0.9849122358265342,0.9848335950040744,9.176223169582443e-05,0.9347281643977503,0.9925951213066062,768,384,1536.0,0.5,"nnU-Net-style U-Net, 7.77 M parameters","results/seg_per_image.csv (method=unet, split=test, seeds 0-2; metrics from src.topo.metrics.evaluate_all inside the FOV); working resolution from runs/seg/<ds>/seed0/pred/infer_meta.json; 2000-draw image-clustered bootstrap"
fives,auc,200,3,0.9912742557099496,0.019778428775353962,0.9883433440744072,0.9935573419921474,0.9916952947086672,0.9911473861617192,0.9909800862594622,0.0007152084492050292,0.8117188037817348,0.999463914510593,768,384,1536.0,0.5,"nnU-Net-style U-Net, 7.77 M parameters","results/seg_per_image.csv (method=unet, split=test, seeds 0-2; metrics from src.topo.metrics.evaluate_all inside the FOV); working resolution from runs/seg/<ds>/seed0/pred/infer_meta.json; 2000-draw image-clustered bootstrap"
fives,pr_auc,200,3,0.9539335846371354,0.0921194473347413,0.9401084969842457,0.9647685479676901,0.9545166459199865,0.9542431397063786,0.953040968285041,0.0014756776349454936,0.1672468880380514,0.9959823713246622,768,384,1536.0,0.5,"nnU-Net-style U-Net, 7.77 M parameters","results/seg_per_image.csv (method=unet, split=test, seeds 0-2; metrics from src.topo.metrics.evaluate_all inside the FOV); working resolution from runs/seg/<ds>/seed0/pred/infer_meta.json; 2000-draw image-clustered bootstrap"
