claim,cohort,estimator,representation,what_a,what_b,hrf,fives,ratio,survives,source
hrf_offset_gt_fives,common,mad1.4826_weighted_median,fovnorm,HRF mean |offset| (sigma),FIVES mean |offset| (sigma),1.2578376300636225,0.32239183125194637,3.9015803383697816,True,results/pivot/r2/r2_scale_sensitivity.csv (primary panel)
hrf_residsd_gt_fives,common,mad1.4826_weighted_median,fovnorm,HRF mean residual SD (sigma),FIVES mean residual SD (sigma),1.1913288222905583,0.8282813862781597,1.4383141309546188,True,results/pivot/r2/r2_scale_sensitivity.csv (primary panel)
offset_resid_axis_over_topology,common,mad1.4826_weighted_median,fovnorm,largest primary-panel mean |offset| or residual SD over the four datasets (sigma) -- NOT an HRF-specific value,largest primary-panel paired topology harm |h_net| (sigma) -- NOT a FIVES-specific value,1.8930286123575506,0.0198386267940298,95.42135310127591,True,largest primary-panel mean |offset| or residual SD under this scale variant vs largest primary-panel paired topology harm in E:\Programming\research_ws\medical1\exp\results\pivot\e1_topology_matched.csv
hrf_offset_gt_fives,fives,iqr1.349,fovnorm,HRF mean |offset| (sigma),FIVES mean |offset| (sigma),1.100120137868042,0.24653903220907114,4.462255440895514,True,results/pivot/r2/r2_scale_sensitivity.csv (primary panel)
hrf_residsd_gt_fives,fives,iqr1.349,fovnorm,HRF mean residual SD (sigma),FIVES mean residual SD (sigma),1.0973392618645759,0.7715697995883712,1.4222164507345947,True,results/pivot/r2/r2_scale_sensitivity.csv (primary panel)
offset_resid_axis_over_topology,fives,iqr1.349,fovnorm,largest primary-panel mean |offset| or residual SD over the four datasets (sigma) -- NOT an HRF-specific value,largest primary-panel paired topology harm |h_net| (sigma) -- NOT a FIVES-specific value,1.997400875669526,0.0198386267940298,100.68241599618278,True,largest primary-panel mean |offset| or residual SD under this scale variant vs largest primary-panel paired topology harm in E:\Programming\research_ws\medical1\exp\results\pivot\e1_topology_matched.csv
hrf_offset_gt_fives,fives,mad1.4826,fovnorm,HRF mean |offset| (sigma),FIVES mean |offset| (sigma),1.1070987374684242,0.24642645172219366,4.492613230971246,True,results/pivot/r2/r2_scale_sensitivity.csv (primary panel)
hrf_residsd_gt_fives,fives,mad1.4826,fovnorm,HRF mean residual SD (sigma),FIVES mean residual SD (sigma),1.1065349982083164,0.7765322762101491,1.424969743187932,True,results/pivot/r2/r2_scale_sensitivity.csv (primary panel)
offset_resid_axis_over_topology,fives,mad1.4826,fovnorm,largest primary-panel mean |offset| or residual SD over the four datasets (sigma) -- NOT an HRF-specific value,largest primary-panel paired topology harm |h_net| (sigma) -- NOT a FIVES-specific value,2.018075624966351,0.0198386267940298,101.72456218459976,True,largest primary-panel mean |offset| or residual SD under this scale variant vs largest primary-panel paired topology harm in E:\Programming\research_ws\medical1\exp\results\pivot\e1_topology_matched.csv
hrf_offset_gt_fives,fives,sd,fovnorm,HRF mean |offset| (sigma),FIVES mean |offset| (sigma),0.9753106869335854,0.22500017418881263,4.3347108083353625,True,results/pivot/r2/r2_scale_sensitivity.csv (primary panel)
hrf_residsd_gt_fives,fives,sd,fovnorm,HRF mean residual SD (sigma),FIVES mean residual SD (sigma),0.9606203556673211,0.675270632287477,1.4225709067388623,True,results/pivot/r2/r2_scale_sensitivity.csv (primary panel)
offset_resid_axis_over_topology,fives,sd,fovnorm,largest primary-panel mean |offset| or residual SD over the four datasets (sigma) -- NOT an HRF-specific value,largest primary-panel paired topology harm |h_net| (sigma) -- NOT a FIVES-specific value,1.7109782968311156,0.0198386267940298,86.24479479325728,True,largest primary-panel mean |offset| or residual SD under this scale variant vs largest primary-panel paired topology harm in E:\Programming\research_ws\medical1\exp\results\pivot\e1_topology_matched.csv
hrf_offset_gt_fives,own,iqr1.349,fovnorm,HRF mean |offset| (sigma),FIVES mean |offset| (sigma),1.5019345134955442,0.24653903220907114,6.0920759688140045,True,results/pivot/r2/r2_scale_sensitivity.csv (primary panel)
hrf_residsd_gt_fives,own,iqr1.349,fovnorm,HRF mean residual SD (sigma),FIVES mean residual SD (sigma),1.4260208320216803,0.7715697995883712,1.8482071651617982,True,results/pivot/r2/r2_scale_sensitivity.csv (primary panel)
offset_resid_axis_over_topology,own,iqr1.349,fovnorm,largest primary-panel mean |offset| or residual SD over the four datasets (sigma) -- NOT an HRF-specific value,largest primary-panel paired topology harm |h_net| (sigma) -- NOT a FIVES-specific value,1.5019345134955442,0.0198386267940298,75.7075844557716,True,largest primary-panel mean |offset| or residual SD under this scale variant vs largest primary-panel paired topology harm in E:\Programming\research_ws\medical1\exp\results\pivot\e1_topology_matched.csv
hrf_offset_gt_fives,own,iqr1.349,raw,HRF mean |offset| (sigma),FIVES mean |offset| (sigma),1.5021227983920615,0.24472971128391027,6.137884895591827,True,results/pivot/r2/r2_scale_sensitivity.csv (primary panel)
hrf_residsd_gt_fives,own,iqr1.349,raw,HRF mean residual SD (sigma),FIVES mean residual SD (sigma),1.4261563519712224,0.7694922322819749,1.8533732923357407,True,results/pivot/r2/r2_scale_sensitivity.csv (primary panel)
offset_resid_axis_over_topology,own,iqr1.349,raw,largest primary-panel mean |offset| or residual SD over the four datasets (sigma) -- NOT an HRF-specific value,largest primary-panel paired topology harm |h_net| (sigma) -- NOT a FIVES-specific value,1.5021227983920615,0.0198386267940298,75.71707527882462,True,largest primary-panel mean |offset| or residual SD under this scale variant vs largest primary-panel paired topology harm in E:\Programming\research_ws\medical1\exp\results\pivot\e1_topology_matched.csv
hrf_offset_gt_fives,own,mad1.4826,fovnorm,HRF mean |offset| (sigma),FIVES mean |offset| (sigma),1.5380693319908927,0.24642645172219366,6.24149445500607,True,results/pivot/r2/r2_scale_sensitivity.csv (primary panel)
hrf_residsd_gt_fives,own,mad1.4826,fovnorm,HRF mean residual SD (sigma),FIVES mean residual SD (sigma),1.478265384699784,0.7765322762101491,1.903675391207729,True,results/pivot/r2/r2_scale_sensitivity.csv (primary panel)
offset_resid_axis_over_topology,own,mad1.4826,fovnorm,largest primary-panel mean |offset| or residual SD over the four datasets (sigma) -- NOT an HRF-specific value,largest primary-panel paired topology harm |h_net| (sigma) -- NOT a FIVES-specific value,1.5380693319908927,0.0198386267940298,77.52902194086118,True,largest primary-panel mean |offset| or residual SD under this scale variant vs largest primary-panel paired topology harm in E:\Programming\research_ws\medical1\exp\results\pivot\e1_topology_matched.csv
hrf_offset_gt_fives,own,mad1.4826,raw,HRF mean |offset| (sigma),FIVES mean |offset| (sigma),1.5397412335738112,0.24847092312111624,6.196866877752412,True,results/pivot/r2/r2_scale_sensitivity.csv (primary panel)
hrf_residsd_gt_fives,own,mad1.4826,raw,HRF mean residual SD (sigma),FIVES mean residual SD (sigma),1.4794699384807397,0.7787371701395821,1.899832183707832,True,results/pivot/r2/r2_scale_sensitivity.csv (primary panel)
offset_resid_axis_over_topology,own,mad1.4826,raw,largest primary-panel mean |offset| or residual SD over the four datasets (sigma) -- NOT an HRF-specific value,largest primary-panel paired topology harm |h_net| (sigma) -- NOT a FIVES-specific value,1.5397412335738112,0.0198386267940298,77.6132970068865,True,largest primary-panel mean |offset| or residual SD under this scale variant vs largest primary-panel paired topology harm in E:\Programming\research_ws\medical1\exp\results\pivot\e1_topology_matched.csv
hrf_offset_gt_fives,own,sd,fovnorm,HRF mean |offset| (sigma),FIVES mean |offset| (sigma),1.3807760950743821,0.22500017418881263,6.136777893850344,True,results/pivot/r2/r2_scale_sensitivity.csv (primary panel)
hrf_residsd_gt_fives,own,sd,fovnorm,HRF mean residual SD (sigma),FIVES mean residual SD (sigma),1.33742663380946,0.675270632287477,1.9805787040951741,True,results/pivot/r2/r2_scale_sensitivity.csv (primary panel)
offset_resid_axis_over_topology,own,sd,fovnorm,largest primary-panel mean |offset| or residual SD over the four datasets (sigma) -- NOT an HRF-specific value,largest primary-panel paired topology harm |h_net| (sigma) -- NOT a FIVES-specific value,1.3807760950743821,0.0198386267940298,69.6003866300822,True,largest primary-panel mean |offset| or residual SD under this scale variant vs largest primary-panel paired topology harm in E:\Programming\research_ws\medical1\exp\results\pivot\e1_topology_matched.csv
hrf_offset_gt_fives,own,sd,raw,HRF mean |offset| (sigma),FIVES mean |offset| (sigma),1.3807215564263395,0.2234942151398983,6.177884987144137,True,results/pivot/r2/r2_scale_sensitivity.csv (primary panel)
hrf_residsd_gt_fives,own,sd,raw,HRF mean residual SD (sigma),FIVES mean residual SD (sigma),1.3373872052470934,0.6735340663569731,1.9856266699036988,True,results/pivot/r2/r2_scale_sensitivity.csv (primary panel)
offset_resid_axis_over_topology,own,sd,raw,largest primary-panel mean |offset| or residual SD over the four datasets (sigma) -- NOT an HRF-specific value,largest primary-panel paired topology harm |h_net| (sigma) -- NOT a FIVES-specific value,1.3807215564263395,0.0198386267940298,69.59763751601253,True,largest primary-panel mean |offset| or residual SD under this scale variant vs largest primary-panel paired topology harm in E:\Programming\research_ws\medical1\exp\results\pivot\e1_topology_matched.csv
hrf_offset_gt_fives,pooled_naive,iqr1.349,fovnorm,HRF mean |offset| (sigma),FIVES mean |offset| (sigma),0.9291008768422132,0.21254118429762858,4.3713922076446226,True,results/pivot/r2/r2_scale_sensitivity.csv (primary panel)
hrf_residsd_gt_fives,pooled_naive,iqr1.349,fovnorm,HRF mean residual SD (sigma),FIVES mean residual SD (sigma),0.916054915594724,0.6334945584770271,1.4460343870940189,True,results/pivot/r2/r2_scale_sensitivity.csv (primary panel)
offset_resid_axis_over_topology,pooled_naive,iqr1.349,fovnorm,largest primary-panel mean |offset| or residual SD over the four datasets (sigma) -- NOT an HRF-specific value,largest primary-panel paired topology harm |h_net| (sigma) -- NOT a FIVES-specific value,1.6008526535791192,0.0198386267940298,80.69372291739855,True,largest primary-panel mean |offset| or residual SD under this scale variant vs largest primary-panel paired topology harm in E:\Programming\research_ws\medical1\exp\results\pivot\e1_topology_matched.csv
hrf_offset_gt_fives,pooled_naive,mad1.4826,fovnorm,HRF mean |offset| (sigma),FIVES mean |offset| (sigma),0.9328918236323496,0.21158670861292972,4.409028477015319,True,results/pivot/r2/r2_scale_sensitivity.csv (primary panel)
hrf_residsd_gt_fives,pooled_naive,mad1.4826,fovnorm,HRF mean residual SD (sigma),FIVES mean residual SD (sigma),0.92457746641633,0.6350000375483662,1.456027420070676,True,results/pivot/r2/r2_scale_sensitivity.csv (primary panel)
offset_resid_axis_over_topology,pooled_naive,mad1.4826,fovnorm,largest primary-panel mean |offset| or residual SD over the four datasets (sigma) -- NOT an HRF-specific value,largest primary-panel paired topology harm |h_net| (sigma) -- NOT a FIVES-specific value,1.6081304419140565,0.0198386267940298,81.0605723173342,True,largest primary-panel mean |offset| or residual SD under this scale variant vs largest primary-panel paired topology harm in E:\Programming\research_ws\medical1\exp\results\pivot\e1_topology_matched.csv
hrf_offset_gt_fives,pooled_naive,sd,fovnorm,HRF mean |offset| (sigma),FIVES mean |offset| (sigma),0.6641807282596237,0.14902001601130374,4.45699004762718,True,results/pivot/r2/r2_scale_sensitivity.csv (primary panel)
hrf_residsd_gt_fives,pooled_naive,sd,fovnorm,HRF mean residual SD (sigma),FIVES mean residual SD (sigma),0.6588843935541431,0.4427488750720189,1.4881672899721472,True,results/pivot/r2/r2_scale_sensitivity.csv (primary panel)
offset_resid_axis_over_topology,pooled_naive,sd,fovnorm,largest primary-panel mean |offset| or residual SD over the four datasets (sigma) -- NOT an HRF-specific value,largest primary-panel paired topology harm |h_net| (sigma) -- NOT a FIVES-specific value,1.1169277077586266,0.0198386267940298,56.30065625785918,True,largest primary-panel mean |offset| or residual SD under this scale variant vs largest primary-panel paired topology harm in E:\Programming\research_ws\medical1\exp\results\pivot\e1_topology_matched.csv
